symbol,pt_mean,pt_median,pt_high,pt_low,pt_count,rec_mean,last_update,recency_days,source
2S,,,,,,,,,yfinance.info/recommendations
88TH,,,,,,,,,yfinance.info/recommendations
A,,,,,,,,,yfinance.info/recommendations
A5,,,,,,,,,yfinance.info/recommendations
AAI,3.7,3.7,3.7,3.7,1.0,,1970-01-01,20668.0,yfinance.info/recommendations
AAV,1.11909,1.12,1.5,0.65,11.0,2.72727,1970-01-01,20668.0,yfinance.info/recommendations
ABM,,,,,,,,,yfinance.info/recommendations
ACC,,,,,,,,,yfinance.info/recommendations
ACE,,,,,,,,,yfinance.info/recommendations
ACG,,,,,,,,,yfinance.info/recommendations
ADB,,,,,,,,,yfinance.info/recommendations
ADD,,,,,,,,,yfinance.info/recommendations
ADVANC,401.57895,402.0,450.0,355.0,19.0,1.80952,1970-01-01,20668.0,yfinance.info/recommendations
ADVICE,7.75,7.55,8.5,7.2,6.0,,1970-01-01,20668.0,yfinance.info/recommendations
AE,,,,,,,,,yfinance.info/recommendations
AEONTS,115.8,121.5,136.0,70.0,10.0,,1970-01-01,20668.0,yfinance.info/recommendations
AF,,,,,,,,,yfinance.info/recommendations
AFC,,,,,,,,,yfinance.info/recommendations
AGE,,,,,,,,,yfinance.info/recommendations
AH,14.8,14.8,15.0,14.6,3.0,,1970-01-01,20668.0,yfinance.info/recommendations
AHC,,,,,,,,,yfinance.info/recommendations
AI,,,,,,,,,yfinance.info/recommendations
AIE,,,,,,,,,yfinance.info/recommendations
AIMCG,,,,,,,,,yfinance.info/recommendations
AIMIRT,12.2,12.2,12.2,12.2,1.0,,1970-01-01,20668.0,yfinance.info/recommendations
AIRA,,,,,,,,,yfinance.info/recommendations
AIT,,,,,,,,,yfinance.info/recommendations
AJ,,,,,,,,,yfinance.info/recommendations
AJA,,,,,,,,,yfinance.info/recommendations
AKP,,,,,,,,,yfinance.info/recommendations
AKR,,,,,,,,,yfinance.info/recommendations
AKS,,,,,,,,,yfinance.info/recommendations
ALLA,,,,,,,,,yfinance.info/recommendations
ALLY,5.0,5.0,5.0,5.0,1.0,,1970-01-01,20668.0,yfinance.info/recommendations
ALPHAX,,,,,,,,,yfinance.info/recommendations
ALT,,,,,,,,,yfinance.info/recommendations
ALUCON,,,,,,,,,yfinance.info/recommendations
AMA,,,,,,,,,yfinance.info/recommendations
AMANAH,0.64,0.64,0.64,0.64,1.0,,1970-01-01,20668.0,yfinance.info/recommendations
AMARC,3.7,3.7,3.7,3.7,1.0,4.0,1970-01-01,20668.0,yfinance.info/recommendations
AMARIN,,,,,,,,,yfinance.info/recommendations
AMATA,31.51071,35.0,38.75,19.0,14.0,1.86667,1970-01-01,20668.0,yfinance.info/recommendations
AMATAR,,,,,,,,,yfinance.info/recommendations
AMATAV,,,,,,,,,yfinance.info/recommendations
AMC,,,,,,,,,yfinance.info/recommendations
AMR,,,,,,,,,yfinance.info/recommendations
ANAN,,,,,,,,,yfinance.info/recommendations
ANI,,,,,,,,,yfinance.info/recommendations
AOT,64.02273,65.0,80.0,46.0,22.0,2.0,1970-01-01,20668.0,yfinance.info/recommendations
AP,9.78846,10.0,10.6,8.5,13.0,1.30769,1970-01-01,20668.0,yfinance.info/recommendations
APCO,,,,,,,,,yfinance.info/recommendations
APCS,,,,,,,,,yfinance.info/recommendations
APO,,,,,,,,,yfinance.info/recommendations
APP,,,,,,,,,yfinance.info/recommendations
APURE,,,,,,,,,yfinance.info/recommendations
AQUA,,,,,,,,,yfinance.info/recommendations
ARIN,,,,,,,,,yfinance.info/recommendations
ARIP,,,,,,,,,yfinance.info/recommendations
ARROW,,,,,,,,,yfinance.info/recommendations
AS,,,,,,,,,yfinance.info/recommendations
ASAP,,,,,,,,,yfinance.info/recommendations
ASEFA,,,,,,,,,yfinance.info/recommendations
ASIA,,,,,,,,,yfinance.info/recommendations
ASIAN,,,,,,,,,yfinance.info/recommendations
ASIMAR,,,,,,,,,yfinance.info/recommendations
ASK,13.25,13.0,14.0,12.75,3.0,,1970-01-01,20668.0,yfinance.info/recommendations
ASN,,,,,,,,,yfinance.info/recommendations
ASP,,,,,,,,,yfinance.info/recommendations
ASTR,,,,,,,,,yfinance.info/recommendations
ASW,7.96667,7.5,9.0,7.4,3.0,1.33333,1970-01-01,20668.0,yfinance.info/recommendations
ATLAS,,,,,,,,,yfinance.info/recommendations
ATP30,1.38,1.38,1.38,1.38,1.0,,1970-01-01,20668.0,yfinance.info/recommendations
AU,5.7,6.2,6.6,4.3,3.0,,1970-01-01,20668.0,yfinance.info/recommendations
AUCT,6.6,6.6,6.6,6.6,1.0,,,,yfinance.info/recommendations
AURA,18.5,18.2,19.8,17.5,3.0,1.0,1970-01-01,20668.0,yfinance.info/recommendations
AWC,2.46,2.385,3.4,1.9,12.0,2.33333,1970-01-01,20668.0,yfinance.info/recommendations
AXTRART,14.2,14.2,14.7,13.7,2.0,,1970-01-01,20668.0,yfinance.info/recommendations
AYUD,,,,,,,,,yfinance.info/recommendations
B,,,,,,,,,yfinance.info/recommendations
B-WORK,,,,,,,,,yfinance.info/recommendations
B52,,,,,,,,,yfinance.info/recommendations
BA,20.01111,21.1,24.3,11.7,9.0,1.55556,1970-01-01,20668.0,yfinance.info/recommendations
BAFS,14.0,14.0,14.0,14.0,1.0,,1970-01-01,20668.0,yfinance.info/recommendations
BAM,7.3125,7.1,9.0,5.7,8.0,3.0,1970-01-01,20668.0,yfinance.info/recommendations
BAREIT,,,,,,,,,yfinance.info/recommendations
BAY,43.83333,48.0,50.0,33.5,3.0,1.0,1970-01-01,20668.0,yfinance.info/recommendations
BBGI,5.8,5.8,5.8,5.8,1.0,,1970-01-01,20668.0,yfinance.info/recommendations
BBIK,26.38,25.5,28.6,24.3,5.0,,1970-01-01,20668.0,yfinance.info/recommendations
BBL,195.8,201.0,240.0,120.0,20.0,2.45,1970-01-01,20668.0,yfinance.info/recommendations
BC,,,,,,,,,yfinance.info/recommendations
BCH,11.4,11.15,14.0,8.3,14.0,2.13333,1970-01-01,20668.0,yfinance.info/recommendations
BCP,45.09091,43.0,61.0,38.0,11.0,1.45455,1970-01-01,20668.0,yfinance.info/recommendations
BCPG,8.75,8.7,11.0,6.85,7.0,1.71429,1970-01-01,20668.0,yfinance.info/recommendations
BCT,,,,,,,,,yfinance.info/recommendations
BDMS,24.97045,24.85,29.8,20.5,22.0,1.3913,1970-01-01,20668.0,yfinance.info/recommendations
BE8,5.68333,6.0,,,3.0,,1970-01-01,20668.0,yfinance.info/recommendations
BEAUTY,,,,,,,,,yfinance.info/recommendations
BEC,2.63667,2.34,4.0,1.57,3.0,,1970-01-01,20668.0,yfinance.info/recommendations
BEM,8.58333,8.6,10.5,7.2,12.0,1.08333,1970-01-01,20668.0,yfinance.info/recommendations
BEYOND,,,,,,,,,yfinance.info/recommendations
BGC,,,,,,,,,yfinance.info/recommendations
BGRIM,18.79286,18.85,25.0,14.8,14.0,1.86667,1970-01-01,20668.0,yfinance.info/recommendations
BGT,,,,,,,,,yfinance.info/recommendations
BH,205.63635,210.0,236.0,156.0,22.0,1.56522,1970-01-01,20668.0,yfinance.info/recommendations
BIG,,,,,,,,,yfinance.info/recommendations
BIOTEC,,,,,,,,,yfinance.info/recommendations
BIS,,,,,,,,,yfinance.info/recommendations
BIZ,,,,,,,,,yfinance.info/recommendations
BJC,16.2,16.1,20.0,12.0,14.0,2.375,1970-01-01,20668.0,yfinance.info/recommendations
BJCHI,,,,,,,,,yfinance.info/recommendations
BKA,,,,,,,,,yfinance.info/recommendations
BKD,,,,,,,1970-01-01,20668.0,yfinance.info/recommendations
BKGI,,,,,,,,,yfinance.info/recommendations
BKIH,,,,,,,,,yfinance.info/recommendations
BLA,29.1,29.1,29.1,29.1,1.0,,1970-01-01,20668.0,yfinance.info/recommendations
BLAND,,,,,,,,,yfinance.info/recommendations
BLC,,,,,,,,,yfinance.info/recommendations
BLESS,,,,,,,,,yfinance.info/recommendations
BLISS,,,,,,,,,yfinance.info/recommendations
BM,,,,,,,,,yfinance.info/recommendations
BOFFICE,,,,,,,,,yfinance.info/recommendations
BOL,,,,,,,,,yfinance.info/recommendations
BPS,,,,,,,,,yfinance.info/recommendations
BR,,,,,,,,,yfinance.info/recommendations
BRI,,,,,,,,,yfinance.info/recommendations
BROCK,,,,,,,,,yfinance.info/recommendations
BRR,,,,,,,,,yfinance.info/recommendations
BSBM,,,,,,,,,yfinance.info/recommendations
BSM,,,,,,,,,yfinance.info/recommendations
BTC,,,,,,,,,yfinance.info/recommendations
BTG,23.88125,23.9,26.0,21.2,8.0,2.125,1970-01-01,20668.0,yfinance.info/recommendations
BTNC,,,,,,,,,yfinance.info/recommendations
BTS,2.9,3.0,4.0,1.8,5.0,,1970-01-01,20668.0,yfinance.info/recommendations
BTW,,,,,,,,,yfinance.info/recommendations
BUI,,,,,,,,,yfinance.info/recommendations
BVG,,,,,,,,,yfinance.info/recommendations
BWG,,,,,,,,,yfinance.info/recommendations
BYD,,,,,,,,,yfinance.info/recommendations
CAZ,,,,,,,,,yfinance.info/recommendations
CBG,47.23214,48.0,60.0,32.0,14.0,2.0,1970-01-01,20668.0,yfinance.info/recommendations
CCET,8.64,8.5,9.5,7.5,5.0,,1970-01-01,20668.0,yfinance.info/recommendations
CCP,,,,,,,,,yfinance.info/recommendations
CEN,,,,,,,,,yfinance.info/recommendations
CENTEL,40.38472,41.5,45.0,31.0,18.0,1.55556,1970-01-01,20668.0,yfinance.info/recommendations
CEYE,,,,,,,,,yfinance.info/recommendations
CFARM,,,,,,,,,yfinance.info/recommendations
CFRESH,,,,,,,,,yfinance.info/recommendations
CGD,,,,,,,,,yfinance.info/recommendations
CGH,,,,,,,,,yfinance.info/recommendations
CH,,,,,,,,,yfinance.info/recommendations
CHAO,,,,,,,,,yfinance.info/recommendations
CHARAN,,,,,,,,,yfinance.info/recommendations
CHASE,,,,,,,,,yfinance.info/recommendations
CHAYO,1.15,1.15,1.15,1.15,1.0,,1970-01-01,20668.0,yfinance.info/recommendations
CHEWA,,,,,,,,,yfinance.info/recommendations
CHG,1.75818,1.8,2.02,1.3,11.0,2.09091,1970-01-01,20668.0,yfinance.info/recommendations
CHIC,,,,,,,,,yfinance.info/recommendations
CHO,,,,,,,,,yfinance.info/recommendations
CHOTI,,,,,,,,,yfinance.info/recommendations
CHOW,,,,,,,,,yfinance.info/recommendations
CI,,,,,,,,,yfinance.info/recommendations
CIG,,,,,,,,,yfinance.info/recommendations
CIMBT,,,,,,,,,yfinance.info/recommendations
CITY,,,,,,,,,yfinance.info/recommendations
CIVIL,,,,,,,,,yfinance.info/recommendations
CK,22.95,23.0,25.9,20.4,10.0,1.09091,1970-01-01,20668.0,yfinance.info/recommendations
CKP,3.19429,3.56,4.0,2.0,7.0,2.25,1970-01-01,20668.0,yfinance.info/recommendations
CM,,,,,,,,,yfinance.info/recommendations
CMAN,,,,,,,,,yfinance.info/recommendations
CMC,,,,,,,,,yfinance.info/recommendations
CMO,,,,,,,,,yfinance.info/recommendations
CMR,,,,,,,,,yfinance.info/recommendations
CNT,,,,,,,,,yfinance.info/recommendations
COCOCO,5.83333,6.2,6.9,4.4,3.0,2.5,1970-01-01,20668.0,yfinance.info/recommendations
COLOR,,,,,,,,,yfinance.info/recommendations
COM7,31.88889,32.5,35.0,29.0,9.0,,1970-01-01,20668.0,yfinance.info/recommendations
COMAN,,,,,,,,,yfinance.info/recommendations
CPALL,61.80545,62.0,69.0,45.0,22.0,1.21739,1970-01-01,20668.0,yfinance.info/recommendations
CPANEL,,,,,,,,,yfinance.info/recommendations
CPAXT,15.48333,15.8,18.5,12.0,18.0,3.16667,1970-01-01,20668.0,yfinance.info/recommendations
CPF,23.45,23.65,27.0,19.0,14.0,1.71429,1970-01-01,20668.0,yfinance.info/recommendations
CPH,,,,,,,,,yfinance.info/recommendations
CPI,,,,,,,,,yfinance.info/recommendations
CPL,,,,,,,,,yfinance.info/recommendations
CPN,73.78905,74.0,83.0,54.0,21.0,1.19048,1970-01-01,20668.0,yfinance.info/recommendations
CPNREIT,12.09,12.5,13.05,10.6,5.0,,1970-01-01,20668.0,yfinance.info/recommendations
CPR,,,,,,,,,yfinance.info/recommendations
CPT,,,,,,,,,yfinance.info/recommendations
CPW,,,,,,,,,yfinance.info/recommendations
CRANE,,,,,,,,,yfinance.info/recommendations
CRC,23.1675,24.0,27.5,19.0,20.0,1.9,1970-01-01,20668.0,yfinance.info/recommendations
CRD,,,,,,,,,yfinance.info/recommendations
CREDIT,27.5,27.5,29.0,26.0,2.0,1.0,1970-01-01,20668.0,yfinance.info/recommendations
CSC,,,,,,,,,yfinance.info/recommendations
CSP,,,,,,,,,yfinance.info/recommendations
CSR,,,,,,,,,yfinance.info/recommendations
CSS,,,,,,,,,yfinance.info/recommendations
CTW,,,,,,,,,yfinance.info/recommendations
CWT,,,,,,,,,yfinance.info/recommendations
D,3.92,3.92,3.92,3.92,1.0,,,,yfinance.info/recommendations
DCC,1.65,1.65,1.65,1.65,1.0,,1970-01-01,20668.0,yfinance.info/recommendations
DCON,,,,,,,,,yfinance.info/recommendations
DDD,,,,,,,,,yfinance.info/recommendations
DELTA,331.8421,330.0,450.0,244.0,19.0,2.73684,1970-01-01,20668.0,yfinance.info/recommendations
DEMCO,,,,,,,,,yfinance.info/recommendations
DEXON,,,,,,,,,yfinance.info/recommendations
DHOUSE,,,,,,,,,yfinance.info/recommendations
DIMET,,,,,,,,,yfinance.info/recommendations
DITTO,,,,,,,,,yfinance.info/recommendations
DMT,13.1,13.1,13.1,13.1,1.0,,1970-01-01,20668.0,yfinance.info/recommendations
DOD,,,,,,,,,yfinance.info/recommendations
DOHOME,3.95891,3.9,4.5,3.3,12.0,2.53846,1970-01-01,20668.0,yfinance.info/recommendations
DPAINT,,,,,,,,,yfinance.info/recommendations
DREIT,6.3,6.3,6.3,6.3,1.0,,,,yfinance.info/recommendations
DRT,,,,,,,,,yfinance.info/recommendations
DTCENT,,,,,,,,,yfinance.info/recommendations
DTCI,,,,,,,,,yfinance.info/recommendations
DUSIT,13.5,13.5,13.5,13.5,1.0,,1970-01-01,20668.0,yfinance.info/recommendations
EA,1.0,1.0,1.0,1.0,1.0,,1970-01-01,20668.0,yfinance.info/recommendations
EASON,,,,,,,,,yfinance.info/recommendations
EAST,,,,,,,,,yfinance.info/recommendations
EASTW,,,,,,,,,yfinance.info/recommendations
ECF,,,,,,,,,yfinance.info/recommendations
EFORL,,,,,,,,,yfinance.info/recommendations
EGCO,142.8,143.5,187.0,100.0,10.0,1.6,1970-01-01,20668.0,yfinance.info/recommendations
EKH,5.08333,5.4,5.65,4.2,3.0,,1970-01-01,20668.0,yfinance.info/recommendations
EMC,,,,,,,,,yfinance.info/recommendations
EMPIRE,,,,,,,,,yfinance.info/recommendations
EP,,,,,,,,,yfinance.info/recommendations
EPG,8.4125,8.35,8.8,8.15,4.0,1.0,1970-01-01,20668.0,yfinance.info/recommendations
ERW,3.55353,3.6,4.0,3.2,17.0,1.23529,1970-01-01,20668.0,yfinance.info/recommendations
ESTAR,,,,,,,,,yfinance.info/recommendations
ETC,,,,,,,,,yfinance.info/recommendations
ETE,,,,,,,,,yfinance.info/recommendations
ETL,,,,,,,,,yfinance.info/recommendations
EURO,,,,,,,,,yfinance.info/recommendations
EVER,,,,,,,,,yfinance.info/recommendations
FANCY,,,,,,,,,yfinance.info/recommendations
FE,,,,,,,,,yfinance.info/recommendations
FLOYD,,,,,,,,,yfinance.info/recommendations
FM,4.4,4.4,4.4,4.4,1.0,,1970-01-01,20668.0,yfinance.info/recommendations
FMT,,,,,,,,,yfinance.info/recommendations
FN,,,,,,,,,yfinance.info/recommendations
FNS,,,,,,,,,yfinance.info/recommendations
FORTH,21.3,21.3,21.3,21.3,1.0,1.0,1970-01-01,20668.0,yfinance.info/recommendations
FPI,,,,,,,,,yfinance.info/recommendations
FPT,,,,,,,,,yfinance.info/recommendations
FSMART,10.5,10.5,10.5,10.5,1.0,,1970-01-01,20668.0,yfinance.info/recommendations
FSX,,,,,,,,,yfinance.info/recommendations
FTE,,,,,,,,,yfinance.info/recommendations
FTI,,,,,,,,,yfinance.info/recommendations
FTREIT,13.5,13.5,13.5,13.5,1.0,2.0,1970-01-01,20668.0,yfinance.info/recommendations
FUTURERT,,,,,,,,,yfinance.info/recommendations
FVC,,,,,,,,,yfinance.info/recommendations
GABLE,4.2,4.2,4.2,4.2,1.0,,1970-01-01,20668.0,yfinance.info/recommendations
GAHREIT,,,,,,,,,yfinance.info/recommendations
GBX,,,,,,,,,yfinance.info/recommendations
GC,,,,,,,,,yfinance.info/recommendations
GCAP,,,,,,,,,yfinance.info/recommendations
GEL,,,,,,,,,yfinance.info/recommendations
GENCO,,,,,,,,,yfinance.info/recommendations
GFC,9.7,9.2,11.7,8.2,3.0,,1970-01-01,20668.0,yfinance.info/recommendations
GFPT,10.3,10.0,14.8,8.0,11.0,2.4,1970-01-01,20668.0,yfinance.info/recommendations
GGC,,,,,,,,,yfinance.info/recommendations
GJS,,,,,,,,,yfinance.info/recommendations
GLAND,,,,,,,,,yfinance.info/recommendations
GLOBAL,7.83571,8.0,9.0,6.2,14.0,1.8,1970-01-01,20668.0,yfinance.info/recommendations
GLORY,,,,,,,,,yfinance.info/recommendations
GPI,,,,,,,,,yfinance.info/recommendations
GPSC,53.5,56.0,65.0,35.0,15.0,2.0,1970-01-01,20668.0,yfinance.info/recommendations
GRAMMY,,,,,,,,,yfinance.info/recommendations
GRAND,,,,,,,,,yfinance.info/recommendations
GREEN,,,,,,,,,yfinance.info/recommendations
GROREIT,,,,,,,,,yfinance.info/recommendations
GSTEEL,,,,,,,,,yfinance.info/recommendations
GTB,,,,,,,,,yfinance.info/recommendations
GTV,,,,,,,,,yfinance.info/recommendations
GULF,76.09375,75.5,91.0,60.0,16.0,1.11765,1970-01-01,20668.0,yfinance.info/recommendations
GUNKUL,5.06667,5.2,8.7,2.4,6.0,,1970-01-01,20668.0,yfinance.info/recommendations
GVREIT,,,,,,,,,yfinance.info/recommendations
GYT,,,,,,,,,yfinance.info/recommendations
HANA,41.2625,42.75,52.0,24.0,16.0,1.9375,1970-01-01,20668.0,yfinance.info/recommendations
HANN,,,,,,,,,yfinance.info/recommendations
HARN,,,,,,,,,yfinance.info/recommendations
HENG,,,,,,,,,yfinance.info/recommendations
HFT,,,,,,,,,yfinance.info/recommendations
HL,,,,,,,,,yfinance.info/recommendations
HMPRO,7.134,7.0,10.0,5.2,20.0,2.71429,1970-01-01,20668.0,yfinance.info/recommendations
HPT,,,,,,,,,yfinance.info/recommendations
HTC,,,,,,,,,yfinance.info/recommendations
HTECH,,,,,,,,,yfinance.info/recommendations
HUMAN,8.4,8.4,8.4,8.4,1.0,1.0,1970-01-01,20668.0,yfinance.info/recommendations
HYDRO,,,,,,,,,yfinance.info/recommendations
HYDROGEN,,,,,,,,,yfinance.info/recommendations
I2,,,,,,,,,yfinance.info/recommendations
ICC,,,,,,,,,yfinance.info/recommendations
ICHI,15.45714,15.9,17.8,11.9,7.0,1.33333,1970-01-01,20668.0,yfinance.info/recommendations
ICN,,,,,,,,,yfinance.info/recommendations
IDG,,,,,,,,,yfinance.info/recommendations
IFS,,,,,,,,,yfinance.info/recommendations
IHL,,,,,,,,,yfinance.info/recommendations
IIG,,,,,,,,,yfinance.info/recommendations
III,5.5,5.5,5.5,5.5,2.0,1.0,1970-01-01,20668.0,yfinance.info/recommendations
ILINK,6.9,6.9,6.9,6.9,1.0,,1970-01-01,20668.0,yfinance.info/recommendations
ILM,14.6,14.6,15.0,14.2,2.0,3.5,1970-01-01,20668.0,yfinance.info/recommendations
IMH,,,,,,,,,yfinance.info/recommendations
IMPACT,12.2,12.2,12.2,12.2,1.0,3.0,1970-01-01,20668.0,yfinance.info/recommendations
IND,,,,,,,,,yfinance.info/recommendations
INET,5.85,5.85,5.85,5.85,1.0,,1970-01-01,20668.0,yfinance.info/recommendations
INETREIT,14.6,14.6,14.7,14.5,2.0,,1970-01-01,20668.0,yfinance.info/recommendations
INGRS,,,,,,,,,yfinance.info/recommendations
INOX,,,,,,,,,yfinance.info/recommendations
INSET,6.15,6.15,6.15,6.15,1.0,,1970-01-01,20668.0,yfinance.info/recommendations
INSURE,,,,,,,,,yfinance.info/recommendations
IP,,,,,,,,,yfinance.info/recommendations
IRC,,,,,,,,,yfinance.info/recommendations
IRCP,,,,,,,,,yfinance.info/recommendations
IROYAL,,,,,,,,,yfinance.info/recommendations
IRPC,1.75571,1.725,2.4,1.0,14.0,3.64286,1970-01-01,20668.0,yfinance.info/recommendations
ISSARA,,,,,,,,,yfinance.info/recommendations
IT,,,,,,,,,yfinance.info/recommendations
ITC,20.45333,20.5,25.0,14.7,15.0,1.2,1970-01-01,20668.0,yfinance.info/recommendations
ITD,0.54,0.54,0.54,0.54,1.0,,,,yfinance.info/recommendations
ITEL,1.39,1.39,1.48,1.3,2.0,,1970-01-01,20668.0,yfinance.info/recommendations
ITNS,,,,,,,,,yfinance.info/recommendations
ITTHI,,,,,,,,,yfinance.info/recommendations
IVF,,,,,,,,,yfinance.info/recommendations
IVL,26.36429,27.25,31.1,19.0,14.0,1.85714,1970-01-01,20668.0,yfinance.info/recommendations
J,,,,,,,,,yfinance.info/recommendations
JAK,,,,,,,,,yfinance.info/recommendations
JAS,,,,,,,,,yfinance.info/recommendations
JCK,,,,,,,,,yfinance.info/recommendations
JCT,,,,,,,,,yfinance.info/recommendations
JDF,,,,,,,,,yfinance.info/recommendations
JMART,,,,,,,,,yfinance.info/recommendations
JMT,10.73571,9.0,16.0,6.0,7.0,3.0,1970-01-01,20668.0,yfinance.info/recommendations
JPARK,4.7,4.7,4.7,4.7,1.0,,,,yfinance.info/recommendations
JR,,,,,,,,,yfinance.info/recommendations
JSP,,,,,,,,,yfinance.info/recommendations
JTS,,,,,,,,,yfinance.info/recommendations
JUBILE,,,,,,,1970-01-01,20668.0,yfinance.info/recommendations
K,,,,,,,,,yfinance.info/recommendations
KAMART,12.0,12.0,12.0,12.0,1.0,,,,yfinance.info/recommendations
KASET,,,,,,,,,yfinance.info/recommendations
KBANK,253.51,258.0,300.0,199.2,20.0,1.47619,1970-01-01,20668.0,yfinance.info/recommendations
KBS,,,,,,,,,yfinance.info/recommendations
KC,,,,,,,,,yfinance.info/recommendations
KCAR,,,,,,,,,yfinance.info/recommendations
KCC,,,,,,,,,yfinance.info/recommendations
KCE,37.95455,40.0,50.5,19.0,11.0,2.81818,1970-01-01,20668.0,yfinance.info/recommendations
KCG,12.425,12.35,13.0,12.0,4.0,,1970-01-01,20668.0,yfinance.info/recommendations
KCM,,,,,,,,,yfinance.info/recommendations
KDH,,,,,,,,,yfinance.info/recommendations
KGEN,,,,,,,,,yfinance.info/recommendations
KGI,,,,,,,,,yfinance.info/recommendations
KIAT,,,,,,,,,yfinance.info/recommendations
KISS,,,,,,,,,yfinance.info/recommendations
KJL,9.8,9.8,9.8,9.8,1.0,,1970-01-01,20668.0,yfinance.info/recommendations
KK,,,,,,,,,yfinance.info/recommendations
KKC,,,,,,,,,yfinance.info/recommendations
KKP,110.93333,120.0,135.0,56.0,15.0,1.93333,1970-01-01,20668.0,yfinance.info/recommendations
KLINIQ,30.5,30.5,33.0,28.0,2.0,2.0,1970-01-01,20668.0,yfinance.info/recommendations
KOOL,,,,,,,,,yfinance.info/recommendations
KPNREIT,,,,,,,,,yfinance.info/recommendations
KSL,,,,,,,,,yfinance.info/recommendations
KTB,44.645,46.0,55.0,26.1,20.0,1.65,1970-01-01,20668.0,yfinance.info/recommendations
KTBSTMR,,,,,,,,,yfinance.info/recommendations
KTC,41.71429,44.5,50.0,26.0,14.0,1.66667,1970-01-01,20668.0,yfinance.info/recommendations
KTIS,,,,,,,,,yfinance.info/recommendations
KTMS,,,,,,,,,yfinance.info/recommendations
KUMWEL,,,,,,,,,yfinance.info/recommendations
KUN,,,,,,,,,yfinance.info/recommendations
KWC,,,,,,,,,yfinance.info/recommendations
KWM,,,,,,,,,yfinance.info/recommendations
KYE,,,,,,,,,yfinance.info/recommendations
LALIN,,,,,,,,,yfinance.info/recommendations
LANNA,,,,,,,,,yfinance.info/recommendations
LDC,,,,,,,,,yfinance.info/recommendations
LEE,,,,,,,,,yfinance.info/recommendations
LEO,,,,,,,,,yfinance.info/recommendations
LH,3.70769,3.7,4.5,3.2,13.0,3.35714,1970-01-01,20668.0,yfinance.info/recommendations
LHFG,,,,,,,,,yfinance.info/recommendations
LHHOTEL,15.5,15.5,15.5,15.5,1.0,2.0,1970-01-01,20668.0,yfinance.info/recommendations
LHK,,,,,,,,,yfinance.info/recommendations
LHRREIT,,,,,,,,,yfinance.info/recommendations
LHSC,16.5,16.5,16.5,16.5,1.0,2.0,1970-01-01,20668.0,yfinance.info/recommendations
LIT,,,,,,,,,yfinance.info/recommendations
LOXLEY,,,,,,,,,yfinance.info/recommendations
LPH,,,,,,,,,yfinance.info/recommendations
LPN,1.635,1.37,2.5,1.3,4.0,,1970-01-01,20668.0,yfinance.info/recommendations
LRH,,,,,,,,,yfinance.info/recommendations
LST,,,,,,,,,yfinance.info/recommendations
LTMH,,,,,,,,,yfinance.info/recommendations
LTS,,,,,,,,,yfinance.info/recommendations
M,23.25,23.25,23.5,23.0,2.0,3.0,1970-01-01,20668.0,yfinance.info/recommendations
M-CHAI,,,,,,,,,yfinance.info/recommendations
MADAME,,,,,,,,,yfinance.info/recommendations
MAGURO,26.1,25.5,30.0,23.5,6.0,1.0,1970-01-01,20668.0,yfinance.info/recommendations
MAJOR,7.81,7.85,8.8,6.5,5.0,2.42857,1970-01-01,20668.0,yfinance.info/recommendations
MALEE,4.2,4.2,4.3,4.1,2.0,,1970-01-01,20668.0,yfinance.info/recommendations
MANRIN,,,,,,,,,yfinance.info/recommendations
MASTEC,,,,,,,,,yfinance.info/recommendations
MASTER,9.1,9.1,9.5,8.7,3.0,3.0,1970-01-01,20668.0,yfinance.info/recommendations
MATCH,,,,,,,,,yfinance.info/recommendations
MATI,,,,,,,,,yfinance.info/recommendations
MBAX,,,,,,,,,yfinance.info/recommendations
MBK,,,,,,,,,yfinance.info/recommendations
MC,12.2,12.2,13.3,11.1,2.0,,1970-01-01,20668.0,yfinance.info/recommendations
MCA,,,,,,,,,yfinance.info/recommendations
MCOT,,,,,,,,,yfinance.info/recommendations
MCS,,,,,,,,,yfinance.info/recommendations
MDX,,,,,,,,,yfinance.info/recommendations
MEB,17.5,17.5,23.0,12.0,2.0,,1970-01-01,20668.0,yfinance.info/recommendations
MEDEZE,7.9,7.9,7.9,7.9,1.0,,1970-01-01,20668.0,yfinance.info/recommendations
MEGA,41.71429,43.0,46.0,35.0,7.0,1.71429,1970-01-01,20668.0,yfinance.info/recommendations
MENA,,,,,,,,,yfinance.info/recommendations
META,,,,,,,,,yfinance.info/recommendations
METCO,,,,,,,,,yfinance.info/recommendations
MFC,,,,,,,,,yfinance.info/recommendations
MFEC,,,,,,,,,yfinance.info/recommendations
MGC,20.2,20.2,20.2,20.2,1.0,,1970-01-01,20668.0,yfinance.info/recommendations
MGI,,,,,,,,,yfinance.info/recommendations
MGT,2.5,2.5,2.5,2.5,1.0,,,,yfinance.info/recommendations
MICRO,2.0,2.0,2.0,2.0,1.0,1.0,1970-01-01,20668.0,yfinance.info/recommendations
MIDA,,,,,,,,,yfinance.info/recommendations
MII,,,,,,,,,yfinance.info/recommendations
MILL,,,,,,,,,yfinance.info/recommendations
MINT,31.27778,32.0,36.0,24.0,18.0,1.25,1970-01-01,20668.0,yfinance.info/recommendations
MIPF,,,,,,,,,yfinance.info/recommendations
MITSIB,,,,,,,,,yfinance.info/recommendations
MJD,,,,,,,,,yfinance.info/recommendations
MK,,,,,,,,,yfinance.info/recommendations
ML,,,,,,,,,yfinance.info/recommendations
MMM,,,,,,,,,yfinance.info/recommendations
MNIT,,,,,,,,,yfinance.info/recommendations
MODERN,,,,,,,,,yfinance.info/recommendations
MONO,,,,,,,,,yfinance.info/recommendations
MOONG,,,,,,,,,yfinance.info/recommendations
MORE,,,,,,,,,yfinance.info/recommendations
MOSHI,48.97727,48.0,55.0,44.5,11.0,1.08333,1970-01-01,20668.0,yfinance.info/recommendations
MOTHER,,,,,,,,,yfinance.info/recommendations
MPJ,,,,,,,,,yfinance.info/recommendations
MRDIYT,10.83077,10.6,12.2,10.0,13.0,1.69231,1970-01-01,20668.0,yfinance.info/recommendations
MSC,,,,,,,,,yfinance.info/recommendations
MST,,,,,,,,,yfinance.info/recommendations
MTC,42.84375,41.0,58.0,34.0,16.0,1.25,1970-01-01,20668.0,yfinance.info/recommendations
MTI,,,,,,,,,yfinance.info/recommendations
MTW,,,,,,,,,yfinance.info/recommendations
MUD,,,,,,,,,yfinance.info/recommendations
MVP,,,,,,,,,yfinance.info/recommendations
NAM,,,,,,,,,yfinance.info/recommendations
NAT,,,,,,,,,yfinance.info/recommendations
NATION,,,,,,,,,yfinance.info/recommendations
NC,,,,,,,,,yfinance.info/recommendations
NCAP,6.0,6.0,6.0,6.0,1.0,1.0,1970-01-01,20668.0,yfinance.info/recommendations
NCH,,,,,,,,,yfinance.info/recommendations
NCL,,,,,,,,,yfinance.info/recommendations
NCP,,,,,,,,,yfinance.info/recommendations
NDR,,,,,,,,,yfinance.info/recommendations
NEO,24.175,23.75,27.0,22.2,4.0,,1970-01-01,20668.0,yfinance.info/recommendations
NEP,,,,,,,,,yfinance.info/recommendations
NER,5.65,5.2,7.4,4.8,4.0,,1970-01-01,20668.0,yfinance.info/recommendations
NETBAY,8.2,8.2,8.2,8.2,1.0,,1970-01-01,20668.0,yfinance.info/recommendations
NEW,,,,,,,,,yfinance.info/recommendations
NEX,,,,,,,,,yfinance.info/recommendations
NFC,,,,,,,,,yfinance.info/recommendations
NKI,,,,,,,,,yfinance.info/recommendations
NKT,4.7,4.7,4.7,4.7,1.0,,1970-01-01,20668.0,yfinance.info/recommendations
NL,,,,,,,,,yfinance.info/recommendations
NNCL,,,,,,,,,yfinance.info/recommendations
NOBLE,,,,,,,,,yfinance.info/recommendations
NOVA,,,,,,,,,yfinance.info/recommendations
NPK,,,,,,,,,yfinance.info/recommendations
NRF,,,,,,,,,yfinance.info/recommendations
NSL,28.625,28.5,32.0,25.5,4.0,,1970-01-01,20668.0,yfinance.info/recommendations
NTF,,,,,,,,,yfinance.info/recommendations
NTSC,,,,,,,,,yfinance.info/recommendations
NTV,,,,,,,,,yfinance.info/recommendations
NUT,,,,,,,,,yfinance.info/recommendations
NV,,,,,,,,,yfinance.info/recommendations
NVD,,,,,,,,,yfinance.info/recommendations
NWR,,,,,,,,,yfinance.info/recommendations
NYT,,,,,,,,,yfinance.info/recommendations
OCC,,,,,,,,,yfinance.info/recommendations
OGC,,,,,,,,,yfinance.info/recommendations
OHTL,,,,,,,,,yfinance.info/recommendations
OKJ,4.2318673,4.2318673,6.321067,2.1426678,2.0,,,,yfinance.info/recommendations
ONEE,3.17,3.15,4.1,2.4,5.0,,1970-01-01,20668.0,yfinance.info/recommendations
ONSENS,3.0,3.0,3.0,3.0,1.0,,,,yfinance.info/recommendations
OR,14.18,14.2,17.3,10.0,15.0,2.1875,1970-01-01,20668.0,yfinance.info/recommendations
ORI,2.045,2.06,2.26,1.8,4.0,,1970-01-01,20668.0,yfinance.info/recommendations
ORN,1.0,1.0,1.0,1.0,1.0,,,,yfinance.info/recommendations
OSP,19.15789,19.0,22.0,16.0,19.0,1.84211,1970-01-01,20668.0,yfinance.info/recommendations
PACO,,,,,,,,,yfinance.info/recommendations
PAF,,,,,,,,,yfinance.info/recommendations
PANEL,,,,,,,,,yfinance.info/recommendations
PAP,,,,,,,,,yfinance.info/recommendations
PATO,,,,,,,,,yfinance.info/recommendations
PB,,,,,,,,,yfinance.info/recommendations
PCC,,,,,,,,,yfinance.info/recommendations
PCE,2.6,2.6,2.6,2.6,1.0,,1970-01-01,20668.0,yfinance.info/recommendations
PCSGH,,,,,,,,,yfinance.info/recommendations
PDG,,,,,,,,,yfinance.info/recommendations
PDJ,,,,,,,,,yfinance.info/recommendations
PEACE,,,,,,,,,yfinance.info/recommendations
PEER,,,,,,,,,yfinance.info/recommendations
PERM,,,,,,,,,yfinance.info/recommendations
PF,,,,,,,,,yfinance.info/recommendations
PG,,,,,,,,,yfinance.info/recommendations
PHG,,,,,,,,,yfinance.info/recommendations
PHOL,,,,,,,,,yfinance.info/recommendations
PICO,,,,,,,,,yfinance.info/recommendations
PIMO,,,,,,,,,yfinance.info/recommendations
PIN,5.6,5.6,5.6,5.6,2.0,1.0,1970-01-01,20668.0,yfinance.info/recommendations
PIS,7.1,7.1,7.1,7.1,1.0,0.0,1970-01-01,20668.0,yfinance.info/recommendations
PJW,,,,,,,,,yfinance.info/recommendations
PK,,,,,,,,,yfinance.info/recommendations
PL,,,,,,,,,yfinance.info/recommendations
PLANB,6.44,6.5,7.3,5.5,9.0,1.0,1970-01-01,20668.0,yfinance.info/recommendations
PLANET,,,,,,,,,yfinance.info/recommendations
PLAT,,,,,,,,,yfinance.info/recommendations
PLE,,,,,,,,,yfinance.info/recommendations
PLT,,,,,,,,,yfinance.info/recommendations
PLUS,6.4,6.4,6.4,6.4,1.0,,,,yfinance.info/recommendations
PM,,,,,,,,,yfinance.info/recommendations
PMC,,,,,,,,,yfinance.info/recommendations
PMTA,,,,,,,,,yfinance.info/recommendations
POLY,,,,,,,,,yfinance.info/recommendations
PORT,,,,,,,,,yfinance.info/recommendations
POWER,,,,,,,,,yfinance.info/recommendations
PPM,,,,,,,,,yfinance.info/recommendations
PPP,,,,,,,,,yfinance.info/recommendations
PPPM,,,,,,,,,yfinance.info/recommendations
PPS,,,,,,,,,yfinance.info/recommendations
PQS,,,,,,,,,yfinance.info/recommendations
PR9,22.79286,22.75,27.0,20.0,14.0,1.14286,1970-01-01,20668.0,yfinance.info/recommendations
PRAKIT,,,,,,,,,yfinance.info/recommendations
PRAPAT,,,,,,,,,yfinance.info/recommendations
PREB,,,,,,,,,yfinance.info/recommendations
PRECHA,,,,,,,,,yfinance.info/recommendations
PRG,,,,,,,,,yfinance.info/recommendations
PRI,,,,,,,,,yfinance.info/recommendations
PRIME,,,,,,,,,yfinance.info/recommendations
PRIN,,,,,,,,,yfinance.info/recommendations
PRINC,,,,,,,,,yfinance.info/recommendations
PRM,11.08,11.5,12.0,9.4,5.0,1.2,1970-01-01,20668.0,yfinance.info/recommendations
PROEN,,,,,,,,,yfinance.info/recommendations
PROS,,,,,,,,,yfinance.info/recommendations
PROSPECT,9.8,9.8,9.8,9.8,1.0,,1970-01-01,20668.0,yfinance.info/recommendations
PROUD,,,,,,,,,yfinance.info/recommendations
PRTR,,,,,,,,,yfinance.info/recommendations
PSGC,,,,,,,,,yfinance.info/recommendations
PSH,3.152,3.0,3.98,2.78,5.0,,1970-01-01,20668.0,yfinance.info/recommendations
PSL,6.93333,6.8,7.5,6.5,3.0,2.33333,1970-01-01,20668.0,yfinance.info/recommendations
PSP,9.0,9.0,9.0,9.0,1.0,,1970-01-01,20668.0,yfinance.info/recommendations
PT,,,,,,,,,yfinance.info/recommendations
PTC,,,,,,,,,yfinance.info/recommendations
PTG,9.175,9.5,10.5,7.1,8.0,1.75,1970-01-01,20668.0,yfinance.info/recommendations
PTL,,,,,,,,,yfinance.info/recommendations
PTT,39.62105,40.0,45.0,35.0,19.0,1.52632,1970-01-01,20668.0,yfinance.info/recommendations
PTTEP,164.22726,165.0,193.0,111.0,22.0,1.90909,1970-01-01,20668.0,yfinance.info/recommendations
PTTGC,38.29474,42.0,46.0,16.0,19.0,2.26316,1970-01-01,20668.0,yfinance.info/recommendations
PYLON,,,,,,,,,yfinance.info/recommendations
Q-CON,,,,,,,,,yfinance.info/recommendations
QDC,,,,,,,,,yfinance.info/recommendations
QH,1.35,1.41,1.5,1.1,7.0,,1970-01-01,20668.0,yfinance.info/recommendations
QHBREIT,,,,,,,,,yfinance.info/recommendations
QHHRREIT,,,,,,,,,yfinance.info/recommendations
QHOP,,,,,,,,,yfinance.info/recommendations
QLT,,,,,,,,,yfinance.info/recommendations
QTC,,,,,,,,,yfinance.info/recommendations
QTCG,,,,,,,,,yfinance.info/recommendations
RABBIT,,,,,,,,,yfinance.info/recommendations
RAM,18.1,18.1,18.7,17.5,2.0,,1970-01-01,20668.0,yfinance.info/recommendations
RATCH,38.47778,37.0,45.0,32.0,9.0,1.33333,1970-01-01,20668.0,yfinance.info/recommendations
RBF,4.63333,5.1,6.0,2.8,3.0,2.33333,1970-01-01,20668.0,yfinance.info/recommendations
RCL,,,,,,,1970-01-01,20668.0,yfinance.info/recommendations
READY,,,,,,,,,yfinance.info/recommendations
RICHY,,,,,,,,,yfinance.info/recommendations
RJH,15.67,15.67,15.67,15.67,1.0,,1970-01-01,20668.0,yfinance.info/recommendations
RML,,,,,,,,,yfinance.info/recommendations
ROCK,,,,,,,,,yfinance.info/recommendations
ROCTEC,0.835,0.835,0.835,0.835,1.0,,,,yfinance.info/recommendations
ROH,,,,,,,,,yfinance.info/recommendations
ROJNA,,,,,,,1970-01-01,20668.0,yfinance.info/recommendations
RP,,,,,,,,,yfinance.info/recommendations
RPC,,,,,,,,,yfinance.info/recommendations
RPH,,,,,,,,,yfinance.info/recommendations
RS,,,,,,,,,yfinance.info/recommendations
RSP,,,,,,,,,yfinance.info/recommendations
RT,,,,,,,,,yfinance.info/recommendations
RWI,,,,,,,,,yfinance.info/recommendations
S,,,,,,,,,yfinance.info/recommendations
S11,,,,,,,,,yfinance.info/recommendations
SA,,,,,,,,,yfinance.info/recommendations
SAAM,,,,,,,,,yfinance.info/recommendations
SABINA,16.73333,17.6,18.2,14.4,3.0,,1970-01-01,20668.0,yfinance.info/recommendations
SAF,,,,,,,,,yfinance.info/recommendations
SAFE,7.425,7.425,7.6,7.25,2.0,1.66667,1970-01-01,20668.0,yfinance.info/recommendations
SAK,3.72333,3.53,4.6,3.04,3.0,,1970-01-01,20668.0,yfinance.info/recommendations
SALEE,,,,,,,,,yfinance.info/recommendations
SAM,,,,,,,,,yfinance.info/recommendations
SAMART,8.7,8.7,8.7,8.7,1.0,,1970-01-01,20668.0,yfinance.info/recommendations
SAMCO,,,,,,,,,yfinance.info/recommendations
SAMTEL,,,,,,,,,yfinance.info/recommendations
SANKO,,,,,,,,,yfinance.info/recommendations
SAPPE,32.5625,31.5,39.5,26.0,8.0,2.66667,1970-01-01,20668.0,yfinance.info/recommendations
SAT,15.85,15.75,17.7,14.2,4.0,,1970-01-01,20668.0,yfinance.info/recommendations
SAUCE,,,,,,,,,yfinance.info/recommendations
SAV,16.13333,16.0,17.9,14.5,3.0,,1970-01-01,20668.0,yfinance.info/recommendations
SAWAD,30.26562,30.125,36.0,22.0,16.0,1.625,1970-01-01,20668.0,yfinance.info/recommendations
SAWANG,,,,,,,,,yfinance.info/recommendations
SC,2.2575,2.225,2.6,1.95,8.0,1.25,1970-01-01,20668.0,yfinance.info/recommendations
SCAP,,,,,,,,,yfinance.info/recommendations
SCB,156.05,154.5,190.0,136.0,20.0,2.80952,1970-01-01,20668.0,yfinance.info/recommendations
SCC,240.25,222.0,332.0,162.0,20.0,2.8,1970-01-01,20668.0,yfinance.info/recommendations
SCCC,179.5,179.5,185.0,174.0,2.0,1.0,1970-01-01,20668.0,yfinance.info/recommendations
SCG,,,,,,,,,yfinance.info/recommendations
SCGD,5.6,5.6,6.0,5.2,2.0,2.0,1970-01-01,20668.0,yfinance.info/recommendations
SCGP,33.01278,35.0,39.0,18.9,18.0,1.72222,1970-01-01,20668.0,yfinance.info/recommendations
SCI,,,,,,,,,yfinance.info/recommendations
SCL,,,,,,,,,yfinance.info/recommendations
SCM,,,,,,,,,yfinance.info/recommendations
SCN,,,,,,,,,yfinance.info/recommendations
SCP,,,,,,,,,yfinance.info/recommendations
SDC,,,,,,,,,yfinance.info/recommendations
SE,,,,,,,,,yfinance.info/recommendations
SE-ED,,,,,,,,,yfinance.info/recommendations
SEAFCO,2.8,2.8,2.8,2.8,1.0,,1970-01-01,20668.0,yfinance.info/recommendations
SEAOIL,,,,,,,,,yfinance.info/recommendations
SECURE,22.2,22.2,22.2,22.2,1.0,,1970-01-01,20668.0,yfinance.info/recommendations
SEI,,,,,,,,,yfinance.info/recommendations
SELIC,,,,,,,,,yfinance.info/recommendations
SENA,,,,,,,,,yfinance.info/recommendations
SENX,,,,,,,,,yfinance.info/recommendations
SFLEX,3.8,3.8,3.8,3.8,1.0,,1970-01-01,20668.0,yfinance.info/recommendations
SFT,,,,,,,,,yfinance.info/recommendations
SGC,,,,,,,,,yfinance.info/recommendations
SGF,,,,,,,,,yfinance.info/recommendations
SGP,,,,,,,,,yfinance.info/recommendations
SHANG,,,,,,,,,yfinance.info/recommendations
SHR,2.25,2.3,2.6,1.8,4.0,1.4,1970-01-01,20668.0,yfinance.info/recommendations
SIAM,,,,,,,,,yfinance.info/recommendations
SICT,,,,,,,,,yfinance.info/recommendations
SIMAT,,,,,,,,,yfinance.info/recommendations
SINGER,10.15,10.15,13.5,6.8,2.0,,1970-01-01,20668.0,yfinance.info/recommendations
SINO,,,,,,,,,yfinance.info/recommendations
SIRI,1.68083,1.65,2.0,1.52,12.0,1.30769,1970-01-01,20668.0,yfinance.info/recommendations
SIRIPRT,,,,,,,,,yfinance.info/recommendations
SIS,24.0,24.0,24.0,24.0,1.0,,1970-01-01,20668.0,yfinance.info/recommendations
SISB,13.05,13.25,15.0,10.5,6.0,1.57143,1970-01-01,20668.0,yfinance.info/recommendations
SITHAI,,,,,,,,,yfinance.info/recommendations
SJWD,12.01429,12.0,13.4,10.0,7.0,1.0,1970-01-01,20668.0,yfinance.info/recommendations
SK,,,,,,,,,yfinance.info/recommendations
SKE,,,,,,,,,yfinance.info/recommendations
SKIN,,,,,,,,,yfinance.info/recommendations
SKN,,,,,,,,,yfinance.info/recommendations
SKR,,,,,,,,,yfinance.info/recommendations
SKY,21.525,21.525,25.75,17.3,2.0,3.0,1970-01-01,20668.0,yfinance.info/recommendations
SLP,,,,,,,,,yfinance.info/recommendations
SMART,,,,,,,,,yfinance.info/recommendations
SMD100,,,,,,,,,yfinance.info/recommendations
SMIT,,,,,,,,,yfinance.info/recommendations
SMO,,,,,,,,,yfinance.info/recommendations
SMPC,,,,,,,,,yfinance.info/recommendations
SMT,,,,,,,,,yfinance.info/recommendations
SNC,,,,,,,,,yfinance.info/recommendations
SNNP,7.2,7.2,8.0,6.4,3.0,2.8,1970-01-01,20668.0,yfinance.info/recommendations
SNP,,,,,,,,,yfinance.info/recommendations
SNPS,5.0,5.0,5.0,5.0,1.0,2.0,1970-01-01,20668.0,yfinance.info/recommendations
SO,,,,,,,,,yfinance.info/recommendations
SOLAR,,,,,,,,,yfinance.info/recommendations
SONIC,,,,,,,,,yfinance.info/recommendations
SORKON,,,,,,,,,yfinance.info/recommendations
SPA,4.05,4.15,4.5,3.0,6.0,,1970-01-01,20668.0,yfinance.info/recommendations
SPACK,,,,,,,,,yfinance.info/recommendations
SPALI,17.26429,17.25,19.0,15.6,14.0,2.28571,1970-01-01,20668.0,yfinance.info/recommendations
SPC,,,,,,,,,yfinance.info/recommendations
SPCG,,,,,,,,,yfinance.info/recommendations
SPG,,,,,,,,,yfinance.info/recommendations
SPI,,,,,,,,,yfinance.info/recommendations
SPRC,10.13571,10.0,12.9,6.7,14.0,1.28571,1970-01-01,20668.0,yfinance.info/recommendations
SPREME,,,,,,,,,yfinance.info/recommendations
SPRIME,,,,,,,,,yfinance.info/recommendations
SPTX,,,,,,,,,yfinance.info/recommendations
SPVI,,,,,,,,,yfinance.info/recommendations
SQ,,,,,,,,,yfinance.info/recommendations
SR,,,,,,,,,yfinance.info/recommendations
SRICHA,,,,,,,,,yfinance.info/recommendations
SRIPANWA,,,,,,,,,yfinance.info/recommendations
SRS,,,,,,,,,yfinance.info/recommendations
SSF,,,,,,,,,yfinance.info/recommendations
SSP,4.8,4.8,4.8,4.8,1.0,,1970-01-01,20668.0,yfinance.info/recommendations
SSSC,,,,,,,,,yfinance.info/recommendations
SST,,,,,,,,,yfinance.info/recommendations
SSTRT,,,,,,,,,yfinance.info/recommendations
STA,21.575,21.0,25.5,18.8,4.0,,1970-01-01,20668.0,yfinance.info/recommendations
STANLY,246.175,244.0,266.7,230.0,4.0,3.0,1970-01-01,20668.0,yfinance.info/recommendations
STARM,,,,,,,,,yfinance.info/recommendations
STC,,,,,,,,,yfinance.info/recommendations
STECH,,,,,,,,,yfinance.info/recommendations
STECON,16.94167,18.0,21.1,10.7,12.0,,1970-01-01,20668.0,yfinance.info/recommendations
STELLA,,,,,,,,,yfinance.info/recommendations
STGT,12.36667,11.9,14.0,11.2,3.0,,1970-01-01,20668.0,yfinance.info/recommendations
STI,,,,,,,,,yfinance.info/recommendations
STOWER,,,,,,,,,yfinance.info/recommendations
STP,,,,,,,,,yfinance.info/recommendations
STPI,,,,,,,,,yfinance.info/recommendations
STX,,,,,,,,,yfinance.info/recommendations
SUC,,,,,,,,,yfinance.info/recommendations
SUN,,,,,,,,,yfinance.info/recommendations
SUPER,,,,,,,,,yfinance.info/recommendations
SUSCO,3.1,3.1,3.1,3.1,1.0,,1970-01-01,20668.0,yfinance.info/recommendations
SUTHA,,,,,,,,,yfinance.info/recommendations
SVOA,,,,,,,,,yfinance.info/recommendations
SVR,,,,,,,,,yfinance.info/recommendations
SVT,,,,,,,,,yfinance.info/recommendations
SWC,,,,,,,,,yfinance.info/recommendations
SYMC,7.4,7.4,7.4,7.4,1.0,,1970-01-01,20668.0,yfinance.info/recommendations
SYNEX,11.42,11.0,12.6,10.2,5.0,,1970-01-01,20668.0,yfinance.info/recommendations
SYNTEC,,,,,,,,,yfinance.info/recommendations
TACC,6.825,6.7,7.4,6.5,4.0,,1970-01-01,20668.0,yfinance.info/recommendations
TAE,,,,,,,,,yfinance.info/recommendations
TAKUNI,,,,,,,,,yfinance.info/recommendations
TAN,,,,,,,,,yfinance.info/recommendations
TASCO,16.32,16.5,18.0,14.4,5.0,,1970-01-01,20668.0,yfinance.info/recommendations
TATG,,,,,,,,,yfinance.info/recommendations
TBN,,,,,,,,,yfinance.info/recommendations
TBSP,,,,,,,,,yfinance.info/recommendations
TC,,,,,,,,,yfinance.info/recommendations
TCAP,68.4,61.0,85.0,54.0,5.0,1.8,1970-01-01,20668.0,yfinance.info/recommendations
TCC,,,,,,,,,yfinance.info/recommendations
TCJ,,,,,,,,,yfinance.info/recommendations
TCMC,,,,,,,,,yfinance.info/recommendations
TCOAT,,,,,,,,,yfinance.info/recommendations
TEAM,,,,,,,,,yfinance.info/recommendations
TEAMG,,,,,,,,,yfinance.info/recommendations
TEGH,4.0,4.0,4.0,4.0,1.0,,1970-01-01,20668.0,yfinance.info/recommendations
TEKA,,,,,,,,,yfinance.info/recommendations
TERA,,,,,,,,,yfinance.info/recommendations
TFG,11.02,11.75,12.4,5.9,10.0,1.3,1970-01-01,20668.0,yfinance.info/recommendations
TFI,,,,,,,,,yfinance.info/recommendations
TFM,6.7,6.7,6.7,6.7,1.0,,1970-01-01,20668.0,yfinance.info/recommendations
TFMAMA,,,,,,,,,yfinance.info/recommendations
TGE,,,,,,,,,yfinance.info/recommendations
TGH,,,,,,,,,yfinance.info/recommendations
TGPRO,,,,,,,,,yfinance.info/recommendations
TH,,,,,,,,,yfinance.info/recommendations
THAI,7.83,7.8,12.0,5.5,15.0,2.13333,1970-01-01,20668.0,yfinance.info/recommendations
THANA,,,,,,,,,yfinance.info/recommendations
THANI,2.5775,2.6,2.75,2.36,4.0,1.0,1970-01-01,20668.0,yfinance.info/recommendations
THCOM,12.3625,12.725,14.5,9.5,4.0,,1970-01-01,20668.0,yfinance.info/recommendations
THE,,,,,,,,,yfinance.info/recommendations
THG,8.75,8.75,10.3,7.2,2.0,,,,yfinance.info/recommendations
THIP,,,,,,,,,yfinance.info/recommendations
THMUI,,,,,,,,,yfinance.info/recommendations
THRE,,,,,,,,,yfinance.info/recommendations
THREL,,,,,,,,,yfinance.info/recommendations
TIDLOR,23.2,23.0,27.5,20.0,15.0,1.3125,1970-01-01,20668.0,yfinance.info/recommendations
TIF1,,,,,,,,,yfinance.info/recommendations
TIGER,,,,,,,,,yfinance.info/recommendations
TIPCO,,,,,,,,,yfinance.info/recommendations
TIPH,,,,,,,,,yfinance.info/recommendations
TISCO,116.13333,119.0,138.0,89.0,15.0,3.375,1970-01-01,20668.0,yfinance.info/recommendations
TITLE,12.5,12.5,12.5,12.5,1.0,,1970-01-01,20668.0,yfinance.info/recommendations
TK,,,,,,,,,yfinance.info/recommendations
TKC,,,,,,,,,yfinance.info/recommendations
TKN,7.33333,4.5,13.5,4.0,3.0,,1970-01-01,20668.0,yfinance.info/recommendations
TKS,,,,,,,,,yfinance.info/recommendations
TKT,,,,,,,,,yfinance.info/recommendations
TL,,,,,,,,,yfinance.info/recommendations
TLHPF,,,,,,,,,yfinance.info/recommendations
TLI,15.9,15.0,19.0,13.8,5.0,,1970-01-01,20668.0,yfinance.info/recommendations
TM,,,,,,,,,yfinance.info/recommendations
TMAN,17.4,17.4,17.4,17.4,1.0,,1970-01-01,20668.0,yfinance.info/recommendations
TMC,,,,,,,,,yfinance.info/recommendations
TMD,,,,,,,,,yfinance.info/recommendations
TMI,,,,,,,,,yfinance.info/recommendations
TMILL,,,,,,,,,yfinance.info/recommendations
TMT,,,,,,,,,yfinance.info/recommendations
TMW,,,,,,,,,yfinance.info/recommendations
TNDT,,,,,,,,,yfinance.info/recommendations
TNH,,,,,,,,,yfinance.info/recommendations
TNITY,,,,,,,,,yfinance.info/recommendations
TNL,,,,,,,,,yfinance.info/recommendations
TNP,3.59,3.59,3.6,3.58,2.0,1.0,1970-01-01,20668.0,yfinance.info/recommendations
TNPC,,,,,,,,,yfinance.info/recommendations
TNR,,,,,,,,,yfinance.info/recommendations
TOA,17.03333,16.1,19.0,16.0,3.0,2.0,1970-01-01,20668.0,yfinance.info/recommendations
TOG,,,,,,,,,yfinance.info/recommendations
TOP,59.45263,60.0,80.0,30.0,19.0,2.05556,1970-01-01,20668.0,yfinance.info/recommendations
TOPP,,,,,,,,,yfinance.info/recommendations
TPA,,,,,,,,,yfinance.info/recommendations
TPAC,,,,,,,,,yfinance.info/recommendations
TPBI,,,,,,,,,yfinance.info/recommendations
TPCH,,,,,,,,,yfinance.info/recommendations
TPCS,,,,,,,,,yfinance.info/recommendations
TPIPL,,,,,,,,,yfinance.info/recommendations
TPIPP,,,,,,,,,yfinance.info/recommendations
TPL,,,,,,,,,yfinance.info/recommendations
TPLAS,,,,,,,,,yfinance.info/recommendations
TPOLY,,,,,,,,,yfinance.info/recommendations
TPP,,,,,,,,,yfinance.info/recommendations
TPRIME,,,,,,,,,yfinance.info/recommendations
TPS,,,,,,,,,yfinance.info/recommendations
TQM,16.5,16.5,18.0,15.0,2.0,,1970-01-01,20668.0,yfinance.info/recommendations
TQR,,,,,,,,,yfinance.info/recommendations
TR,,,,,,,,,yfinance.info/recommendations
TRC,,,,,,,,,yfinance.info/recommendations
TRITN,,,,,,,,,yfinance.info/recommendations
TRP,5.05,5.05,5.05,5.05,1.0,,1970-01-01,20668.0,yfinance.info/recommendations
TRT,,,,,,,,,yfinance.info/recommendations
TRU,,,,,,,,,yfinance.info/recommendations
TRUBB,,,,,,,,,yfinance.info/recommendations
TRUE,17.10882,17.5,19.3,13.8,17.0,1.5,1970-01-01,20668.0,yfinance.info/recommendations
TRV,,,,,,,,,yfinance.info/recommendations
TSC,,,,,,,,,yfinance.info/recommendations
TSE,,,,,,,,,yfinance.info/recommendations
TSI,,,,,,,,,yfinance.info/recommendations
TSR,,,,,,,,,yfinance.info/recommendations
TSTE,,,,,,,,,yfinance.info/recommendations
TSTH,,,,,,,,,yfinance.info/recommendations
TTA,5.3,5.3,5.3,5.3,1.0,,1970-01-01,20668.0,yfinance.info/recommendations
TTB,2.82526,2.84,3.4,1.83,19.0,2.36842,1970-01-01,20668.0,yfinance.info/recommendations
TTCL,,,,,,,,,yfinance.info/recommendations
TTI,,,,,,,,,yfinance.info/recommendations
TTT,,,,,,,,,yfinance.info/recommendations
TTW,10.275,10.2,11.0,9.7,4.0,,1970-01-01,20668.0,yfinance.info/recommendations
TU,13.35714,13.35,16.0,10.7,14.0,1.93333,1970-01-01,20668.0,yfinance.info/recommendations
TU-PF,,,,,,,,,yfinance.info/recommendations
TURBO,1.895,1.895,1.94,1.85,2.0,,1970-01-01,20668.0,yfinance.info/recommendations
TURTLE,,,,,,,,,yfinance.info/recommendations
TVDH,,,,,,,,,yfinance.info/recommendations
TVH,,,,,,,,,yfinance.info/recommendations
TVO,29.0,28.25,33.75,25.0,3.0,2.0,1970-01-01,20668.0,yfinance.info/recommendations
TVT,,,,,,,,,yfinance.info/recommendations
TWP,,,,,,,,,yfinance.info/recommendations
TWPC,3.3,3.3,3.3,3.3,1.0,,1970-01-01,20668.0,yfinance.info/recommendations
TWZ,,,,,,,,,yfinance.info/recommendations
TYCN,,,,,,,,,yfinance.info/recommendations
UAC,,,,,,,,,yfinance.info/recommendations
UBA,,,,,,,,,yfinance.info/recommendations
UBE,,,,,,,,,yfinance.info/recommendations
UBIS,,,,,,,,,yfinance.info/recommendations
UEC,,,,,,,,,yfinance.info/recommendations
UKEM,,,,,,,,,yfinance.info/recommendations
UMI,,,,,,,,,yfinance.info/recommendations
UMS,,,,,,,,,yfinance.info/recommendations
UNIQ,,,,,,,,,yfinance.info/recommendations
UP,,,,,,,,,yfinance.info/recommendations
UPF,,,,,,,,,yfinance.info/recommendations
UPOIC,,,,,,,,,yfinance.info/recommendations
UREKA,,,,,,,,,yfinance.info/recommendations
UTP,,,,,,,,,yfinance.info/recommendations
UV,,,,,,,,,yfinance.info/recommendations
UVAN,,,,,,,,,yfinance.info/recommendations
VARO,,,,,,,,,yfinance.info/recommendations
VCOM,,,,,,,,,yfinance.info/recommendations
VGI,0.95,0.95,1.0,0.9,2.0,,1970-01-01,20668.0,yfinance.info/recommendations
VIBE,,,,,,,,,yfinance.info/recommendations
VIBHA,,,,,,,,,yfinance.info/recommendations
VIH,,,,,,,,,yfinance.info/recommendations
VL,,,,,,,,,yfinance.info/recommendations
VNG,,,,,,,,,yfinance.info/recommendations
VPO,,,,,,,,,yfinance.info/recommendations
VRANDA,,,,,,,,,yfinance.info/recommendations
VS,,,,,,,,,yfinance.info/recommendations
WACOAL,,,,,,,,,yfinance.info/recommendations
WARRIX,1.4,1.4,1.4,1.4,1.0,,1970-01-01,20668.0,yfinance.info/recommendations
WASH,7.25,7.25,7.25,7.25,1.0,1.0,1970-01-01,20668.0,yfinance.info/recommendations
WAVE,,,,,,,,,yfinance.info/recommendations
WFX,,,,,,,,,yfinance.info/recommendations
WGE,,,,,,,,,yfinance.info/recommendations
WHA,5.1625,5.45,6.3,3.6,16.0,2.375,1970-01-01,20668.0,yfinance.info/recommendations
WHABT,,,,,,,,,yfinance.info/recommendations
WHAIR,8.7,8.7,8.7,8.7,1.0,,1970-01-01,20668.0,yfinance.info/recommendations
WHART,11.4,11.4,11.4,11.4,2.0,,1970-01-01,20668.0,yfinance.info/recommendations
WHAUP,7.56071,7.2,10.1,5.4,7.0,1.57143,1970-01-01,20668.0,yfinance.info/recommendations
WICE,4.0,4.0,4.0,4.0,1.0,,1970-01-01,20668.0,yfinance.info/recommendations
WIIK,,,,,,,,,yfinance.info/recommendations
WIN,,,,,,,,,yfinance.info/recommendations
WINDOW,,,,,,,,,yfinance.info/recommendations
WINMED,,,,,,,,,yfinance.info/recommendations
WINNER,,,,,,,,,yfinance.info/recommendations
WORK,8.45,8.45,9.45,7.45,2.0,,1970-01-01,20668.0,yfinance.info/recommendations
WP,,,,,,,,,yfinance.info/recommendations
WPH,,,,,,,,,yfinance.info/recommendations
WSOL,,,,,,,,,yfinance.info/recommendations
XBIO,,,,,,,,,yfinance.info/recommendations
XO,15.35,15.35,15.6,15.1,2.0,,1970-01-01,20668.0,yfinance.info/recommendations
XPG,,,,,,,,,yfinance.info/recommendations
XYZ,,,,,,,,,yfinance.info/recommendations
YGG,,,,,,,,,yfinance.info/recommendations
YONG,,,,,,,,,yfinance.info/recommendations
YUASA,,,,,,,,,yfinance.info/recommendations
ZAA,,,,,,,,,yfinance.info/recommendations
ZEN,5.8,5.8,5.8,5.8,1.0,,,,yfinance.info/recommendations
ZIGA,,,,,,,,,yfinance.info/recommendations
