symbol,period_1,period_2,period_3,period_4,period_5,eps_1,eps_2,eps_3,eps_4,eps_5,streak_flag,last_price,last_price_date
ACTU,2026Q2,2026Q1,2025Q3,2025Q2,2025Q1,-0.2,-0.24,-0.25,-0.3,-0.32,True,0.63,2026-10-07
ACXP,2026Q2,2026Q1,2025Q3,2025Q2,2025Q1,-0.53,-0.62,-1.23,-1.89,-2.15,True,1.31,2026-10-07
ADI,2026Q3,2026Q2,2026Q1,2025Q4,2025Q3,2.74,2.4,1.69,1.6,1.04,True,406.67,2026-10-07
ALIT,2026Q2,2026Q1,2025Q4,2025Q3,2025Q2,-0.38,-0.8,-35.64,-40.4,-40.6,True,9.26,2026-10-07
AMTM,2026Q2,2026Q1,2025Q4,2025Q3,2025Q2,0.27,0.22,0.18,0.16,0.04,True,18.16,2026-10-07
APP,2026Q2,2026Q1,2025Q4,2025Q3,2025Q2,3.76,3.56,3.24,2.45,2.39,True,275.57,2026-10-07
APVO,2026Q2,2026Q1,2025Q3,2025Q2,2025Q1,-5.31,-6.41,-40.14,-151.29,-1581.81,True,1.83,2026-10-07
AREB,2026Q2,2026Q1,2025Q3,2025Q2,2025Q1,-0.59,-71.28,-19810.71,-106068.67,-297603.29,True,0.08,2026-10-07
ASBP,2026Q2,2026Q1,2025Q3,2025Q2,2025Q1,-1.22,-20.57,-48.0,-48.19,-504.88,True,8.7,2026-10-07
AVBC,2026Q2,2026Q1,2025Q4,2025Q2,2025Q1,0.39,0.32,0.29,0.19,-0.58,True,21.84,2026-10-07
BCAB,2026Q2,2026Q1,2025Q4,2025Q3,2025Q2,0.27,-4.22,-8.0,-13.5,-16.0,True,1.5,2026-10-07
BCDA,2026Q2,2026Q1,2025Q3,2025Q2,2025Q1,-0.13,-0.21,-0.24,-0.4,-0.59,True,1.06,2026-10-07
BLNE,2026Q2,2026Q1,2025Q3,2025Q2,2025Q1,-0.13,-0.18,-0.2,-0.64,-6.14,True,0.76,2026-10-07
CAT,2026Q2,2026Q1,2025Q4,2025Q3,2025Q2,7.77,5.47,5.12,4.88,4.62,True,810.98,2026-10-07
CHPT,2026Q3,2026Q2,2026Q1,2025Q4,2025Q3,-1.35,-1.75,-1.85,-2.23,-2.85,True,8.36,2026-10-07
CLRB,2026Q2,2026Q1,2025Q3,2025Q2,2025Q1,-0.57,-1.33,-1.41,-3.39,-4.3,True,1.54,2026-10-07
CRBU,2026Q2,2026Q1,2025Q4,2025Q3,2025Q2,-0.24,-0.26,-0.28,-0.3,-0.58,True,0.67,2026-10-07
CSCO,2026Q3,2026Q2,2026Q1,2025Q4,2025Q3,0.97,0.85,0.8,0.72,0.71,True,116.99,2026-10-07
CTAS,2026Q2,2026Q1,2025Q4,2025Q3,2025Q2,1.26,1.24,1.21,1.2,1.09,True,197.19,2026-10-07
CWD,2026Q2,2026Q1,2025Q4,2025Q3,2025Q2,-0.38,-0.52,-1.24,-1.65,-4.15,True,0.5,2026-10-07
CYN,2026Q2,2026Q1,2025Q3,2025Q2,2025Q1,-0.45,-0.59,-1.2,-2.7,-3.4,True,0.6,2026-10-07
DAR,2026Q2,2026Q1,2025Q4,2025Q3,2025Q2,2.41,0.83,0.35,0.12,0.08,True,60.49,2026-10-07
DELL,2026Q3,2026Q2,2026Q1,2025Q4,2025Q3,6.34,5.24,3.37,2.28,1.7,True,578.52,2026-10-07
FBK,2026Q2,2026Q1,2025Q4,2025Q3,2025Q2,1.13,1.1,1.07,0.43,0.06,True,51.65,2026-10-07
FIX,2026Q2,2026Q1,2025Q4,2025Q3,2025Q2,12.53,10.51,9.37,8.25,6.53,True,1708.36,2026-10-07
FTNT,2026Q2,2026Q1,2025Q4,2025Q3,2025Q2,0.82,0.72,0.68,0.62,0.57,True,189.4,2026-10-07
GCTK,2026Q2,2026Q1,2025Q3,2025Q2,2025Q1,-0.76,-2.65,-4.64,-9.62,-40.14,True,1.12,2026-10-07
GOVX,2026Q2,2026Q1,2025Q3,2025Q2,2025Q1,-0.97,-2.62,-7.75,-8.75,-11.2,True,0.3,2026-10-07
GS,2026Q2,2026Q1,2025Q4,2025Q3,2025Q2,20.98,17.55,14.01,12.25,10.91,True,873.19,2026-10-07
HELE,2026Q2,2026Q1,2025Q4,2025Q3,2025Q2,1.51,-2.41,-3.65,-13.44,-19.65,True,24.74,2026-10-07
HNGE,2026Q2,2026Q1,2025Q4,2025Q3,2025Q2,0.52,0.41,0.37,-0.02,-13.1,True,99.42,2026-10-07
HSY,2026Q2,2026Q1,2025Q4,2025Q3,2025Q2,2.26,2.13,1.57,1.36,0.31,True,160.63,2026-10-07
INDP,2026Q2,2026Q1,2025Q3,2025Q2,2025Q1,-0.02,-0.23,-2.98,-9.09,-9.11,True,2.36,2026-10-07
ISRG,2026Q2,2026Q1,2025Q4,2025Q3,2025Q2,2.29,2.28,2.21,1.95,1.81,True,411.18,2026-10-07
IVF,2026Q2,2026Q1,2025Q3,2025Q2,2025Q1,0.35,-3.38,-30.8,-364.23,-3473.93,True,0.79,2026-10-07
JRSH,2026Q2,2026Q1,2025Q4,2025Q3,2025Q2,0.13,0.12,0.09,0.04,0.03,True,5.98,2026-10-07
KEYS,2026Q3,2026Q2,2026Q1,2025Q4,2025Q3,2.3,2.02,1.63,1.33,1.1,True,377.15,2026-10-07
KGC,2026Q2,2026Q1,2025Q3,2025Q2,2025Q1,0.71,0.7,0.48,0.43,0.3,True,23.09,2026-10-07
KLIC,2026Q2,2026Q1,2025Q4,2025Q3,2025Q2,1.07,0.66,0.32,0.12,-0.06,True,95.23,2026-10-07
KMT,2026Q2,2026Q1,2025Q4,2025Q3,2025Q2,2.91,0.75,0.44,0.3,0.28,True,31.72,2026-10-07
LQDA,2026Q2,2026Q1,2025Q4,2025Q3,2025Q2,0.74,0.52,0.15,-0.04,-0.49,True,25.3,2026-10-07
MCHP,2026Q2,2026Q1,2025Q4,2025Q3,2025Q2,0.37,0.21,0.06,0.03,-0.09,True,77.26,2026-10-07
MOG-A,2026Q2,2026Q1,2025Q4,2025Q3,2025Q2,4.74,2.55,2.46,2.01,1.87,True,361.34,2026-10-07
MU,2026Q2,2026Q1,2025Q4,2025Q3,2025Q2,24.67,12.07,4.6,2.83,1.68,True,1064.07,2026-10-07
NTLA,2026Q2,2026Q1,2025Q4,2025Q3,2025Q2,-0.8,-0.81,-0.83,-0.92,-0.98,True,12.22,2026-10-07
NTRS,2026Q2,2026Q1,2025Q4,2025Q3,2025Q2,4.23,2.71,2.42,2.29,2.13,True,166.36,2026-10-07
NVDA,2026Q3,2026Q2,2026Q1,2025Q4,2025Q3,2.46,2.39,1.76,1.3,1.08,True,236.86,2026-10-07
NVVE,2026Q2,2026Q1,2025Q4,2025Q3,2025Q2,-14.45,-28.96,-114.84,-172.8,-1526.4,True,1.15,2026-10-07
NXXT,2026Q2,2026Q1,2025Q3,2025Q2,2025Q1,-0.04,-0.07,-0.11,-0.3,-1.59,True,0.6,2026-10-07
OPBK,2026Q2,2026Q1,2025Q4,2025Q3,2025Q2,0.53,0.48,0.47,0.45,0.42,True,15.1,2026-10-07
PCSA,2026Q2,2026Q1,2025Q3,2025Q2,2025Q1,-1.19,-1.29,-1.75,-6.26,-7.58,True,1.41,2026-10-07
PGC,2026Q2,2026Q1,2025Q4,2025Q2,2025Q1,0.85,0.8,0.69,0.45,0.43,True,43.03,2026-10-07
PLTR,2026Q2,2026Q1,2025Q4,2025Q3,2025Q2,0.41,0.34,0.24,0.18,0.13,True,190.9,2026-10-07
PNBK,2026Q2,2026Q1,2025Q3,2025Q2,2025Q1,0.0,-0.02,-0.03,-0.06,-0.21,True,0.93,2026-10-07
QTTB,2026Q2,2026Q1,2025Q3,2025Q2,2025Q1,-0.44,-0.54,-0.6,-0.78,-0.9,True,8.03,2026-10-07
RBOT,2026Q1,2025Q4,2025Q3,2025Q2,2025Q1,-1.03,-1.57,-1.86,-2.23,-2.6,True,0.03,2026-10-07
RELY,2026Q2,2026Q1,2025Q4,2025Q3,2025Q2,0.93,0.23,0.19,0.04,0.03,True,23.15,2026-10-07
RNG,2026Q2,2026Q1,2025Q4,2025Q3,2025Q2,0.45,0.35,0.26,0.19,0.14,True,77.02,2026-10-07
ROKU,2026Q2,2026Q1,2025Q4,2025Q3,2025Q2,1.08,0.57,0.53,0.16,0.07,True,152.01,2026-10-07
ROP,2026Q2,2026Q1,2025Q4,2025Q3,2025Q2,11.62,4.87,3.97,3.68,3.49,True,359.16,2026-10-07
ROST,2026Q3,2026Q2,2026Q1,2025Q4,2025Q3,2.66,2.02,2.0,1.58,1.56,True,224.77,2026-10-07
RVPH,2026Q2,2026Q1,2025Q3,2025Q2,2025Q1,-0.19,-0.46,-1.2,-2.4,-2.61,True,0.5,2026-10-07
SCCO,2026Q2,2026Q1,2025Q4,2025Q3,2025Q2,1.99,1.88,1.51,1.3,1.16,True,199.61,2026-10-07
SCHW,2026Q2,2026Q1,2025Q4,2025Q3,2025Q2,1.54,1.37,1.33,1.26,1.08,True,95.26,2026-10-07
SMCI,2026Q2,2026Q1,2025Q4,2025Q3,2025Q1,1.62,0.72,0.6,0.26,0.17,True,44.08,2026-10-07
SMSI,2026Q2,2026Q1,2025Q4,2025Q3,2025Q2,-0.52,-0.75,-1.0,-1.25,-3.88,True,2.63,2026-10-06
SNDK,2026Q2,2026Q1,2025Q4,2025Q3,2025Q2,43.97,23.03,5.15,0.75,-0.16,True,1709.94,2026-10-07
SNX,2026Q2,2026Q1,2025Q4,2025Q3,2025Q2,4.15,4.04,3.04,2.74,2.21,True,272.39,2026-10-07
SXTP,2026Q2,2026Q1,2025Q3,2025Q2,2025Q1,-0.9,-1.28,-2.52,-5.01,-6.25,True,1.15,2026-10-07
TCBS,2026Q2,2026Q1,2025Q3,2025Q2,2025Q1,0.35,0.29,0.24,0.23,0.22,True,17.0,2026-10-07
THC,2026Q2,2026Q1,2025Q4,2025Q3,2025Q2,9.84,8.01,4.22,3.86,3.14,True,259.11,2026-10-07
TPL,2026Q2,2026Q1,2025Q4,2025Q3,2025Q2,2.23,2.07,1.79,1.76,1.68,True,344.92,2026-10-07
UNFI,2026Q3,2026Q2,2026Q1,2025Q4,2025Q3,0.57,0.52,0.31,-0.06,-1.43,True,44.24,2026-10-07
VEEV,2026Q3,2026Q2,2026Q1,2025Q4,2025Q3,1.66,1.57,1.45,1.4,1.19,True,281.15,2026-10-07
VLO,2026Q2,2026Q1,2025Q4,2025Q3,2025Q2,12.62,4.22,3.73,3.53,2.28,True,423.68,2026-10-07
WDC,2026Q2,2026Q1,2025Q4,2025Q3,2025Q2,8.21,8.2,4.73,3.07,0.75,True,406.02,2026-10-07
