symbol,period_1,period_2,period_3,period_4,period_5,period_6,eps_1,eps_2,eps_3,eps_4,eps_5,eps_6,last3_streak_up
A,2025Q4,2025Q3,2025Q2,2025Q1,2024Q4,,1.53,1.18,0.75,1.11,1.22,,True
ABAT,2025Q3,2025Q1,2024Q4,2024Q3,,,-0.09,-0.14,-0.18,-0.17,,,True
ABNB,2025Q3,2025Q2,2025Q1,2024Q4,2024Q3,,2.21,1.03,0.24,0.73,2.13,,True
ACGL,2025Q3,2025Q2,2025Q1,2024Q4,2024Q3,,3.56,3.23,1.48,2.42,2.56,,True
ACHC,2025Q3,2025Q2,2025Q1,2024Q4,2024Q3,,0.4,0.33,0.09,0.35,0.74,,True
ACMR,2025Q3,2025Q2,2025Q1,2024Q4,2024Q3,,0.52,0.44,0.3,0.46,0.45,,True
ACNB,2025Q3,2025Q2,2025Q1,2024Q4,2024Q3,,1.42,1.11,-0.03,0.77,0.84,,True
ACTU,2025Q3,2025Q2,2025Q1,2024Q3,2024Q2,,-0.25,-0.3,-0.32,-0.55,-0.34,,True
ACXP,2025Q3,2025Q2,2025Q1,2024Q3,2024Q2,,-1.23,-1.89,-2.2,-3.45,-5.21,,True
ADBE,2025Q4,2025Q3,2025Q2,2025Q1,2024Q4,,4.45,4.18,3.94,4.14,3.79,,True
ADMA,2025Q3,2025Q2,2025Q1,2024Q4,2024Q3,,0.15,0.14,0.11,0.46,0.15,,True
ADSK,2025Q4,2025Q3,2025Q2,2025Q1,2024Q4,,1.6,1.46,0.7,1.4,1.27,,True
AFBI,2025Q3,2025Q2,2025Q1,2024Q4,2024Q3,,0.34,0.33,0.28,0.2,0.26,,True
AFL,2025Q3,2025Q2,2025Q1,2024Q4,2024Q3,,3.08,1.11,0.05,3.42,-0.17,,True
AGEN,2025Q3,2025Q2,2025Q1,2024Q3,2024Q2,,1.94,-1.0,-1.03,-3.08,-2.52,,True
AHR,2025Q3,2025Q2,2025Q1,2024Q4,2024Q3,,0.33,0.06,-0.04,-0.21,-0.03,,True
AIMD,2025Q3,2025Q2,2025Q1,2024Q3,2024Q2,,-0.64,-0.99,-1.05,-1.64,-2.45,,True
AIZ,2025Q3,2025Q2,2025Q1,2024Q4,2024Q3,,5.17,4.56,2.83,3.87,2.55,,True
ALGM,2025Q3,2025Q2,2025Q1,2024Q4,2024Q3,,0.03,-0.07,-0.08,-0.04,-0.18,,True
ALL,2025Q3,2025Q2,2025Q1,2024Q4,2024Q3,,13.95,7.76,2.11,7.07,4.33,,True
ALRM,2025Q3,2025Q2,2025Q1,2024Q4,2024Q3,,0.65,0.63,0.52,0.56,0.67,,True
ALTO,2025Q3,2025Q2,2025Q1,2024Q4,2024Q3,,0.19,-0.15,-0.16,-0.57,-0.04,,True
AMAL,2025Q3,2025Q2,2025Q1,2024Q4,2024Q3,,0.88,0.84,0.81,0.79,0.9,,True
AMCX,2025Q3,2025Q2,2025Q1,2024Q4,2024Q3,,1.38,0.91,0.34,-6.38,0.76,,True
AMD,2025Q3,2025Q2,2025Q1,2024Q4,2024Q3,,0.75,0.54,0.44,0.29,0.47,,True
AMG,2025Q3,2025Q2,2025Q1,2024Q4,2024Q3,,6.87,2.8,2.2,4.92,3.78,,True
AMTM,2025Q3,2025Q2,2025Q1,2024Q4,2024Q3,,0.16,0.04,0.02,0.05,0.28,,True
AMTX,2025Q3,2025Q2,2025Q1,2024Q4,2024Q3,,-0.37,-0.41,-0.47,-0.36,-0.38,,True
AMZN,2025Q3,2025Q2,2025Q1,2024Q4,2024Q3,,1.95,1.68,1.59,1.86,1.43,,True
ANDE,2025Q3,2025Q2,2025Q1,2024Q4,2024Q3,,0.59,0.23,0.01,1.31,0.8,,True
APG,2025Q3,2025Q2,2025Q1,2024Q4,2024Q3,,0.2,0.11,0.07,-0.07,0.15,,True
APH,2025Q3,2025Q2,2025Q1,2024Q4,2024Q3,,0.97,0.86,0.58,0.59,0.48,,True
APO,2025Q3,2025Q2,2025Q1,2024Q4,2024Q3,,2.78,0.99,0.68,2.39,1.29,,True
APP,2025Q3,2025Q2,2025Q1,2024Q4,2024Q3,,2.45,2.39,1.67,1.73,1.25,,True
APVO,2025Q3,2025Q2,2025Q1,2024Q3,2024Q2,,-40.14,-151.2,-1580.4,-3985.16,-22265.28,,True
APYX,2025Q3,2025Q2,2025Q1,2024Q4,2024Q3,,-0.05,-0.09,-0.1,-0.12,-0.14,,True
AQMS,2025Q3,2025Q2,2025Q1,2024Q3,2024Q2,,-2.19,-7.44,-10.3,-7.64,-10.0,,True
ARDX,2025Q3,2025Q2,2025Q1,2024Q4,2024Q3,,0.0,-0.08,-0.17,0.02,0.0,,True
AREB,2025Q3,2025Q2,2025Q1,2024Q3,2024Q2,,-32.44,-106.8,-469.0,-837.14,-4020.2,,True
ARES,2025Q3,2025Q2,2025Q1,2024Q4,2024Q3,,1.15,0.46,0.0,0.72,0.55,,True
ARKR,2025Q3,2025Q2,2025Q1,2024Q4,2024Q3,,-0.53,-0.96,-2.57,0.88,-1.24,,True
ARLO,2025Q3,2025Q2,2025Q1,2024Q4,2024Q3,,0.06,0.03,-0.01,-0.05,-0.04,,True
ARMK,2025Q3,2025Q2,2025Q1,2024Q4,2024Q3,,0.33,0.27,0.23,0.39,0.46,,True
ASGN,2025Q3,2025Q2,2025Q1,2024Q4,2024Q3,,0.87,0.67,0.48,0.95,1.06,,True
ASPN,2025Q3,2025Q2,2025Q1,2024Q4,2024Q3,,-0.08,-0.11,-3.67,0.14,-0.17,,True
ASTC,2025Q3,2025Q1,2024Q4,2024Q3,,,-2.07,-2.18,-2.45,-2.01,,,True
ATEN,2025Q3,2025Q2,2025Q1,2024Q4,2024Q3,,0.17,0.14,0.13,0.24,0.17,,True
ATI,2025Q3,2025Q2,2025Q1,2024Q4,2024Q3,,0.78,0.7,0.67,0.94,0.57,,True
ATNI,2025Q3,2025Q2,2025Q1,2024Q4,2024Q3,,0.18,-0.56,-0.69,0.14,-2.26,,True
ATRC,2025Q3,2025Q2,2025Q1,2024Q4,2024Q3,,-0.01,-0.13,-0.14,-0.33,-0.17,,True
ATXS,2025Q3,2025Q2,2025Q1,2024Q3,2024Q2,,-0.55,-0.57,-0.58,-0.42,-0.43,,True
AVB,2025Q3,2025Q2,2025Q1,2024Q4,2024Q3,,2.68,1.88,1.66,1.98,2.61,,True
AWK,2025Q3,2025Q2,2025Q1,2024Q3,2024Q2,,1.94,1.48,1.05,1.8,1.42,,True
AX,2025Q3,2025Q1,2024Q4,2024Q3,2024Q2,,1.94,1.81,1.8,1.93,1.8,,True
AXP,2025Q3,2025Q2,2025Q1,2024Q4,2024Q3,,4.14,4.08,3.64,3.04,3.49,,True
AXSM,2025Q3,2025Q2,2025Q1,2024Q4,2024Q3,,-0.94,-0.97,-1.22,-1.54,-1.34,,True
BAER,2025Q3,2025Q2,2025Q1,2024Q4,2024Q3,,0.37,-0.12,-0.41,-0.36,0.31,,True
BALL,2025Q3,2025Q2,2025Q1,2024Q4,2024Q3,,1.18,0.76,0.63,-0.11,0.65,,True
BATRK,2025Q3,2025Q2,2025Q1,2024Q4,2024Q3,,0.47,0.46,-0.66,-0.31,0.16,,True
BBCP,2025Q4,2025Q3,2025Q2,2025Q1,2024Q4,,0.09,0.07,-0.01,-0.06,0.16,,True
BBNX,2025Q3,2025Q2,2025Q1,2024Q4,2024Q2,,-0.33,-0.39,-0.93,-0.42,-0.34,,True
BCBP,2025Q3,2025Q2,2025Q1,2024Q4,2024Q3,,0.22,0.18,-0.51,0.16,0.36,,True
BCDA,2025Q3,2025Q2,2025Q1,2024Q3,2024Q2,,-0.24,-0.4,-0.59,-0.61,-0.88,,True
BDX,2025Q2,2025Q1,2024Q4,2024Q3,2024Q2,,2.0,1.07,1.04,1.45,1.68,,True
BF-A,2025Q4,2025Q3,2025Q2,2025Q1,2024Q4,,0.47,0.36,0.31,0.57,0.55,,True
BF-B,2025Q4,2025Q3,2025Q2,2025Q1,2024Q4,,0.47,0.36,0.31,0.57,0.55,,True
BFAM,2025Q3,2025Q2,2025Q1,2024Q4,2024Q3,,1.37,0.95,0.66,0.5,0.94,,True
BFST,2025Q3,2025Q2,2025Q1,2024Q4,2024Q3,,0.73,0.7,0.65,0.51,0.65,,True
BHC,2025Q3,2025Q2,2025Q1,2024Q4,2024Q3,,0.48,0.4,-0.16,0.25,-0.23,,True
BIVI,2025Q3,2025Q1,2024Q4,2024Q3,,,-0.98,-1.5,-4.6,-7.0,,,True
BJ,2025Q4,2025Q3,2025Q2,2025Q1,2024Q4,,1.15,1.14,1.13,0.92,1.17,,True
BKE,2025Q4,2025Q3,2025Q2,2025Q1,2024Q4,,0.96,0.89,0.7,1.53,0.88,,True
BKNG,2025Q3,2025Q2,2025Q1,2024Q4,2024Q3,,84.41,27.43,10.07,31.95,74.34,,True
BLIN,2025Q3,2025Q2,2025Q1,2024Q4,2024Q2,,-0.03,-0.07,-0.1,-0.06,-0.03,,True
BLKB,2025Q3,2025Q2,2025Q1,2024Q4,2024Q3,,0.98,0.54,0.1,-6.74,0.4,,True
BOKF,2025Q4,2025Q3,2025Q2,2025Q1,2024Q4,,2.89,2.22,2.19,1.86,2.12,,True
BOTJ,2025Q3,2025Q2,2025Q1,2024Q4,2024Q3,,0.61,0.6,0.19,0.36,0.44,,True
BOW,2025Q3,2025Q2,2025Q1,2024Q4,2024Q3,,0.45,0.36,0.34,0.41,0.36,,True
BRX,2025Q3,2025Q2,2025Q1,2024Q3,2024Q2,,0.31,0.28,0.23,0.32,0.23,,True
BUSE,2025Q3,2025Q2,2025Q1,2024Q4,2024Q3,,0.58,0.52,-0.44,0.49,0.55,,True
BVFL,2025Q3,2025Q2,2025Q1,2024Q4,2024Q3,,0.41,0.29,0.21,0.18,0.35,,True
BWFG,2025Q3,2025Q2,2025Q1,2024Q4,2024Q3,,1.27,1.15,0.87,0.32,0.24,,True
BWMN,2025Q3,2025Q2,2025Q1,2024Q4,2024Q3,,0.37,0.34,-0.11,0.33,0.04,,True
BXMT,2025Q3,2025Q2,2025Q1,2024Q3,2024Q2,,0.37,0.04,0.0,-0.32,-0.35,,True
BYD,2025Q3,2025Q2,2025Q1,2024Q4,2024Q3,,17.81,1.84,1.31,1.92,1.43,,True
CAT,2025Q3,2025Q2,2025Q1,2024Q4,2024Q3,,4.88,4.62,4.2,5.78,5.06,,True
CATY,2025Q3,2025Q2,2025Q1,2024Q4,2024Q3,,1.13,1.1,0.98,1.12,0.94,,True
CBRE,2025Q3,2025Q2,2025Q1,2024Q4,2024Q3,,1.21,0.72,0.54,1.58,0.73,,True
CCI,2025Q3,2025Q2,2025Q1,2024Q4,2024Q3,,0.74,0.67,-1.07,-10.97,0.7,,True
CDE,2025Q3,2025Q2,2025Q1,2024Q3,2024Q2,,0.41,0.11,0.06,0.12,0.0,,True
CDW,2025Q3,2025Q2,2025Q1,2024Q4,2024Q3,,2.21,2.05,1.69,1.97,2.34,,True
CEG,2025Q3,2025Q2,2025Q1,2024Q4,2024Q3,,2.97,2.67,0.38,2.71,3.82,,True
CFG,2025Q3,2025Q2,2025Q1,2024Q4,2024Q3,,1.05,0.92,0.77,0.83,0.77,,True
CFR,2025Q3,2025Q2,2025Q1,2024Q4,2024Q3,,2.67,2.39,2.3,2.36,2.24,,True
CHCO,2025Q3,2025Q2,2025Q1,2024Q4,2024Q3,,2.41,2.29,2.06,1.94,2.02,,True
CHMI,2025Q3,2025Q2,2025Q1,2024Q4,2024Q3,,0.05,-0.03,-0.29,0.29,-0.49,,True
CHRW,2025Q3,2025Q2,2025Q1,2024Q4,2024Q3,,1.34,1.26,1.11,1.22,0.8,,True
CI,2025Q3,2025Q2,2025Q1,2024Q4,2024Q3,,6.98,5.71,4.85,5.13,2.63,,True
CINF,2025Q3,2025Q2,2025Q1,2024Q4,2024Q3,,7.11,4.34,-0.57,2.56,5.2,,True
CION,2025Q3,2025Q2,2025Q1,2024Q4,2024Q3,,0.69,0.52,-0.8,0.1,-0.01,,True
CISO,2025Q3,2025Q2,2025Q1,2024Q3,2024Q2,,0.07,-0.09,-0.38,-0.32,-0.69,,True
CLRB,2025Q3,2025Q2,2025Q1,2024Q3,2024Q2,,-1.41,-3.39,-4.2,-12.0,-5.43,,True
CLS,2025Q3,2025Q2,2025Q1,2024Q4,2024Q3,,2.31,1.82,0.74,1.29,0.75,,True
CNA,2025Q3,2025Q2,2025Q1,2024Q4,2024Q3,,1.48,1.1,1.0,0.07,1.04,,True
CNM,2025Q4,2025Q3,2025Q2,2025Q1,2024Q4,,0.72,0.7,0.52,0.33,0.69,,True
CNR,2025Q3,2025Q2,2025Q1,2024Q4,2024Q3,,0.61,-0.7,-1.38,1.04,3.22,,True
COHU,2025Q3,2025Q2,2025Q1,2024Q4,2024Q3,,-0.09,-0.36,-0.66,-0.46,-0.39,,True
COLL,2025Q3,2025Q2,2025Q1,2024Q4,2024Q3,,0.84,0.34,0.07,0.36,0.27,,True
CPB,2025Q4,2025Q3,2025Q2,2025Q1,2024Q4,,0.65,0.48,0.22,0.58,0.72,,True
CPT,2025Q3,2025Q2,2025Q1,2024Q4,2024Q3,,1.0,0.74,0.36,0.37,-0.04,,True
CRD-A,2025Q2,2025Q1,2024Q4,2024Q3,2024Q2,,0.16,0.13,0.11,0.19,0.17,,True
CRD-B,2025Q2,2025Q1,2024Q4,2024Q3,2024Q2,,0.16,0.13,0.11,0.19,0.17,,True
CREG,2025Q3,2025Q2,2025Q1,2024Q3,2024Q2,,-0.08,-0.5,-0.9,-0.3,-0.5,,True
CRL,2025Q3,2025Q2,2025Q1,2024Q4,2024Q3,,1.1,1.06,0.5,-4.22,1.33,,True
CRM,2025Q4,2025Q3,2025Q2,2025Q1,2024Q4,,2.19,1.96,1.59,1.75,1.58,,True
CRS,2025Q3,2025Q2,2025Q1,2024Q4,2024Q3,,2.43,2.21,1.88,1.66,1.67,,True
CRWD,2025Q4,2025Q3,2025Q2,2025Q1,2024Q4,,-0.14,-0.31,-0.44,-0.37,-0.07,,True
CRWS,2025Q3,2025Q2,2025Q1,2024Q4,2024Q3,,0.11,-0.1,-1.04,0.09,0.08,,True
CRWV,2025Q3,2025Q2,2025Q1,2024Q3,2024Q2,,-0.22,-0.6,-1.49,-0.84,-0.84,,True
CSCO,2025Q4,2025Q3,2025Q2,2025Q1,2024Q4,,0.72,0.71,0.62,0.61,0.68,,True
CTAS,2025Q4,2025Q3,2025Q2,2025Q1,2024Q4,,1.21,1.2,1.09,1.13,1.09,,True
CTXR,2025Q2,2025Q1,2024Q4,2024Q2,,,-0.8,-1.27,-1.3,-1.57,,,True
CUBI,2025Q3,2025Q2,2025Q1,2024Q4,2024Q3,,2.2,1.73,0.29,0.71,1.31,,True
CXT,2025Q3,2025Q2,2025Q1,2024Q4,2024Q3,,0.87,0.43,0.38,1.0,0.81,,True
CYN,2025Q3,2025Q2,2025Q1,2024Q3,2024Q2,,-1.2,-2.7,-6.6,-408.3,-610.85,,True
CZR,2025Q3,2025Q2,2025Q1,2024Q4,2024Q3,,-0.27,-0.39,-0.54,0.05,-0.04,,True
D,2025Q3,2025Q2,2025Q1,2024Q4,2024Q3,,1.16,0.88,0.75,0.15,1.12,,True
DAN,2025Q3,2025Q2,2025Q1,2024Q4,2024Q3,,0.64,0.19,0.17,-0.55,0.03,,True
DAR,2025Q3,2025Q2,2025Q1,2024Q4,2024Q3,,0.12,0.08,-0.16,0.63,0.11,,True
DBD,2025Q3,2025Q2,2025Q1,2024Q4,2024Q3,,1.11,0.33,-0.22,0.15,-0.6,,True
DBI,2025Q4,2025Q3,2025Q2,2025Q1,2024Q4,,0.35,0.22,-0.36,-0.8,0.23,,True
DELL,2025Q4,2025Q3,2025Q2,2025Q1,2024Q4,,2.28,1.7,1.37,2.15,1.58,,True
DINO,2025Q3,2025Q2,2025Q1,2024Q4,2024Q3,,2.15,1.1,-0.02,-1.14,-0.4,,True
DLPN,2025Q3,2025Q2,2025Q1,2024Q3,2024Q2,,-0.03,-0.13,-0.21,-0.8,-0.17,,True
DORM,2025Q3,2025Q2,2025Q1,2024Q4,2024Q3,,2.48,1.91,1.87,1.77,1.8,,True
DOV,2025Q3,2025Q2,2025Q1,2024Q4,2024Q3,,2.19,2.02,1.67,10.38,2.51,,True
DRMA,2025Q3,2025Q2,2025Q1,2024Q3,2024Q2,,-1.65,-1.66,-4.5,-20.41,-41.82,,True
DRVN,2025Q3,2025Q2,2025Q1,2024Q4,2024Q3,,0.37,0.29,0.04,-1.94,-0.09,,True
DSGR,2025Q3,2025Q2,2025Q1,2024Q4,2024Q3,,0.14,0.11,0.07,-0.55,0.46,,True
DT,2025Q3,2025Q2,2025Q1,2024Q4,2024Q3,,0.19,0.16,0.13,1.19,0.15,,True
DUOL,2025Q3,2025Q2,2025Q1,2024Q4,2024Q3,,5.95,0.91,0.72,0.31,0.49,,True
DXCM,2025Q3,2025Q2,2025Q1,2024Q4,2024Q3,,0.7,0.45,0.27,0.38,0.34,,True
DY,2025Q4,2025Q3,2025Q2,2025Q1,2024Q4,,3.63,3.33,2.09,1.11,2.37,,True
EBC,2025Q3,2025Q2,2025Q1,2024Q4,2024Q3,,0.53,0.5,-1.08,0.3,-0.03,,True
ECG,2025Q3,2025Q2,2025Q1,2024Q4,2024Q3,,1.11,1.03,0.72,0.67,0.82,,True
ECL,2025Q3,2025Q2,2025Q1,2024Q4,2024Q3,,2.05,1.84,1.41,1.66,2.58,,True
ECOR,2025Q3,2025Q2,2025Q1,2024Q3,2024Q2,,-0.4,-0.44,-0.47,-0.31,-0.38,,True
EEFT,2025Q3,2025Q2,2025Q1,2024Q4,2024Q3,,2.75,2.27,0.85,0.98,3.21,,True
EGP,2025Q3,2025Q2,2025Q1,2024Q4,2024Q3,,1.26,1.2,1.14,1.16,1.13,,True
EKSO,2025Q3,2025Q2,2025Q1,2024Q4,2024Q3,,-0.54,-1.24,-1.8,-2.1,-1.53,,True
ELTX,2025Q3,2025Q2,2025Q1,2024Q3,2024Q2,,-0.6,-0.66,-0.87,-1.39,-0.64,,True
EMBJ,2025Q2,2025Q1,2024Q4,2024Q3,2024Q2,,0.44,0.4,0.25,0.97,0.56,,True
EMR,2025Q3,2025Q2,2025Q1,2024Q4,2024Q3,,1.12,1.04,0.86,1.02,1.73,,True
ENPH,2025Q3,2025Q2,2025Q1,2024Q4,2024Q3,,0.5,0.28,0.22,0.45,0.33,,True
ENVA,2025Q3,2025Q2,2025Q1,2024Q4,2024Q3,,3.03,2.86,2.69,2.3,1.57,,True
EPAM,2025Q3,2025Q2,2025Q1,2024Q4,2024Q3,,1.91,1.56,1.28,1.8,2.37,,True
EPRT,2025Q3,2025Q2,2025Q1,2024Q4,2024Q3,,0.33,0.32,0.29,0.3,0.27,,True
EQIX,2025Q3,2025Q2,2025Q1,2024Q4,2024Q3,,3.81,3.75,3.5,-0.14,3.1,,True
ERIE,2025Q3,2025Q2,2025Q1,2024Q4,2024Q3,,3.5,3.34,2.65,2.91,3.06,,True
ESOA,2025Q3,2025Q2,2025Q1,2024Q4,2024Q3,,0.25,0.12,-0.41,0.05,0.4,,True
ESQ,2025Q3,2025Q2,2025Q1,2024Q4,2024Q3,,1.62,1.38,1.33,1.37,1.34,,True
ETN,2025Q3,2025Q2,2025Q1,2024Q4,2024Q3,,2.59,2.51,2.45,2.45,2.53,,True
ETSY,2025Q3,2025Q2,2025Q1,2024Q4,2024Q3,,0.63,0.25,-0.49,1.03,0.45,,True
EVER,2025Q3,2025Q2,2025Q1,2024Q4,2024Q3,,0.5,0.39,0.21,0.33,0.31,,True
EVH,2025Q3,2025Q2,2025Q1,2024Q4,2024Q3,,-0.24,-0.44,-0.63,-0.27,-0.27,,True
EVRG,2025Q3,2025Q2,2025Q1,2024Q3,2024Q2,,2.03,0.74,0.54,2.02,0.9,,True
EXP,2025Q3,2025Q2,2025Q1,2024Q4,2024Q3,,4.23,3.76,2.0,3.56,4.26,,True
EXPE,2025Q3,2025Q2,2025Q1,2024Q4,2024Q3,,7.33,2.48,-1.56,2.2,5.04,,True
EXPI,2025Q3,2025Q2,2025Q1,2024Q4,2024Q3,,0.02,-0.01,-0.07,-0.06,-0.06,,True
FA,2025Q3,2025Q2,2025Q1,2024Q4,2024Q3,,0.01,0.0,-0.24,-0.62,-0.06,,True
FBLA,2025Q3,2025Q2,2025Q1,2024Q4,2024Q3,,0.06,0.05,0.04,-0.38,-0.05,,True
FBP,2025Q3,2025Q2,2025Q1,2024Q4,2024Q3,,0.63,0.5,0.47,0.46,0.45,,True
FCAP,2025Q3,2025Q2,2025Q1,2024Q4,2024Q3,,1.34,1.13,0.97,0.97,0.87,,True
FCNCA,2025Q3,2025Q2,2025Q1,2024Q4,2024Q3,,43.08,42.36,34.47,49.21,43.42,,True
FDS,2025Q4,2025Q3,2025Q2,2025Q1,2024Q4,,4.06,4.03,3.87,3.76,3.89,,True
FEMY,2025Q3,2025Q2,2025Q1,2024Q3,2024Q2,,-0.1,-0.16,-0.23,-0.24,-0.21,,True
FFIV,2025Q3,2025Q2,2025Q1,2024Q4,2024Q3,,3.26,3.25,2.48,2.82,2.8,,True
FG,2025Q3,2025Q2,2025Q1,2024Q4,2024Q3,,0.85,0.26,-0.2,2.5,-0.08,,True
FHTX,2025Q3,2025Q2,2025Q1,2024Q3,2024Q2,,-0.25,-0.28,-0.3,-0.31,-0.45,,True
FITB,2025Q3,2025Q2,2025Q1,2024Q4,2024Q3,,0.91,0.88,0.71,0.85,0.78,,True
FIX,2025Q3,2025Q2,2025Q1,2024Q4,2024Q3,,8.25,6.53,4.75,4.09,4.09,,True
FLG,2025Q3,2025Q2,2025Q1,2024Q4,2024Q3,,-0.11,-0.19,-0.26,-0.41,-0.79,,True
FLNT,2025Q3,2025Q2,2025Q1,2024Q4,2024Q3,,-0.27,-0.3,-0.39,-0.19,-0.48,,True
FMAO,2025Q3,2025Q2,2025Q1,2024Q4,2024Q3,,0.64,0.56,0.51,0.61,0.48,,True
FNB,2025Q3,2025Q2,2025Q1,2024Q4,2024Q3,,0.41,0.36,0.32,0.3,0.3,,True
FNV,2025Q3,2025Q2,2025Q1,2024Q4,2024Q3,,1.49,1.28,1.09,0.91,0.79,,True
FNWD,2025Q3,2025Q2,2025Q1,2024Q3,2024Q2,,0.81,0.5,0.11,0.14,0.03,,True
FOR,2025Q3,2025Q2,2025Q1,2024Q4,2024Q3,,1.7,0.65,0.62,0.32,1.6,,True
FORM,2025Q3,2025Q2,2025Q1,2024Q4,2024Q3,,0.2,0.12,0.08,0.12,0.24,,True
FRPT,2025Q3,2025Q2,2025Q1,2024Q4,2024Q3,,1.86,0.33,-0.26,0.36,0.24,,True
FTNT,2025Q3,2025Q2,2025Q1,2024Q4,2024Q3,,0.62,0.57,0.56,0.68,0.7,,True
FUNC,2025Q3,2025Q2,2025Q1,2024Q4,2024Q3,,1.07,0.92,0.89,0.95,0.89,,True
G,2025Q3,2025Q2,2025Q1,2024Q4,2024Q3,,0.83,0.75,0.73,0.79,0.74,,True
GABC,2025Q3,2025Q2,2025Q1,2024Q4,2024Q3,,0.94,0.84,0.3,0.78,0.71,,True
GAP,2025Q4,2025Q3,2025Q2,2025Q1,2024Q4,,0.62,0.57,0.51,0.54,0.72,,True
GCMG,2025Q3,2025Q2,2025Q1,2024Q4,2024Q3,,0.16,0.05,-0.02,0.09,0.03,,True
GCTK,2025Q3,2025Q2,2025Q1,2024Q3,2024Q2,,-4.64,-9.62,-40.2,-1092.0,-984.0,,True
GD,2025Q3,2025Q2,2025Q1,2024Q4,2024Q3,,3.88,3.74,3.66,4.15,3.35,,True
GE,2025Q3,2025Q2,2025Q1,2024Q4,2024Q3,,2.02,1.89,1.83,1.75,1.7,,True
GEF,2025Q3,2025Q2,2025Q1,2024Q4,2024Q3,,1.1,0.82,0.15,1.08,1.5,,True
GEF-B,2025Q3,2025Q2,2025Q1,2024Q4,2024Q3,,1.65,1.23,0.22,1.62,2.25,,True
GES,2025Q4,2025Q3,2025Q2,2025Q1,2024Q4,,0.48,0.12,-0.65,1.16,-0.47,,True
GETY,2025Q3,2025Q2,2025Q1,2024Q4,2024Q3,,0.05,-0.08,-0.25,0.06,-0.01,,True
GGB,2025Q3,2025Q2,2025Q1,2024Q4,2024Q3,,0.54,0.42,0.37,0.16,0.64,,True
GHLD,2025Q3,2025Q2,2025Q1,2024Q4,2024Q3,,0.53,0.3,-0.39,1.57,-1.09,,True
GIFT,2025Q3,2025Q2,2025Q1,2024Q3,2024Q2,,-0.08,-0.09,-0.11,-0.16,-0.3,,True
GIII,2025Q4,2025Q3,2025Q2,2025Q1,2024Q4,,1.84,0.25,0.17,1.07,2.55,,True
GILD,2025Q3,2025Q2,2025Q1,2024Q4,2024Q3,,2.43,1.56,1.04,1.42,1.0,,True
GL,2025Q3,2025Q2,2025Q1,2024Q4,2024Q3,,4.73,3.05,3.01,3.01,3.44,,True
GO,2025Q3,2025Q2,2025Q1,2024Q4,2024Q3,,0.12,0.05,-0.24,0.02,0.24,,True
GOVX,2025Q3,2025Q2,2025Q1,2024Q3,2024Q2,,-0.31,-0.35,-0.45,-0.91,-1.99,,True
GRMN,2025Q3,2025Q2,2025Q1,2024Q4,2024Q3,,2.08,2.07,1.72,2.25,2.07,,True
GRWG,2025Q3,2025Q2,2025Q1,2024Q4,2024Q3,,-0.04,-0.08,-0.16,-0.39,-0.19,,True
GS,2025Q4,2025Q3,2025Q2,2025Q1,2024Q4,,14.01,12.25,10.91,14.12,11.95,,True
GVA,2025Q3,2025Q2,2025Q1,2024Q4,2024Q3,,1.98,1.42,-0.77,0.84,1.57,,True
HBI,2025Q3,2025Q2,2025Q1,2024Q4,2024Q3,,0.76,0.23,-0.03,-0.04,0.08,,True
HCA,2025Q3,2025Q2,2025Q1,2024Q4,2024Q3,,6.96,6.83,6.45,5.63,4.88,,True
HCC,2025Q3,2025Q2,2025Q1,2024Q4,2024Q3,,0.7,0.11,-0.16,0.02,0.8,,True
HDSN,2025Q3,2025Q2,2025Q1,2024Q4,2024Q3,,0.27,0.23,0.06,-0.06,0.17,,True
HELE,2025Q4,2025Q3,2025Q2,2024Q4,2024Q3,,-3.65,-13.44,-19.65,2.17,0.74,,True
HIG,2025Q3,2025Q2,2025Q1,2024Q4,2024Q3,,3.77,3.44,2.15,2.88,2.56,,True
HON,2025Q3,2025Q2,2025Q1,2024Q4,2024Q3,,2.86,2.45,2.22,1.96,2.16,,True
HOOD,2025Q3,2025Q2,2025Q1,2024Q4,2024Q3,,0.61,0.42,0.37,1.01,0.17,,True
HPP,2025Q3,2025Q2,2025Q1,2024Q4,2024Q3,,-2.1,-2.87,-3.71,-8.26,-4.83,,True
HPQ,2025Q4,2025Q3,2025Q2,2025Q1,2024Q4,,0.84,0.8,0.42,0.59,0.93,,True
HRTG,2025Q3,2025Q2,2025Q1,2024Q4,2024Q3,,1.63,1.55,0.99,0.66,0.27,,True
HSCS,2025Q4,2025Q3,2025Q1,2024Q4,2024Q3,,-0.85,-1.58,-2.57,-2.27,-2.64,,True
HSTM,2025Q3,2025Q2,2025Q1,2024Q4,2024Q3,,0.2,0.18,0.14,0.16,0.19,,True
HTB,2025Q2,2025Q1,2024Q4,2024Q3,2024Q2,,1.0,0.84,0.83,0.76,0.73,,True
HTLD,2025Q3,2025Q2,2025Q1,2024Q4,2024Q3,,-0.11,-0.14,-0.18,-0.02,-0.12,,True
HUBB,2025Q3,2025Q2,2025Q1,2024Q4,2024Q3,,4.77,4.56,3.15,3.64,4.05,,True
HUBS,2025Q3,2025Q2,2025Q1,2024Q4,2024Q3,,0.31,-0.06,-0.42,0.09,0.16,,True
IBKR,2025Q3,2025Q2,2025Q1,2024Q4,2024Q3,,0.59,0.51,0.48,0.5,0.45,,True
IBOC,2025Q3,2025Q2,2025Q1,2024Q3,2024Q2,,1.74,1.61,1.56,1.6,1.56,,True
ICE,2025Q3,2025Q1,2024Q4,2024Q3,2024Q2,,1.42,1.38,1.21,1.14,1.1,,True
IDN,2025Q3,2025Q2,2025Q1,2024Q3,2024Q2,,0.01,-0.01,-0.02,-0.04,-0.01,,True
IDT,2025Q4,2025Q2,2025Q1,2024Q4,2024Q2,,0.89,0.86,0.8,0.68,0.22,,True
IESC,2025Q3,2025Q1,2024Q4,2024Q3,2024Q2,,4.99,3.5,2.72,3.06,2.67,,True
IMAX,2025Q3,2025Q2,2025Q1,2024Q4,2024Q3,,0.37,0.2,0.04,0.1,0.26,,True
IMRX,2025Q3,2025Q2,2025Q1,2024Q4,2024Q3,,-0.38,-0.4,-0.42,-0.58,-0.49,,True
INCY,2025Q3,2025Q2,2025Q1,2024Q4,2024Q3,,2.11,2.04,0.8,1.02,0.54,,True
INVA,2025Q3,2025Q2,2025Q1,2024Q4,2024Q3,,1.08,0.77,-0.74,0.26,0.02,,True
IOVA,2025Q3,2025Q2,2025Q1,2024Q4,2024Q3,,-0.25,-0.33,-0.36,-0.26,-0.28,,True
IQV,2025Q3,2025Q2,2025Q1,2024Q4,2024Q3,,1.93,1.54,1.4,2.42,1.55,,True
ITGR,2025Q3,2025Q2,2025Q1,2024Q4,2024Q3,,1.11,1.04,-0.66,0.9,0.99,,True
ITT,2025Q3,2025Q2,2025Q1,2024Q4,2024Q3,,1.62,1.52,1.33,1.55,1.96,,True
ITW,2025Q3,2025Q2,2025Q1,2024Q4,2024Q3,,2.81,2.58,2.38,2.54,3.91,,True
JBHT,2025Q4,2025Q3,2025Q2,2025Q1,2024Q4,,1.9,1.76,1.31,1.17,1.53,,True
JKHY,2025Q3,2025Q2,2025Q1,2024Q4,2024Q3,,1.97,1.75,1.52,1.34,1.63,,True
JOE,2025Q3,2025Q2,2025Q1,2024Q4,2024Q3,,0.67,0.51,0.3,0.32,0.29,,True
JRSH,2025Q3,2025Q2,2025Q1,2024Q4,2024Q3,,0.04,0.03,-0.01,0.0,0.05,,True
KDP,2025Q3,2025Q2,2025Q1,2024Q4,2024Q3,,0.49,0.4,0.38,-0.11,0.45,,True
KEY,2025Q3,2025Q2,2025Q1,2024Q4,2024Q3,,0.41,0.35,0.33,-0.28,-0.47,,True
KFFB,2025Q3,2025Q2,2025Q1,2024Q4,2024Q3,,0.04,0.02,0.0,0.0,-0.0,,True
KFRC,2025Q3,2025Q2,2025Q1,2024Q4,2024Q3,,0.61,0.56,0.43,0.58,0.74,,True
KFY,2025Q4,2025Q3,2025Q2,2025Q1,2024Q4,,1.36,1.26,1.21,1.1,1.14,,True
KGC,2025Q3,2025Q2,2025Q1,2024Q3,2024Q2,,0.48,0.43,0.3,0.29,0.17,,True
KKR,2025Q3,2025Q2,2025Q1,2024Q4,2024Q3,,0.9,0.5,-0.22,1.18,0.64,,True
KLIC,2025Q3,2025Q2,2025Q1,2024Q4,2024Q3,,0.12,-0.06,-1.59,1.51,0.22,,True
KNF,2025Q3,2025Q2,2025Q1,2024Q4,2024Q3,,2.52,0.89,-1.21,0.41,2.6,,True
KRNY,2025Q3,2025Q1,2024Q4,2024Q3,2024Q2,,0.15,0.11,0.1,0.1,-1.45,,True
KRYS,2025Q3,2025Q2,2025Q1,2024Q4,2024Q3,,2.66,1.29,1.2,1.52,0.91,,True
KTTA,2025Q3,2025Q2,2025Q1,2024Q3,2024Q2,,-0.41,-0.66,-1.61,-2.87,-3.71,,True
L,2025Q3,2025Q2,2025Q1,2024Q4,2024Q3,,2.43,1.87,1.74,0.86,1.82,,True
LCNB,2025Q3,2025Q2,2025Q1,2024Q4,2024Q3,,0.49,0.41,0.33,0.44,0.31,,True
LDI,2025Q3,2025Q2,2025Q1,2024Q4,2024Q3,,-0.02,-0.06,-0.11,-0.17,0.01,,True
LGND,2025Q3,2025Q2,2025Q1,2024Q4,2024Q3,,5.68,0.24,-2.21,-1.64,-0.39,,True
LH,2025Q3,2025Q2,2025Q1,2024Q4,2024Q3,,3.12,2.84,2.52,1.7,2.0,,True
LHX,2025Q3,2025Q2,2025Q1,2024Q4,2024Q3,,2.46,2.44,2.04,2.37,2.1,,True
LIF,2025Q3,2025Q2,2025Q1,2024Q3,2024Q2,,0.11,0.08,0.05,0.09,-0.15,,True
LIN,2025Q3,2025Q2,2025Q1,2024Q3,2024Q2,,4.09,3.73,3.51,3.22,3.44,,True
LITS,2025Q3,2025Q1,2024Q4,2024Q3,,,-0.12,-0.39,-0.4,-1.2,,,True
LMAT,2025Q3,2025Q2,2025Q1,2024Q4,2024Q3,,0.75,0.6,0.48,0.49,0.49,,True
LNAI,2025Q3,2025Q1,2024Q4,2024Q3,,,0.13,0.0,-0.4,-2.76,,,True
LNW,2025Q3,2025Q2,2025Q1,2024Q4,2024Q3,,1.34,1.11,0.94,1.2,0.71,,True
LOCL,2025Q3,2025Q2,2025Q1,2024Q4,2024Q3,,-1.18,-1.63,-4.32,-4.21,-4.01,,True
LPG,2025Q3,2025Q2,2025Q1,2024Q4,2024Q3,,1.3,0.24,0.19,0.5,0.22,,True
LPSN,2025Q3,2025Q2,2025Q1,2024Q4,2024Q3,,0.98,-0.17,-0.24,-1.27,-4.8,,True
LXU,2025Q3,2025Q2,2025Q1,2024Q4,2024Q3,,0.1,0.04,-0.02,-0.13,-0.35,,True
LYFT,2025Q3,2025Q2,2025Q1,2024Q3,2024Q2,,0.11,0.1,0.01,-0.03,0.01,,True
LYV,2025Q3,2025Q2,2025Q1,2024Q3,2024Q2,,0.73,0.41,-0.32,1.66,1.03,,True
MAIN,2025Q3,2025Q2,2025Q1,2024Q4,2024Q3,,1.38,1.37,1.31,1.97,1.42,,True
MAMO,2025Q3,2025Q2,2025Q1,2024Q3,2024Q2,,0.04,0.0,-0.05,-0.06,0.07,,True
MATX,2025Q3,2025Q2,2025Q1,2024Q4,2024Q3,,4.24,2.92,2.18,3.8,5.89,,True
MBI,2025Q3,2025Q2,2025Q1,2024Q3,2024Q2,,-0.17,-1.12,-1.28,-1.18,-5.34,,True
MCD,2025Q3,2025Q2,2025Q1,2024Q4,2024Q3,,3.18,3.14,2.6,2.8,3.13,,True
MCHP,2025Q3,2025Q2,2025Q1,2024Q4,2024Q3,,0.03,-0.09,-0.29,-0.1,0.14,,True
MCS,2025Q3,2025Q2,2025Q1,2024Q4,2024Q3,,0.52,0.23,-0.54,0.03,0.73,,True
MDLZ,2025Q3,2025Q2,2025Q1,2024Q4,2024Q3,,0.57,0.49,0.31,1.3,0.63,,True
MDRR,2025Q3,2025Q2,2025Q1,2024Q3,2024Q2,,-0.33,-0.34,-0.74,-0.47,-0.94,,True
MEI,2025Q4,2025Q3,2025Q2,2025Q1,2024Q4,,-0.28,-0.29,-0.8,-0.41,-0.05,,True
MG,2025Q3,2025Q2,2025Q1,2024Q4,2024Q3,,0.41,0.1,-0.1,0.17,0.2,,True
MH,2025Q3,2025Q2,2024Q4,2024Q3,2024Q2,,0.57,0.0,-0.28,0.7,-0.05,,True
MIRM,2025Q3,2025Q2,2025Q1,2024Q4,2024Q3,,0.05,-0.12,-0.3,-0.49,-0.3,,True
MKC,2025Q3,2025Q2,2025Q1,2024Q4,2024Q3,,0.84,0.65,0.6,0.8,0.83,,True
MKL,2025Q3,2025Q2,2025Q1,2024Q4,2024Q3,,59.25,49.67,12.08,38.74,66.25,,True
MLM,2025Q3,2025Q2,2025Q1,2024Q4,2024Q3,,6.85,5.43,1.9,4.79,5.91,,True
MLYS,2025Q3,2025Q2,2025Q1,2024Q4,2024Q3,,-0.52,-0.66,-0.79,-0.98,-1.13,,True
MNST,2025Q3,2025Q2,2025Q1,2024Q4,2024Q3,,0.53,0.5,0.45,0.38,0.4,,True
MOG-A,2025Q3,2025Q2,2025Q1,2024Q4,2024Q3,,2.01,1.87,1.75,1.64,1.33,,True
MPC,2025Q3,2025Q2,2025Q1,2024Q4,2024Q3,,4.51,3.96,-0.24,1.15,1.87,,True
MRAM,2025Q3,2025Q2,2025Q1,2024Q3,2024Q2,,0.0,-0.03,-0.05,0.1,-0.12,,True
MRBK,2025Q3,2025Q2,2025Q1,2024Q4,2024Q3,,0.58,0.49,0.21,0.49,0.42,,True
MRKR,2025Q3,2025Q2,2025Q1,2024Q3,2024Q2,,-0.12,-0.29,-0.4,-0.26,-0.25,,True
MRNA,2025Q3,2025Q2,2025Q1,2024Q4,2024Q3,,-0.51,-2.13,-2.52,-2.91,0.03,,True
MRVL,2025Q4,2025Q3,2025Q2,2025Q1,2024Q4,,2.2,0.22,0.2,0.23,-0.78,,True
MSA,2025Q3,2025Q2,2025Q1,2024Q4,2024Q3,,1.77,1.59,1.51,2.22,1.69,,True
MSCI,2025Q3,2025Q2,2025Q1,2024Q4,2024Q3,,4.25,3.92,3.71,3.9,3.57,,True
MSEX,2025Q3,2025Q2,2025Q1,2024Q4,2024Q3,,0.77,0.6,0.53,0.49,0.8,,True
MSFT,2025Q3,2025Q2,2025Q1,2024Q4,2024Q3,,3.72,3.65,3.46,3.23,3.3,,True
MSI,2025Q3,2025Q2,2025Q1,2024Q4,2024Q3,,3.33,3.04,2.53,3.56,3.29,,True
MSPR,2025Q3,2025Q2,2025Q1,2024Q3,2024Q2,,-132.71,-204.05,-235.9,-219.79,-259.91,,True
MTCH,2025Q3,2025Q2,2025Q1,2024Q4,2024Q3,,0.62,0.49,0.44,0.59,0.51,,True
MTG,2025Q3,2025Q2,2025Q1,2024Q4,2024Q3,,0.83,0.81,0.75,0.72,0.77,,True
MTSI,2025Q3,2025Q2,2025Q1,2024Q4,2024Q3,,0.59,0.48,0.42,-2.3,0.39,,True
MTVA,2025Q3,2025Q2,2025Q1,2024Q3,2024Q2,,-1.54,-2.86,-3.96,-6.05,-20.35,,True
MTW,2025Q3,2025Q2,2025Q1,2024Q4,2024Q3,,0.14,0.04,-0.18,1.59,-0.2,,True
MTZ,2025Q3,2025Q2,2025Q1,2024Q4,2024Q3,,2.04,1.09,0.13,0.95,1.21,,True
MU,2025Q4,2025Q3,2025Q2,2025Q1,2024Q4,,4.6,2.83,1.68,1.41,1.67,,True
MYSE,2025Q3,2025Q2,2025Q1,2024Q3,2024Q2,,-0.28,-0.29,-0.36,-0.42,-0.33,,True
NATR,2025Q3,2025Q2,2025Q1,2024Q3,2024Q2,,0.3,0.28,0.25,0.23,0.07,,True
NBHC,2025Q3,2025Q2,2025Q1,2024Q4,2024Q3,,0.92,0.88,0.63,0.73,0.86,,True
NCDL,2025Q3,2025Q2,2025Q1,2024Q3,2024Q2,,0.38,0.32,0.29,0.67,0.37,,True
NCMI,2025Q3,2025Q2,2025Q1,2024Q4,2024Q3,,0.02,-0.11,-0.32,0.26,-0.04,,True
NDSN,2025Q4,2025Q3,2025Q2,2025Q1,2024Q4,,2.69,2.22,1.97,1.65,2.12,,True
NECB,2025Q3,2025Q2,2025Q1,2024Q4,2024Q3,,0.87,0.82,0.78,0.8,0.95,,True
NEE,2025Q3,2025Q2,2025Q1,2024Q4,2024Q3,,1.18,0.98,0.4,0.58,0.9,,True
NFBK,2025Q3,2025Q2,2025Q1,2024Q4,2024Q3,,0.27,0.24,0.19,0.27,0.16,,True
NGNE,2025Q3,2025Q2,2025Q1,2024Q3,2024Q2,,-0.99,-1.05,-1.08,-1.19,-1.09,,True
NKE,2025Q4,2025Q3,2025Q2,2025Q1,2024Q4,,0.53,0.49,0.14,0.54,0.78,,True
NKTR,2025Q3,2025Q2,2025Q1,2024Q4,2024Q3,,-1.87,-2.95,-3.6,0.45,-2.7,,True
NTLA,2025Q3,2025Q2,2025Q1,2024Q4,2024Q3,,-0.92,-0.98,-1.1,-1.27,-1.34,,True
NTRS,2025Q3,2025Q2,2025Q1,2024Q4,2024Q3,,2.29,2.13,1.9,2.26,2.22,,True
NUAI,2025Q3,2025Q2,2025Q1,2024Q3,2024Q2,,-0.2,-0.21,-0.24,-0.08,-0.18,,True
NUE,2025Q3,2025Q2,2025Q1,2024Q4,2024Q3,,2.63,2.6,0.67,1.22,1.05,,True
NVDA,2025Q4,2025Q3,2025Q2,2025Q1,2024Q4,,1.3,1.08,0.76,0.89,0.78,,True
NVR,2025Q3,2025Q2,2025Q1,2024Q4,2024Q3,,112.33,108.54,94.83,139.93,130.5,,True
NVVE,2025Q3,2025Q2,2025Q1,2024Q4,2024Q3,,-9.6,-84.8,-155.2,-230.0,-98.8,,True
NWPX,2025Q3,2025Q2,2025Q1,2024Q4,2024Q3,,1.38,0.91,0.39,1.0,1.02,,True
NXXT,2025Q3,2025Q2,2025Q1,2024Q3,2024Q2,,-0.12,-0.3,-1.6,-0.71,-0.05,,True
ODFL,2025Q3,2025Q2,2025Q1,2024Q4,2024Q3,,1.28,1.27,1.19,1.23,1.43,,True
ODP,2025Q3,2025Q2,2025Q1,2024Q4,2024Q3,,0.72,0.0,-0.97,-0.11,1.73,,True
OFG,2025Q3,2025Q2,2025Q1,2024Q4,2024Q3,,1.16,1.15,1.0,1.09,1.0,,True
OGN,2025Q3,2025Q2,2025Q1,2024Q4,2024Q3,,0.61,0.56,0.33,0.42,1.38,,True
OHI,2025Q3,2025Q2,2025Q1,2024Q4,2024Q3,,0.59,0.46,0.33,0.41,0.42,,True
OKE,2025Q3,2025Q2,2025Q1,2024Q4,2024Q3,,1.49,1.34,1.04,1.57,1.18,,True
OLP,2025Q3,2025Q2,2025Q1,2024Q4,2024Q3,,0.48,0.39,0.18,0.49,0.23,,True
ON,2025Q3,2025Q2,2025Q1,2024Q4,2024Q3,,0.63,0.41,-1.15,0.88,0.93,,True
ONTF,2025Q3,2025Q2,2025Q1,2024Q4,2024Q3,,-0.15,-0.17,-0.21,-0.21,-0.27,,True
OPBK,2025Q3,2025Q2,2025Q1,2024Q4,2024Q3,,0.45,0.42,0.37,0.33,0.36,,True
OPCH,2025Q3,2025Q2,2025Q1,2024Q4,2024Q3,,0.32,0.31,0.28,0.35,0.31,,True
ORLY,2025Q3,2025Q2,2025Q1,2024Q4,2024Q3,,0.85,0.78,0.62,0.63,0.76,,True
ORRF,2025Q3,2025Q2,2025Q1,2024Q4,2024Q3,,1.13,1.01,0.93,0.71,-0.41,,True
OS,2025Q3,2025Q2,2025Q1,2024Q4,2024Q3,,-0.05,-0.1,-0.14,-0.19,-1.06,,True
PACS,2025Q3,2025Q2,2025Q1,2024Q3,2024Q2,,0.32,0.31,0.17,0.1,-0.07,,True
PAR,2025Q3,2025Q2,2025Q1,2024Q4,2024Q3,,-0.45,-0.52,-0.6,-0.57,-0.56,,True
PARR,2025Q3,2025Q2,2025Q1,2024Q4,2024Q3,,5.16,1.17,-0.57,-1.01,0.13,,True
PATH,2025Q4,2025Q3,2025Q2,2025Q1,2024Q4,,0.37,0.0,-0.04,0.09,-0.02,,True
PAYX,2025Q4,2025Q3,2025Q2,2025Q1,2024Q4,,1.1,1.06,0.82,1.43,1.14,,True
PB,2025Q3,2025Q2,2025Q1,2024Q4,2024Q3,,1.45,1.42,1.37,1.37,1.34,,True
PCB,2025Q3,2025Q2,2025Q1,2024Q4,2024Q3,,0.78,0.62,0.53,0.46,0.52,,True
PCSA,2025Q3,2025Q2,2025Q1,2024Q3,2024Q2,,-1.75,-6.25,-7.5,-25.75,-25.25,,True
PCYO,2025Q4,2025Q2,2025Q1,2024Q4,2024Q2,,0.19,0.09,0.03,0.16,0.12,,True
PD,2025Q4,2025Q3,2025Q2,2025Q1,2024Q4,,1.69,0.1,-0.07,-0.12,-0.07,,True
PEN,2025Q3,2025Q2,2025Q1,2024Q4,2024Q3,,1.17,1.15,1.0,0.86,0.75,,True
PEPG,2025Q3,2025Q2,2025Q1,2024Q4,2024Q3,,-0.52,-0.7,-0.92,-0.68,-0.66,,True
PFBC,2025Q3,2025Q2,2025Q1,2024Q3,2024Q2,,2.84,2.57,2.23,2.46,2.48,,True
PHR,2025Q4,2025Q3,2025Q2,2025Q1,2024Q4,,0.07,0.01,-0.07,-0.11,-0.25,,True
PHUN,2025Q3,2025Q2,2025Q1,2024Q3,2024Q2,,-0.12,-0.16,-0.18,-0.25,-0.32,,True
PKE,2025Q4,2025Q3,2025Q2,2025Q1,2024Q4,,0.15,0.12,0.1,0.06,0.08,,True
PLAB,2025Q4,2025Q3,2025Q2,2025Q1,2024Q4,,1.07,0.39,0.15,0.68,0.54,,True
PLBY,2025Q3,2025Q2,2025Q1,2024Q4,2024Q3,,0.0,-0.08,-0.1,-0.15,-0.45,,True
PLMR,2025Q3,2025Q2,2025Q1,2024Q4,2024Q3,,1.87,1.68,1.57,1.29,1.15,,True
PLNT,2025Q3,2025Q2,2025Q1,2024Q4,2024Q3,,0.7,0.69,0.5,0.56,0.5,,True
PLTK,2025Q3,2025Q2,2025Q1,2024Q4,2024Q3,,0.11,0.09,0.08,-0.04,0.11,,True
PLTR,2025Q3,2025Q2,2025Q1,2024Q4,2024Q3,,0.18,0.13,0.08,0.03,0.06,,True
PM,2025Q3,2025Q2,2025Q1,2024Q4,2024Q3,,2.23,1.95,1.72,-0.38,1.97,,True
PNBK,2025Q3,2025Q2,2025Q1,2024Q3,2024Q2,,-0.03,-0.06,-0.21,-6.78,-0.77,,True
PNC,2025Q4,2025Q3,2025Q2,2025Q1,2024Q4,,4.88,4.35,3.85,3.51,3.77,,True
PNFP,2025Q3,2025Q2,2025Q1,2024Q4,2024Q3,,2.19,2.0,1.77,1.91,1.86,,True
PNW,2025Q3,2025Q2,2025Q1,2024Q4,2024Q3,,3.39,1.58,-0.04,-0.06,3.37,,True
PPCB,2025Q3,2025Q1,2024Q4,2024Q3,,,-0.39,-12.5,-32.22,-287.76,,,True
PPG,2025Q3,2025Q2,2025Q1,2024Q4,2024Q3,,2.0,1.98,1.63,-1.2,2.0,,True
PRI,2025Q3,2025Q2,2025Q1,2024Q4,2024Q3,,6.35,5.4,5.05,4.96,4.83,,True
PRIM,2025Q3,2025Q2,2025Q1,2024Q4,2024Q3,,1.73,1.54,0.81,0.99,1.07,,True
PRKS,2025Q3,2025Q2,2025Q1,2024Q4,2024Q3,,1.61,1.45,-0.29,0.5,2.08,,True
PRLB,2025Q3,2025Q1,2024Q4,2024Q3,2024Q2,,0.3,0.15,-0.02,0.29,0.18,,True
PRLD,2025Q3,2025Q2,2025Q1,2024Q3,2024Q2,,-0.26,-0.41,-0.42,-0.43,-0.46,,True
PRTH,2025Q3,2025Q2,2025Q1,2024Q4,2024Q3,,0.34,0.14,0.1,-0.05,0.07,,True
PSTG,2025Q4,2025Q3,2025Q2,2025Q1,2024Q4,,0.16,0.14,-0.04,0.12,0.19,,True
PULM,2025Q3,2025Q2,2025Q1,2024Q3,2024Q2,,-0.24,-0.42,-0.5,-0.71,-1.59,,True
PWR,2025Q3,2025Q2,2025Q1,2024Q4,2024Q3,,2.24,1.52,0.96,2.03,1.95,,True
QCLS,2025Q3,2025Q2,2025Q1,2024Q3,2024Q2,,-2.5,-18.0,-36.0,-107.62,-454.0,,True
QRHC,2025Q3,2025Q2,2025Q1,2024Q4,2024Q3,,-0.06,-0.09,-0.5,-0.46,-0.16,,True
QS,2025Q3,2025Q2,2025Q1,2024Q4,2024Q3,,-0.18,-0.2,-0.21,-0.22,-0.23,,True
QTTB,2025Q3,2025Q2,2025Q1,2024Q3,2024Q2,,-0.6,-0.78,-0.9,-1.46,-1.42,,True
RBOT,2025Q3,2025Q2,2025Q1,2024Q4,2024Q3,,-1.86,-2.23,-2.6,-2.36,-2.9,,True
RCL,2025Q3,2025Q2,2025Q1,2024Q4,2024Q3,,5.74,4.41,2.7,2.06,4.21,,True
RDDT,2025Q3,2025Q2,2025Q1,2024Q4,2024Q3,,0.8,0.45,0.13,0.36,0.16,,True
REGN,2025Q3,2025Q2,2025Q1,2024Q4,2024Q3,,13.62,12.81,7.27,8.06,11.54,,True
RENT,2025Q4,2025Q3,2025Q2,2025Q1,2024Q4,,13.65,-6.55,-6.58,-3.44,-4.43,,True
REYN,2025Q3,2025Q2,2025Q1,2024Q4,2024Q3,,0.38,0.35,0.15,0.58,0.41,,True
RHLD,2025Q2,2025Q1,2024Q4,2024Q3,2024Q2,,-0.07,-0.39,-274.98,3.28,0.0,,True
RNG,2025Q3,2025Q2,2025Q1,2024Q4,2024Q3,,0.19,0.14,-0.11,-0.08,-0.09,,True
RNR,2025Q3,2025Q2,2025Q1,2024Q4,2024Q3,,19.4,17.2,3.27,-3.95,22.62,,True
ROKU,2025Q3,2025Q2,2025Q1,2024Q4,2024Q3,,0.16,0.07,-0.19,-0.24,-0.06,,True
ROL,2025Q3,2025Q2,2025Q1,2024Q4,2024Q3,,0.34,0.29,0.22,0.22,0.28,,True
ROP,2025Q3,2025Q2,2025Q1,2024Q4,2024Q3,,3.68,3.49,3.06,4.28,3.4,,True
ROST,2025Q4,2025Q3,2025Q2,2025Q1,2024Q4,,1.58,1.56,1.47,1.79,1.48,,True
RSG,2025Q3,2025Q2,2025Q1,2024Q4,2024Q3,,1.76,1.75,1.58,1.63,1.8,,True
RSSS,2025Q3,2025Q1,2024Q4,2024Q3,,,0.02,0.01,-0.07,0.02,,,True
RTX,2025Q3,2025Q2,2025Q1,2024Q4,2024Q3,,1.41,1.22,1.14,1.1,1.09,,True
RVPH,2025Q3,2025Q2,2025Q1,2024Q3,2024Q2,,-0.06,-0.12,-0.13,-0.25,-0.26,,True
RY,2025Q4,2025Q3,2025Q2,2025Q1,2024Q4,,3.76,3.75,3.02,3.54,2.91,,True
SBAC,2025Q3,2025Q2,2025Q1,2024Q4,2024Q3,,2.2,2.09,1.77,1.61,2.4,,True
SBGI,2025Q3,2025Q2,2025Q1,2024Q4,2024Q3,,-0.02,-0.91,-2.3,2.61,1.43,,True
SCCO,2025Q3,2025Q2,2025Q1,2024Q4,2024Q3,,1.34,1.2,1.16,0.97,1.1,,True
SCHW,2025Q3,2025Q2,2025Q1,2024Q4,2024Q3,,1.26,1.08,0.99,0.94,0.71,,True
SDGR,2025Q3,2025Q2,2025Q1,2024Q3,2024Q2,,-0.45,-0.59,-0.82,-0.52,-0.74,,True
SEI,2025Q3,2025Q2,2025Q1,2024Q4,2024Q3,,0.31,0.3,0.14,0.19,-0.04,,True
SENEB,2025Q3,2025Q2,2024Q4,2024Q3,2024Q2,,4.29,2.14,2.1,1.9,1.8,,True
SF,2025Q3,2025Q2,2025Q1,2024Q4,2024Q3,,1.84,1.34,0.39,2.09,1.34,,True
SGI,2025Q3,2025Q2,2025Q1,2024Q4,2024Q3,,0.83,0.47,-0.17,0.4,0.73,,True
SIBN,2025Q3,2025Q2,2025Q1,2024Q4,2024Q3,,-0.11,-0.14,-0.15,-0.11,-0.16,,True
SID,2025Q3,2025Q2,2025Q1,2024Q4,2024Q3,,-0.1,-0.13,-0.47,-0.06,-0.63,,True
SILA,2025Q3,2025Q2,2025Q1,2024Q4,2024Q3,,0.21,0.15,0.13,0.2,0.21,,True
SILO,2025Q3,2025Q2,2025Q1,2024Q3,2024Q2,,-0.12,-0.19,-0.23,-0.22,-0.31,,True
SITM,2025Q3,2025Q2,2025Q1,2024Q3,2024Q2,,-0.31,-0.84,-1.01,-0.83,-1.16,,True
SJM,2025Q4,2025Q3,2025Q2,2025Q1,2024Q4,,2.26,-0.41,-6.85,-6.22,-0.23,,True
SKT,2025Q3,2025Q2,2025Q1,2024Q4,2024Q3,,0.28,0.26,0.17,0.23,0.22,,True
SKYX,2025Q3,2025Q2,2025Q1,2024Q3,2024Q2,,-0.07,-0.08,-0.09,-0.08,-0.08,,True
SLG,2025Q3,2025Q2,2025Q1,2024Q4,2024Q3,,0.34,-0.16,-0.3,0.13,-0.21,,True
SLGN,2025Q3,2025Q2,2025Q1,2024Q4,2024Q3,,1.06,0.83,0.63,0.42,0.93,,True
SLNO,2025Q3,2025Q2,2025Q1,2024Q4,2024Q3,,0.47,-0.09,-0.95,-1.27,-1.83,,True
SMA,2025Q3,2025Q2,2025Q1,2024Q4,2024Q3,,0.09,-0.16,-0.35,-0.04,-0.26,,True
SMBK,2025Q3,2025Q2,2025Q1,2024Q4,2024Q3,,0.81,0.69,0.67,0.57,0.54,,True
SMHI,2025Q3,2025Q2,2025Q1,2024Q4,2024Q3,,0.35,-0.26,-0.56,-0.94,-0.59,,True
SMRT,2025Q3,2025Q2,2025Q1,2024Q4,2024Q3,,-0.03,-0.06,-0.21,-0.06,-0.05,,True
SNDK,2025Q3,2025Q2,2025Q1,2024Q4,2024Q3,,0.75,-0.16,-13.33,0.72,1.46,,True
SNES,2025Q3,2025Q2,2025Q1,2024Q4,2024Q3,,-0.28,-0.87,-1.28,-1.22,-2.07,,True
SNFCA,2025Q3,2025Q2,2025Q1,2024Q3,2024Q2,,0.31,0.25,0.17,0.47,0.29,,True
SNX,2025Q4,2025Q3,2025Q2,2025Q1,2024Q4,,3.04,2.74,2.21,1.98,2.29,,True
SPB,2025Q3,2025Q2,2025Q1,2024Q4,2024Q3,,2.29,0.8,0.03,0.84,1.01,,True
SPFI,2025Q3,2025Q2,2025Q1,2024Q4,2024Q3,,0.96,0.86,0.72,0.96,0.66,,True
SPG,2025Q3,2025Q2,2025Q1,2024Q4,2024Q3,,1.86,1.7,1.27,2.04,1.46,,True
SPXC,2025Q3,2025Q2,2025Q1,2024Q4,2024Q3,,1.28,1.1,1.09,1.2,1.06,,True
SSD,2025Q3,2025Q2,2025Q1,2024Q4,2024Q3,,2.58,2.47,1.85,1.31,2.21,,True
STIM,2025Q3,2025Q2,2025Q1,2024Q4,2024Q3,,-0.13,-0.15,-0.21,-0.33,-0.44,,True
STLD,2025Q3,2025Q2,2025Q1,2024Q4,2024Q3,,2.74,2.01,1.44,1.36,2.05,,True
STTK,2025Q3,2025Q2,2025Q1,2024Q4,2024Q3,,-0.14,-0.24,-0.27,-0.37,-0.33,,True
SVCO,2025Q3,2025Q2,2025Q1,2024Q4,2024Q3,,-0.18,-0.32,-0.67,0.14,-0.23,,True
SWKS,2025Q3,2025Q2,2025Q1,2024Q4,2024Q3,,0.94,0.7,0.43,1.0,0.37,,True
SXTP,2025Q3,2025Q2,2025Q1,2024Q3,2024Q2,,-0.63,-1.25,-1.56,-4.42,-21.12,,True
SYF,2025Q3,2025Q2,2025Q1,2024Q4,2024Q3,,2.86,2.5,1.89,1.91,1.94,,True
TCBX,2025Q3,2025Q2,2025Q1,2024Q4,2024Q3,,1.03,0.96,0.78,0.79,0.74,,True
TDY,2025Q3,2025Q2,2025Q1,2024Q4,2024Q3,,4.65,4.43,3.99,4.2,5.54,,True
TELA,2025Q3,2025Q2,2025Q1,2024Q4,2024Q3,,-0.19,-0.22,-0.25,-0.23,-0.42,,True
TFC,2025Q3,2025Q2,2025Q1,2024Q4,2024Q3,,1.04,0.9,0.87,0.91,0.99,,True
TFSL,2025Q3,2025Q2,2025Q1,2024Q4,2024Q3,,0.09,0.08,0.07,0.08,0.06,,True
TIL,2025Q3,2025Q2,2025Q1,2024Q4,2024Q3,,-2.01,-3.24,-4.32,-1.82,-3.54,,True
TITN,2025Q4,2025Q3,2025Q2,2025Q1,2024Q4,,0.05,-0.26,-0.58,-1.93,0.07,,True
TJX,2025Q4,2025Q3,2025Q2,2025Q1,2024Q4,,1.28,1.1,0.92,1.23,1.14,,True
TNDM,2025Q3,2025Q2,2025Q1,2024Q4,2024Q3,,-0.31,-0.78,-1.97,0.01,-0.35,,True
TNGX,2025Q3,2025Q2,2025Q1,2024Q4,2024Q3,,0.13,-0.35,-0.36,-0.35,-0.27,,True
TNYA,2025Q3,2025Q2,2025Q1,2024Q4,2024Q3,,-0.12,-0.14,-0.24,-0.28,-0.3,,True
TOL,2025Q4,2025Q3,2025Q2,2025Q1,2024Q4,,4.58,3.73,3.5,1.75,4.63,,True
TOST,2025Q3,2025Q2,2025Q1,2024Q4,2024Q3,,0.16,0.13,0.09,0.05,0.07,,True
TRMB,2025Q3,2025Q2,2025Q1,2024Q4,2024Q3,,0.46,0.37,0.27,0.36,0.16,,True
TRNO,2025Q3,2025Q2,2025Q1,2024Q3,2024Q2,,1.0,0.9,0.47,0.37,0.37,,True
TROW,2025Q3,2025Q2,2025Q1,2024Q4,2024Q3,,2.87,2.24,2.15,1.92,2.64,,True
TRST,2025Q3,2025Q2,2025Q1,2024Q4,2024Q3,,0.86,0.79,0.75,0.59,0.68,,True
TRTX,2025Q3,2025Q2,2025Q1,2024Q4,2024Q3,,0.23,0.21,0.12,0.09,0.23,,True
TRV,2025Q3,2025Q2,2025Q1,2024Q4,2024Q3,,8.24,6.53,1.7,8.96,5.42,,True
TSBK,2025Q3,2025Q2,2025Q1,2024Q4,2024Q3,,1.07,0.9,0.85,0.86,0.79,,True
TSLA,2025Q3,2025Q2,2025Q1,2024Q4,2024Q3,,0.39,0.33,0.12,0.66,0.62,,True
TTD,2025Q3,2025Q2,2025Q1,2024Q4,2024Q3,,0.23,0.18,0.1,0.36,0.19,,True
TTEK,2025Q3,2025Q2,2025Q1,2024Q4,2024Q3,,0.48,0.43,0.02,0.0,0.35,,True
TXN,2025Q3,2025Q2,2025Q1,2024Q4,2024Q3,,1.48,1.41,1.28,1.3,1.47,,True
UHS,2025Q3,2025Q2,2025Q1,2024Q4,2024Q3,,5.86,5.43,4.8,4.96,3.8,,True
ULS,2025Q3,2025Q2,2025Q1,2024Q4,2024Q3,,0.49,0.45,0.33,0.4,0.44,,True
ULY,2025Q3,2025Q2,2025Q1,2024Q4,2024Q3,,-3.63,-4.5,-4.69,-0.65,-9.48,,True
UMH,2025Q3,2025Q2,2025Q1,2024Q4,2024Q3,,0.05,0.03,0.0,0.0,0.11,,True
UPS,2025Q3,2025Q2,2025Q1,2024Q4,2024Q3,,1.55,1.51,1.4,2.01,1.8,,True
URI,2025Q3,2025Q2,2025Q1,2024Q3,2024Q2,,10.91,9.58,7.91,10.7,9.54,,True
USB,2025Q3,2025Q2,2025Q1,2024Q4,2024Q3,,1.22,1.11,1.03,1.01,1.03,,True
VFC,2025Q3,2025Q2,2025Q1,2024Q4,2024Q3,,0.48,-0.3,-0.39,0.43,0.13,,True
VGAS,2025Q3,2025Q2,2025Q1,2024Q4,2024Q3,,-0.06,-0.07,-0.08,-0.14,-0.12,,True
VLO,2025Q3,2025Q2,2025Q1,2024Q4,2024Q3,,3.53,2.28,-1.9,0.88,1.14,,True
VLY,2025Q3,2025Q2,2025Q1,2024Q4,2024Q3,,0.28,0.22,0.18,0.2,0.18,,True
VMC,2025Q3,2025Q2,2025Q1,2024Q4,2024Q3,,2.82,2.42,0.97,2.21,1.56,,True
VNT,2025Q3,2025Q2,2025Q1,2024Q4,2024Q3,,0.7,0.62,0.59,0.82,0.6,,True
VOYA,2025Q3,2025Q2,2025Q1,2024Q4,2024Q3,,1.8,1.66,1.42,0.94,0.98,,True
VPG,2025Q3,2025Q2,2025Q1,2024Q4,2024Q3,,0.59,0.02,-0.07,0.06,-0.1,,True
VRE,2025Q3,2025Q2,2025Q1,2024Q4,2024Q3,,0.8,0.12,-0.12,-0.13,-0.1,,True
VRRM,2025Q3,2025Q2,2025Q1,2024Q4,2024Q3,,0.29,0.24,0.2,-0.41,0.21,,True
VRSN,2025Q3,2025Q2,2025Q1,2024Q4,2024Q3,,2.27,2.21,2.1,2.0,2.07,,True
VRTX,2025Q3,2025Q2,2025Q1,2024Q4,2024Q3,,4.2,3.99,2.49,3.5,4.01,,True
VSEC,2025Q3,2025Q2,2025Q1,2024Q4,2024Q3,,0.19,0.15,-0.44,0.75,0.63,,True
VST,2025Q3,2025Q2,2025Q1,2024Q3,2024Q2,,1.78,0.83,-0.93,5.54,1.06,,True
VUZI,2025Q3,2025Q2,2025Q1,2024Q4,2024Q3,,-0.09,-0.1,-0.11,-0.16,-0.14,,True
WAL,2025Q3,2025Q2,2025Q1,2024Q4,2024Q3,,2.28,2.07,1.79,1.95,1.8,,True
WAT,2025Q3,2025Q2,2025Q1,2024Q4,2024Q3,,2.5,2.47,2.03,3.88,2.71,,True
WATT,2025Q3,2025Q2,2025Q1,2024Q3,2024Q2,,-1.31,-2.4,-3.6,-15.0,-19.5,,True
WBS,2025Q3,2025Q2,2025Q1,2024Q4,2024Q3,,1.54,1.52,1.3,1.01,1.1,,True
WDAY,2025Q4,2025Q3,2025Q2,2025Q1,2024Q4,,0.94,0.84,0.25,0.35,0.72,,True
WEST,2025Q3,2025Q2,2025Q1,2024Q3,2024Q2,,-0.2,-0.23,-0.29,-0.16,-0.2,,True
WEX,2025Q3,2025Q2,2025Q1,2024Q4,2024Q3,,2.3,1.98,1.81,1.6,2.52,,True
WF,2025Q3,2025Q2,2025Q1,2024Q3,2024Q2,,4953.0,3675.0,2343.0,3486.0,3618.0,,True
WFCF,2025Q3,2025Q2,2025Q1,2024Q4,2024Q3,,0.22,0.11,0.01,0.18,0.09,,True
WH,2025Q3,2025Q2,2025Q1,2024Q4,2024Q3,,1.36,1.13,0.78,1.08,1.29,,True
WHG,2025Q3,2025Q2,2025Q1,2024Q4,2024Q3,,0.41,0.12,0.05,0.24,0.01,,True
WPM,2025Q3,2025Q2,2025Q1,2024Q3,2024Q2,,0.81,0.64,0.56,0.34,0.27,,True
WSBC,2025Q3,2025Q2,2025Q1,2024Q4,2024Q3,,0.84,0.57,-0.15,0.7,0.54,,True
WST,2025Q3,2025Q2,2025Q1,2024Q4,2024Q3,,1.92,1.82,1.23,1.78,1.85,,True
XAIR,2025Q3,2025Q2,2025Q1,2024Q4,2024Q3,,-1.25,-1.53,-1.8,-3.0,-5.67,,True
XTIA,2025Q3,2025Q2,2025Q1,2024Q3,2024Q2,,-0.61,-2.93,-3.8,-33.4,-261.99,,True
ZETA,2025Q3,2025Q2,2025Q1,2024Q4,2024Q3,,-0.02,-0.05,-0.1,0.06,-0.09,,True
ZTS,2025Q3,2025Q2,2025Q1,2024Q4,2024Q3,,1.63,1.61,1.41,1.29,1.5,,True
ZWS,2025Q3,2025Q2,2025Q1,2024Q4,2024Q3,,0.35,0.29,0.26,0.21,0.25,,True
