symbol,last_price,eps_ttm,g_est,fcf_ttm,shares,equity_last,roe_ttm,model,intrinsic,upside_pct
24CS,1.4900000095367432,-0.43,0.5,-9184738.0,485000000.0,,,eps_dcf,,
2S,2.6600000858306885,0.191,0.5,-11075000.0,549995954.0,,,eps_dcf,16.169778144811264,507.88637680669933
A,4.840000152587891,-0.5703,-0.5,267951245.0,980000000.0,,,eps_dcf,,
A5,1.840000033378601,0.37870000000000004,-0.5,-696469544.0,1178000045.0,,,eps_dcf,0.4196830569198577,-77.19113862464245
AAI,5.300000190734863,0.49,-0.18181818181818185,861787512.0,2119464700.0,,,eps_dcf,2.772013716748422,-47.69785628320756
AAV,1.190000057220459,0.39940000000000003,0.5,6194620000.0,12850000000.0,,,eps_dcf,33.81261461276242,2741.3960493195427
ABM,0.8100000023841858,-0.13,-0.5,283550443.0,692120446.0,,,eps_dcf,,
ACAP,0.33000001311302185,0.09800000000000002,0.5,143652316.0,406411161.0,,,eps_dcf,8.296535383201592,2414.1015313717903
ACC,0.5600000023841858,-0.057155,0.0,126626000.0,1880333993.0,,,eps_dcf,,
ACE,1.2999999523162842,0.06,-0.5,-470663662.0,9753550760.0,,,eps_dcf,0.06649322264375879,-94.88513653209878
ACG,0.6700000166893005,0.047,0.0,76446982.0,600000000.0,,,eps_dcf,0.6159165109189012,-8.072164839285294
ADB,0.6299999952316284,0.024999999999999998,0.5,319927026.01,725999923.0,,,eps_dcf,2.1164631079595893,235.94652761567744
ADD,2.740000009536743,0.20500000000000002,0.25000000000000006,48082484.0,168000000.0,,,eps_dcf,7.355612168272781,168.45299790770468
ADVANC,297.0,13.09,0.29929577464788737,77704640846.0,2974209736.0,,,eps_dcf,562.3207989308099,89.33360233360604
ADVICE,5.199999809265137,0.43999999999999995,0.0,214041013.7,620000000.0,,,eps_dcf,5.7660269107301385,10.885136965899095
AE,0.10000000149011612,-0.0248,0.0,28282533.0,5143071814.0,,,eps_dcf,,
AEONTS,114.5,11.63,0.0,4305353000.0,248440100.0,,,eps_dcf,152.40657493588984,33.1061789833099
AF,0.3799999952316284,0.007629,-0.5,197403235.0,1600000000.0,,,eps_dcf,0.008454613259153932,-97.77510174598807
AFC,3.8399999141693115,-0.5100000000000001,0.0,20268551.279999997,45574266.0,,,eps_dcf,,
AGE,1.059999942779541,-0.010999999999999996,0.5,1556140571.0,1196523435.0,,,eps_dcf,,
AH,12.800000190734863,2.11,-0.5,37642253.0,336087412.0,,,eps_dcf,2.3383449963055174,-81.73167998858233
AHC,13.800000190734863,1.22,0.5,177981996.0,149909264.0,,,eps_dcf,103.28339966842798,648.4304220355814
AI,3.359999895095825,0.357,-0.5,507694587.0,699999021.0,,,eps_dcf,0.39563467473036484,-88.22515812253971
AIE,1.0800000429153442,0.024,-0.5,332730636.0,1384014009.0,,,eps_dcf,0.026597289057503515,-97.53728814809054
AIMCG,1.9600000381469727,0.146584,-0.5,,288000000.0,,,eps_dcf,0.16244737580021235,-91.71186874293159
AIMIRT,10.300000190734863,1.037736,0.09999999999999995,,791500104.0,,,eps_dcf,20.75471999999998,101.50213219092392
AIRA,1.2400000095367432,-0.0276,0.0,409264752.0,6314878533.0,,,eps_dcf,,
AIT,4.820000171661377,0.373,0.0,657522848.0,1536415572.0,,,eps_dcf,4.8880182675053225,1.4111637639320007
AJ,2.1600000858306885,-0.8280000000000001,-0.5,360782996.0,596498177.0,,,eps_dcf,,
AJA,0.17000000178813934,-0.026999999999999996,0.0,-97046990.0,5364539248.0,,,eps_dcf,,
AKP,0.6200000047683716,0.091,0.0,57794138.0,404000000.0,,,eps_dcf,1.192519201991915,92.34180529360373
AKR,0.9399999976158142,0.158,-0.5,536940672.0,1471897693.0,,,eps_dcf,0.17509881962856483,-81.37246594971491
AKS,0.029999999329447746,-0.1921,-0.5,158773000.0,4073299800.0,,,eps_dcf,,
ALLA,1.159999966621399,0.175,-0.3333333333333333,136283206.0,605084746.0,,,eps_dcf,0.4618559343456702,-60.18483210039515
ALLY,4.420000076293945,0.70174,0.5,,874100000.0,,,eps_dcf,59.40827285518251,1244.078548183981
ALPHAX,0.3400000035762787,0.035800000000000005,0.0,143896999.0,9292374138.0,,,eps_dcf,0.4691449168275887,37.983797615559865
ALT,1.0499999523162842,0.092,0.0,209425884.0,1125908019.0,,,eps_dcf,1.205623808607211,14.821320319836492
ALUCON,185.0,20.98,0.23019431988041852,584727374.0,43199986.0,,,eps_dcf,699.1289656567501,277.90754900364874
AMA,4.159999847412109,0.61,0.3333333333333333,588764913.44,517916773.0,,,eps_dcf,29.576356736726762,610.9701399418534
AMANAH,0.8999999761581421,-0.074,-0.5,536193838.0,1184121871.0,,,eps_dcf,,
AMARC,3.1600000858306885,0.297,0.5,138212383.78,420000000.0,,,eps_dcf,25.143581722559926,695.6829442917651
AMARIN,2.200000047683716,-0.066,-0.5,184985289.0,998281590.0,,,eps_dcf,,
AMATA,16.0,1.71,-0.5,4056400046.0,1150000000.0,,,eps_dcf,1.8950568453471257,-88.15589471658046
AMATAR,6.400000095367432,0.830289,0.09999999999999995,,357890000.0,,,eps_dcf,16.60577999999998,159.46530863366533
AMATAV,2.3399999141693115,-0.0049999999999999906,0.5,-534029966.0,1065898265.0,,,eps_dcf,,
AMC,2.140000104904175,0.23,-0.5,-780789608.0,480096277.0,,,eps_dcf,0.2548906868010754,-88.08922082681445
AMR,0.5,-0.16800000000000004,-0.5,-124335705.0,590710000.0,,,eps_dcf,,
ANAN,0.47999998927116394,-0.03,0.3333333333333334,-267478809.0,4166255157.0,,,eps_dcf,,
ANI,3.119999885559082,0.3359,-0.22222222222222213,885860832.0,1848000000.0,,,eps_dcf,1.5579625382685092,-50.065301429030875
AOT,40.25,1.31,-0.325,24102492046.0,14285700000.0,,,eps_dcf,3.6092544231427457,-91.03290826548387
AP,8.199999809265137,1.451,0.0,3152405624.0,3145899495.0,,,eps_dcf,19.014784198794167,131.88761757420363
APCO,3.259999990463257,0.083,-0.3333333333333333,25228462.0,600000000.0,,,eps_dcf,0.2190516717182322,-93.28062354726866
APCS,1.5499999523162842,-0.19910000000000003,-0.5,-427520852.14,659999862.0,,,eps_dcf,,
APO,1.7400000095367432,0.7625,0.5,106926833.0,340000000.0,,,eps_dcf,64.55212479276749,3609.8922091358963
APP,2.2200000286102295,0.31000000000000005,0.5,135815546.0,280000000.0,,,eps_dcf,26.24414253869892,1082.1685675890892
APURE,2.9000000953674316,0.14,-0.5,90879212.0,929688395.0,,,eps_dcf,0.1551508528354372,-94.6499707678189
AQUA,0.1599999964237213,-0.15159999999999998,-0.5,152717490.0,5712457188.0,,,eps_dcf,,
ARIN,0.6399999856948853,-0.08,-0.5,1347000.0,600000000.0,,,eps_dcf,,
ARIP,0.41999998688697815,0.019,0.0,-4302602.0,466000000.0,,,eps_dcf,0.24898752569061966,-40.7172539370526
ARROW,5.0,0.53,0.18181818181818185,64664947.270000026,256896904.0,,,eps_dcf,14.683723027505831,193.6744605501166
AS,3.200000047683716,0.30000000000000004,-0.5,142248219.0,499246766.0,,,eps_dcf,0.33246611321879405,-89.6104341167293
ASAP,1.2300000190734863,0.018000000000000002,-0.5,3435166094.0,725999972.0,,,eps_dcf,0.019947966793127644,-98.3782141070084
ASEFA,3.2799999713897705,0.13,0.5,91454647.0,516520700.0,,,eps_dcf,11.005608161389866,235.5368371154794
ASIA,5.150000095367432,-0.02,-0.5,203711363.0,320000000.0,,,eps_dcf,,
ASIAN,7.599999904632568,1.05,-0.33333333333333326,947633959.0,812133859.0,,,eps_dcf,2.771135606074022,-63.53768893622116
ASIMAR,1.5,0.16999999999999998,0.5,-125229791.0,258291087.0,,,eps_dcf,14.391949134125213,859.4632756083475
ASK,8.25,0.746132,-0.3939393939393939,10617569316.0,703791280.0,,,eps_dcf,1.4372479480815261,-82.57881275052695
ASN,0.9800000190734863,-0.017073,0.0,45039940.0,187199953.0,,,eps_dcf,,
ASP,2.180000066757202,0.092,-0.5,3706922894.0,2031936744.0,,,eps_dcf,0.10195627472043016,-95.32310680741894
ASW,6.25,1.6,-0.21428571428571436,-1976790902.0,899744550.0,,,eps_dcf,7.7186886416374065,23.499018266198505
ATP30,0.9100000262260437,0.079,0.0,159142043.0,682310058.0,,,eps_dcf,1.035263922608366,13.76526294200422
AU,5.349999904632568,0.33,-0.14285714285714296,253885402.0,815623561.0,,,eps_dcf,2.252138250489987,-57.90395718437566
AUCT,5.75,0.5,-0.5,187515437.0,550000000.0,,,eps_dcf,0.55411018869799,-90.3633010661219
AURA,15.399999618530273,0.9800000000000001,0.28571428571428586,-2414050147.0,1334000000.0,,,eps_dcf,40.08447281236249,160.2887909434119
AWC,2.140000104904175,0.1798,-0.20000000000000004,-2733949037.0,32012971500.0,,,eps_dcf,0.9306537581263071,-56.511508761445604
AXTRART,12.100000381469727,0.8783430000000001,0.0,,2337282928.0,,,eps_dcf,11.510339488298735,-4.8732303684387865
AYUD,33.75,6.01,0.45323741007194257,,389266931.0,,,eps_dcf,437.59879515883944,1196.5890226928575
B,0.03999999910593033,0.005,0.0,51079625.64999999,8074009105.0,,,eps_dcf,0.06552303307647886,63.80758635258202
B-WORK,4.480000019073486,-0.39727500000000004,0.5,,368800000.0,,,eps_dcf,,
B52,0.3499999940395355,-0.09772599999999998,0.3333333333333333,,1006279111.0,,,eps_dcf,,
BA,13.699999809265137,1.6500000000000001,-0.5,4699767930.0,2100000000.0,,,eps_dcf,1.828563622703367,-86.65282008641539
BAFS,9.899999618530273,0.34,-0.3636363636363636,1166928979.0,637496153.0,,,eps_dcf,0.7668986076988196,-92.2535491186951
BAM,7.650000095367432,0.67,0.5,8071272000.0,3232042300.0,,,eps_dcf,56.72121129331701,641.4537331530931
BANPU,4.28000020980835,-0.003,0.0,95247000.0,10018902725.0,,,eps_dcf,,
BAREIT,9.899999618530273,0.83392,0.049999999999999906,,1033000000.0,,,eps_dcf,13.547178322146385,36.840190344952376
BAY,23.5,4.3100000000000005,0.09708737864077657,17988372000.0,7355761773.0,,,eps_dcf,85.17802760242526,262.45969192521386
BBGI,2.9600000381469727,0.08099999999999999,-0.5,1001297138.0,1446000000.0,,,eps_dcf,0.08976585056907435,-96.96736995228996
BBIK,20.600000381469727,1.38,0.08823529411764697,297635248.0,200015474.0,,,eps_dcf,26.29821584432517,27.661239598719362
BBL,152.5,25.540000000000003,0.12522686025408356,-89775356000.0,1908842894.0,,,eps_dcf,565.8499206274217,271.04912828027653
BC,0.7699999809265137,0.1376,-0.5,-192186298.0,576534458.0,,,eps_dcf,0.15249112392968683,-80.19595744064829
BCH,12.199999809265137,0.5800000000000001,0.23076923076923075,1462193841.0,2494000000.0,,,eps_dcf,19.369471355761696,58.76616113593538
BCP,28.25,-0.7000000000000002,-0.5,13995489641.0,1376923157.0,,,eps_dcf,,
BCPG,8.850000381469727,0.24,-0.5,1311294083.0,2995759339.0,,,eps_dcf,0.26597289057503515,-96.994656733214
BCT,48.5,6.17,0.0,202350906.0,300000000.0,,,eps_dcf,80.8554228163749,66.71221199252557
BDMS,19.799999237060547,0.97,-0.15384615384615388,10794641096.0,15892001895.0,,,eps_dcf,6.281240691313865,-68.27656094270455
BE8,5.400000095367432,0.4,-0.5,138999988.0,264709131.0,,,eps_dcf,0.443288150958392,-91.79096031241404
BEAUTY,0.5099999904632568,-0.028999999999999998,0.0,-22609184.119999997,2994193535.0,,,eps_dcf,,
BEC,1.9700000286102295,0.091,0.0,1008588652.0,2000000000.0,,,eps_dcf,1.192519201991915,-39.46603123487271
BEM,5.0,0.27,0.16666666666666682,-23161745356.0,14977876500.0,,,eps_dcf,7.05153826358662,41.0307652717324
BEYOND,6.900000095367432,-0.5931,-0.5,534565437.0,290068730.0,,,eps_dcf,,
BGC,4.639999866485596,0.39,-0.4285714285714286,227390000.0,694444000.0,,,eps_dcf,0.6269818992442107,-86.48745867919398
BGRIM,15.100000381469727,0.11,-0.5,6224861435.0,2606900000.0,,,eps_dcf,0.12190424151355778,-99.19268716268938
BGT,0.4300000071525574,-0.04,0.3333333333333333,48836629.2,363519905.0,,,eps_dcf,,
BH,182.0,8.620000000000001,-0.0655021834061135,6399094622.0,794964292.0,,,eps_dcf,84.35126684511323,-53.65315008510262
BIG,0.36000001430511475,0.0265,-0.5,59389365.0,3528878800.0,,,eps_dcf,0.02936784000099347,-91.84226699054989
BIOTEC,0.20000000298023224,-0.0671,0.0,253116442.0,3053358220.0,,,eps_dcf,,
BIS,2.4600000381469727,0.22399999999999998,0.4999999999999999,236277000.0,316472441.0,,,eps_dcf,18.96350944731792,670.8743558232801
BIZ,3.7200000286102295,0.29000000000000004,0.3333333333333334,-213742534.0,600734989.0,,,eps_dcf,14.060890907624213,277.98093546997313
BJC,19.600000381469727,1.0022,0.5,14093667487.0,4007796699.0,,,eps_dcf,84.84477307188403,332.88148683965414
BJCHI,0.8500000238418579,-0.13,-0.5,26753192.240000002,1586800000.0,,,eps_dcf,,
BKA,1.0199999809265137,0.0,0.0,,,,,eps_dcf,,
BKD,1.0800000429153442,0.14,0.0,151880782.0,,,,eps_dcf,1.8346449261414082,69.87452344807144
BKGI,1.5800000429153442,0.06,-0.5,-17191513.0,600000000.0,,,eps_dcf,0.06649322264375879,-95.79156830141164
BKIH,303.0,31.16,0.1632911392405062,,104044168.0,,,eps_dcf,803.1018535532,165.05011668422443
BLA,17.5,2.89,0.5,,1707566000.0,,,eps_dcf,244.66313528012859,1298.0750587435919
BLAND,0.5,0.009000000000000001,0.0,1126616049.0,17352625154.0,,,eps_dcf,0.11794145953766197,-76.4117080924676
BLC,4.039999961853027,0.29000000000000004,0.0,-296365750.0,600000000.0,,,eps_dcf,3.800335918435774,-5.932278358421728
BLESS,0.25999999046325684,0.0268,0.5,67907381.0,800000000.0,,,eps_dcf,2.26884845173268,772.6340519052109
BLISS,0.030910000205039978,-0.002,0.0,-22723938.0,,,,eps_dcf,,
BM,1.3899999856948853,0.15300000000000002,0.5,153738824.0,647133437.0,,,eps_dcf,12.95275422071269,831.8528312241227
BOFFICE,5.0,0.520504,-0.5,,737872074.0,,,eps_dcf,0.5768331393161171,-88.46333721367765
BOL,5.800000190734863,0.38,0.25000000000000006,169205947.0,820505500.0,,,eps_dcf,13.634793287530032,135.08263515768084
BPP,10.5,1.299,0.5,-647488000.0,3047731700.0,,,eps_dcf,109.97142308958026,947.3468865674309
BPS,0.4699999988079071,0.008,-0.5,12539623.0,400000000.0,,,eps_dcf,0.00886576301916784,-98.11366743794581
BR,1.7000000476837158,0.13,-0.5,330308932.0,913446558.0,,,eps_dcf,0.14406864906147743,-91.52537382232583
BRI,1.7599999904632568,0.4475,-0.5,1444336053.0,1453210999.0,,,eps_dcf,0.4959286188847011,-71.82223741068512
BROCK,1.3899999856948853,-0.014,0.0,-45335071.650000006,1025000181.0,,,eps_dcf,,
BRR,4.059999942779541,1.33,-0.5,873340556.0,812100366.0,,,eps_dcf,1.4739331019366535,-63.696228504683795
BSBM,0.6700000166893005,-0.045,0.0,370530338.0,1121175000.0,,,eps_dcf,,
BSM,0.4699999988079071,-0.22299999999999998,-0.5,53077505.0,213050620.0,,,eps_dcf,,
BSRC,4.159999847412109,-0.96,-0.5,6565384000.0,3460858000.0,,,eps_dcf,,
BTC,0.33000001311302185,-0.11800000000000001,-0.5,-30382922.53,10800820471.0,,,eps_dcf,,
BTG,17.0,3.15,0.5,4477111929.0,1927372000.0,,,eps_dcf,266.67435160290825,1468.6726564876956
BTNC,12.0,0.9500000000000001,-0.5,18892056.0,12000000.0,,,eps_dcf,1.052809358526181,-91.22658867894849
BTS,2.819999933242798,0.128,0.0,15422509065.0,16093803620.0,,,eps_dcf,1.6773896467578588,-40.51809622459881
BTW,0.11999999731779099,-0.098,0.0,-56943771.0,814153846.0,,,eps_dcf,,
BUI,13.300000190734863,3.966419,0.5,,51560428.0,,,eps_dcf,335.7911793683988,2424.7456733295385
BVG,1.7400000095367432,0.12000000000000001,0.3333333333333334,35200004.0,450000000.0,,,eps_dcf,5.818299685913466,234.3850375875876
BWG,0.28999999165534973,0.020999999999999998,0.0,440954800.0,5801208234.0,,,eps_dcf,0.27519673892121116,-5.104570055205893
BYD,0.6600000262260437,-0.48251,-0.5,481476590.0,5210628836.0,,,eps_dcf,,
CAZ,2.119999885559082,0.41000000000000003,-0.5,214162168.0,294000000.0,,,eps_dcf,0.4543703547323519,-78.56743494056717
CBG,49.25,2.9899999999999998,0.2698412698412699,4025863820.0,1000000000.0,,,eps_dcf,115.42488291956643,134.36524450673386
CCET,5.849999904632568,0.25,0.0,2330252783.0,10450002831.0,,,eps_dcf,3.276151653823943,-43.99740671397986
CCP,0.2800000011920929,0.032299999999999995,0.0,305931000.0,2768030182.0,,,eps_dcf,0.42327879367405336,51.17099709712666
CEN,1.100000023841858,-0.010000000000000009,-0.11111111111111122,-140958921.97000003,745161929.0,,,eps_dcf,,
CENTEL,31.25,0.87,-0.5,445916304.0,1350000000.0,,,eps_dcf,0.9641517283345025,-96.91471446932958
CEYE,1.809999942779541,0.06,0.0,48888394.0,289960078.0,,,eps_dcf,0.7862763969177463,-56.55931371410463
CFARM,0.7099999785423279,-0.004899999999999999,0.0,35418796.0,580000000.0,,,eps_dcf,,
CFRESH,0.9399999976158142,-0.12010000000000001,-0.5,-363797811.0,927099200.0,,,eps_dcf,,
CGD,0.10999999940395355,-0.027299999999999998,0.0,-48210491.0,8266129055.0,,,eps_dcf,,
CGH,0.550000011920929,-0.0009000000000000011,-0.5,-377823146.0,4152448429.0,,,eps_dcf,,
CH,1.8600000143051147,0.1225,-0.5,65617049.0,800000000.0,,,eps_dcf,0.13575699623100754,-92.70123681790801
CHAO,4.440000057220459,0.340383,-0.5,23376814.0,298685600.0,,,eps_dcf,0.3772193767191758,-91.5040682014017
CHARAN,14.0,1.46,0.0,,12000000.0,,,eps_dcf,19.132725658331825,36.66232613094161
CHASE,0.5899999737739563,0.021,-0.5,-46911219.0,1986283700.0,,,eps_dcf,0.023272627925315578,-96.05548661698214
CHAYO,1.600000023841858,0.302798,0.0,76213769.0,1165612822.0,,,eps_dcf,3.968048673898329,148.00303842311232
CHEWA,0.3400000035762787,-0.045,-0.5,642583543.0,1275028884.0,,,eps_dcf,,
CHG,1.5800000429153442,0.09480000000000001,0.0,1038503289.0,11000000000.0,,,eps_dcf,1.2423167071300392,-21.372362443878618
CHIC,0.33000001311302185,-0.0367,0.0,-166766398.0,1360000000.0,,,eps_dcf,,
CHO,0.07000000029802322,-1.4661000000000002,-0.2,-34882000.0,766234729.0,,,eps_dcf,,
CHOTI,66.0,-14.96,-0.5,-161639594.0,7500000.0,,,eps_dcf,,
CHOW,1.2100000381469727,0.043,-0.5,302986643.0,800000000.0,,,eps_dcf,0.04765347622802714,-96.06169630366252
CI,0.3499999940395355,-0.306,-0.5,195765953.0,1066856744.0,,,eps_dcf,,
CIG,0.03999999910593033,-0.0526,0.5,11010655.77,3736577700.0,,,eps_dcf,,
CIMBT,0.3700000047683716,0.07,-0.5,31668200739.0,34822261749.0,,,eps_dcf,0.0775754264177186,-79.03366880595513
CITY,1.7200000286102295,-0.08704,0.0,,303529412.0,,,eps_dcf,,
CIVIL,1.0099999904632568,0.12,-0.5,-96106649.0,700000000.0,,,eps_dcf,0.13298644528751757,-86.83302509473087
CK,15.5,1.56,0.5,11943809882.0,1680355672.0,,,eps_dcf,132.0672979366784,752.0470834624412
CKP,2.559999942779541,0.239,0.5,4171732040.0,8129382729.0,,,eps_dcf,20.23338731209368,690.366709544732
CM,1.690000057220459,0.14,-0.5,-29628133.0,381145725.0,,,eps_dcf,0.1551508528354372,-90.81947647442014
CMAN,2.4800000190734863,0.24230000000000002,-0.38888888888888884,497296102.0,960000000.0,,,eps_dcf,0.4791917559992549,-80.6777519228295
CMC,0.6200000047683716,-0.3151,-0.5,356258012.0,1102213169.0,,,eps_dcf,,
CMO,0.49000000953674316,0.020000000000000004,0.5,34826431.47,450761865.0,,,eps_dcf,1.6931704863676722,245.54499049263958
CMR,1.4900000095367432,0.043000000000000003,-0.5,475765867.7,4071125000.0,,,eps_dcf,0.04765347622802714,-96.80178013939455
CNT,1.1200000047683716,0.076,0.0,-15117749.0,1027904144.0,,,eps_dcf,0.9959501027624786,-11.075884060513717
COCOCO,7.900000095367432,0.36,-0.5,-1116419355.0,1470000000.0,,,eps_dcf,0.3989593358625528,-94.94988188548881
COLOR,1.0,0.0499,0.0,80267021.0,588965082.0,,,eps_dcf,0.653919870103259,-34.608012989674094
COM7,26.0,1.47,0.22857142857142862,2099076000.0,2354998265.0,,,eps_dcf,48.68773053817604,87.26050206990786
COMAN,0.4300000071525574,-0.342811,0.5,-72072049.0,167407663.0,,,eps_dcf,,
CPALL,47.25,2.86,0.0724637681159421,51590973111.0,8915503348.0,,,eps_dcf,51.05388589152458,8.050552151374772
CPANEL,2.240000009536743,-0.09400000000000003,-0.5,-105786138.0,163178573.0,,,eps_dcf,,
CPAXT,21.399999618530273,0.8549999999999999,-0.5,14042856155.0,10427661800.0,,,eps_dcf,0.9475284226735627,-95.5722970113836
CPF,21.799999237060547,4.15,0.5,63009150000.0,7743568585.0,,,eps_dcf,351.33287592129193,1511.6187532888405
CPH,8.199999809265137,1.81,0.5,56817011.129999995,40000000.0,,,eps_dcf,153.23192901627428,1768.682104640275
CPI,3.200000047683716,0.894,0.0,817059600.0,632752650.0,,,eps_dcf,11.71551831407442,266.1099418593623
CPL,0.7699999809265137,-0.178,-0.5,217698919.38,439844284.0,,,eps_dcf,,
CPN,53.75,3.83,0.03225806451612894,20534291530.0,4488000000.0,,,eps_dcf,57.69827251605385,7.345623285681578
CPNREIT,11.600000381469727,0.60171,-0.3235294117647059,,3621074000.0,,,eps_dcf,1.6704188988717732,-85.59983755224559
CPR,3.2200000286102295,0.12,-0.5,26319574.0,199000000.0,,,eps_dcf,0.13298644528751757,-95.86998620789096
CPT,0.9800000190734863,0.11510000000000001,-0.5,129626739.51999998,900000000.0,,,eps_dcf,0.1275561654382773,-86.98406500452197
CPW,2.0799999237060547,0.13,-0.25000000000000006,28174713.0,600000000.0,,,eps_dcf,0.5248523177440685,-74.76671456752224
CRANE,0.3799999952316284,-0.07499999999999998,-0.5,96648942.45000002,758188032.0,,,eps_dcf,,
CRC,20.200000762939453,1.21,-0.4722222222222222,14364995141.0,6031000000.0,,,eps_dcf,1.5491394020738978,-92.33099334869297
CRD,0.3799999952316284,0.036,0.5,93863813.0,500000000.0,,,eps_dcf,3.0477068754618086,702.0281351856554
CREDIT,16.700000762939453,3.09,0.5,524565000.0,1234839222.0,,,eps_dcf,261.59484014380524,1466.4360969631512
CSC,45.5,6.41,-0.3538461538461538,404327446.0,52000775.0,,,eps_dcf,15.212421617184669,-66.56610633585788
CSP,0.49000000953674316,-0.19999999999999998,0.0,171078261.44,496168827.0,,,eps_dcf,,
CSR,71.5,2.75,-0.5,40857784.35,20500000.0,,,eps_dcf,3.0476060378389445,-95.73761393309238
CSS,0.800000011920929,0.1,0.5,-125268858.0,1175739089.0,,,eps_dcf,8.46585243183836,958.2315382109164
CTW,2.7799999713897705,-0.09999999999999998,0.07692307692307698,636873538.0,397906284.0,,,eps_dcf,,
CV,0.029999999329447746,-0.83,0.0,,854901833.0,,,eps_dcf,,
CWT,1.0399999618530273,0.228311,0.5,-55783603.0,630116465.0,,,eps_dcf,19.32847234565448,1758.507024482562
D,2.5399999618530273,0.18009999999999998,0.1999999999999999,60535796.86,342195576.0,,,eps_dcf,5.35191923800535,110.70548497571315
DCC,1.3799999952316284,0.113,-0.5,462471165.0,9075611266.0,,,eps_dcf,0.12522890264574574,-90.92544180590909
DCON,0.23999999463558197,-0.00019999999999999998,-0.5,15349782.190000001,5386340396.0,,,eps_dcf,,
DDD,5.800000190734863,0.1,0.5,29623813.0,316372600.0,,,eps_dcf,8.46585243183836,45.962968162691254
DELTA,188.5,1.81,0.0571428571428572,13453751905.0,12473816140.0,,,eps_dcf,30.302996473811547,-83.92413980169148
DEMCO,3.9800000190734863,0.05,0.5,46563000.0,750978655.0,,,eps_dcf,4.23292621591918,6.354929538532344
DEXON,1.2599999904632568,-0.07100000000000001,-0.5,-16236410.0,476500000.0,,,eps_dcf,,
DHOUSE,0.4300000071525574,-0.014199999999999999,0.0,-7102256.0,906666660.0,,,eps_dcf,,
DIMET,0.05999999865889549,-0.0245,0.0,-32596812.75,2691002469.0,,,eps_dcf,,
DITTO,11.899999618530273,0.8332,0.4999999999999999,-2443946.0,693913599.0,,,eps_dcf,70.53748246207722,492.75197246425677
DMT,10.199999809265137,0.8500000000000001,-0.13043478260869565,1607017875.0,1181232800.0,,,eps_dcf,6.153375227290708,-39.67279076121836
DOD,1.909999966621399,-0.28300000000000003,0.0,18090759.0,450414285.0,,,eps_dcf,,
DOHOME,3.759999990463257,0.19909100000000002,-0.28571428571428575,1514829309.0,3383286282.0,,,eps_dcf,0.6708996686982784,-82.15692365957642
DPAINT,0.7200000286102295,-0.5,0.5,48253236.39,230000000.0,,,eps_dcf,,
DREIT,4.920000076293945,0.45981799999999995,-0.5,,711500000.0,,,eps_dcf,0.5095796774934647,-89.64268964244992
DRT,5.349999904632568,0.52,-0.5,164058046.0,812033136.0,,,eps_dcf,0.5762745962459097,-89.22851202769344
DTCENT,0.9599999785423279,0.09,0.0,58309000.0,1315774366.0,,,eps_dcf,1.1794145953766195,22.85568976443652
DTCI,25.5,-0.44,0.0,-3691967.8799999994,10000000.0,,,eps_dcf,,
DUSIT,11.399999618530273,-1.22,-0.5,-413571000.0,845285000.0,,,eps_dcf,,
DV8,6.400000095367432,-0.007,0.5,2884476.0,1621933140.0,,,eps_dcf,,
EA,3.2200000286102295,0.416632,-0.5,6336988157.0,7426800800.0,,,eps_dcf,0.4617200722752419,-85.66086744805021
EASON,1.0800000429153442,0.1376,-0.25000000000000006,,538581545.0,,,eps_dcf,0.555535991704491,-48.56148429356714
EAST,0.7300000190734863,0.0628,0.5,246872056.23000002,1664460562.0,,,eps_dcf,5.3165553271944885,628.2952312716708
EASTW,2.6600000858306885,0.039,0.5,-281760152.0,1663725149.0,,,eps_dcf,3.30168244841696,24.123396311315577
ECF,0.2199999988079071,-1.227563,-0.5,142806545.0,1063059245.0,,,eps_dcf,,
EFORL,0.1599999964237213,0.007099999999999999,0.5,161135000.0,3998477371.0,,,eps_dcf,0.6010755226605233,275.67221005975534
EGCO,138.0,18.22,0.29746835443037956,7243719000.0,526465000.0,,,eps_dcf,777.567942180201,463.455030565363
EKH,5.25,0.333249,-0.14285714285714296,-102573627.0,800000000.0,,,eps_dcf,2.274311575265265,-56.67977951875686
EMC,0.03999999910593033,-0.020800000000000003,0.0,81083587.0,12570633180.0,,,eps_dcf,,
EP,1.2799999713897705,-1.42,-0.5,-1152493667.36,932507097.0,,,eps_dcf,,
EPG,3.0399999618530273,0.29200000000000004,0.0,744949005.0,2800000000.0,,,eps_dcf,3.826545131666366,25.873196700104607
ERW,2.559999942779541,0.18819999999999998,-0.5,1440798365.0,4886929429.0,,,eps_dcf,0.2085670750259234,-91.85284844969685
ESTAR,0.1899999976158142,-0.0091,0.0,-297353632.0,5022246185.0,,,eps_dcf,,
ETC,0.6600000262260437,0.055900000000000005,0.0,273403573.0,2240000000.0,,,eps_dcf,0.7325475097950337,10.992042528213956
ETE,0.7099999785423279,0.036000000000000004,-0.5,71658255.0,560000000.0,,,eps_dcf,0.03989593358625529,-94.38085425464885
ETL,0.75,0.060000000000000005,0.5,156451334.0,620000000.0,,,eps_dcf,5.079511459103015,577.2681945470687
EURO,3.7799999713897705,0.38999999999999996,-0.2,78133722.0,305000000.0,,,eps_dcf,2.018659430863515,-46.59631094861288
EVER,0.05000000074505806,-0.06709999999999999,-0.5,557353686.0,4854786560.0,,,eps_dcf,,
FANCY,0.33000001311302185,0.0048,-0.5,,615000000.0,,,eps_dcf,0.005319457811500703,-98.38804315147743
FE,198.0,13.49,0.5,60696847.230000004,7870000.0,,,eps_dcf,1142.0434930549948,476.78964295706805
FLOYD,1.0,0.11835000000000001,0.0,-27305843.0,444442864.0,,,eps_dcf,1.5509301929202548,55.09301929202548
FM,3.8399999141693115,0.792996,0.5,662137190.0,987827850.0,,,eps_dcf,67.13387115038093,1648.2779336182268
FMT,25.0,-1.6500000000000001,-0.5,-291460429.0,48000000.0,,,eps_dcf,,
FN,0.49000000953674316,-0.067,0.0,-32135920.0,1000000000.0,,,eps_dcf,,
FNS,0.9300000071525574,-1.96,0.14814814814814817,-3922809000.0,500651065.0,,,eps_dcf,,
FORTH,7.150000095367432,0.22,0.0,-159225938.0,935374700.0,,,eps_dcf,2.8830134553650697,-59.67813402921479
FPI,1.5199999809265137,0.164842,0.0,62056000.0,1513029934.0,,,eps_dcf,2.1601895636785855,42.11773623588109
FPT,6.5,0.65,0.5,,2319277000.0,,,eps_dcf,55.02804080694934,746.585243183836
FSMART,7.5,0.6900000000000001,0.5,-261009319.0,753141300.0,,,eps_dcf,58.41438177968468,678.8584237291291
FSX,1.0,-0.31,-0.22222222222222227,-484262432.0,1139256532.0,,,eps_dcf,,
FTE,1.75,0.19999999999999998,0.5,172710598.42000002,659999924.0,,,eps_dcf,16.931704863676714,867.5259922100979
FTI,1.9900000095367432,0.0763,0.4999999999999999,146881188.47,450000000.0,,,eps_dcf,6.459445405492668,224.5952449516007
FTREIT,10.300000190734863,0.9019910000000001,0.47058823529411753,,3283387048.0,,,eps_dcf,69.48772015806168,574.6380472940943
FUTURERT,9.199999809265137,0.8281099999999999,0.0,,529566100.0,,,eps_dcf,10.85205578419258,17.957130534542944
FVC,0.4000000059604645,0.0455,-0.5,22781043.0,2190873803.0,,,eps_dcf,0.05042402717151708,-87.39399339496488
GABLE,2.9200000762939453,0.26,0.5,1397142218.0,700021420.0,,,eps_dcf,22.01121632277973,653.808758481825
GAHREIT,4.400000095367432,0.15605200000000002,0.5,,175500000.0,,,eps_dcf,13.211132036932394,200.2529943315642
GBX,0.5099999904632568,0.0014999999999999979,-0.5,199401782.0,1089076392.0,,,eps_dcf,0.0016623305660939675,-99.67405282408261
GC,3.9600000381469727,0.41999999999999993,-0.21428571428571436,369842324.0,439999864.0,,,eps_dcf,2.026155768429819,-48.834450785057804
GCAP,0.3499999940395355,-0.0016999999999999984,-0.5,143868213.0,541897341.0,,,eps_dcf,,
GEL,0.03999999910593033,-0.047259999999999996,-0.5,346636272.0,8612049053.0,,,eps_dcf,,
GENCO,0.23999999463558197,0.011,0.0,63821304.0,1108708925.0,,,eps_dcf,0.14415067276825347,-39.9372183373866
GFC,3.119999885559082,0.22000000000000003,-0.5,-68886360.67000002,220000000.0,,,eps_dcf,0.24380848302711558,-92.18562525737315
GFPT,9.800000190734863,1.92,0.3783783783783784,1519689434.23,1253821000.0,,,eps_dcf,108.83949842185481,1010.6071051381618
GGC,3.7200000286102295,-0.7100000000000001,-0.5,-887639683.0,1023666700.0,,,eps_dcf,,
GJS,0.14000000059604645,-0.047,0.0,-913730968.0,25487134896.0,,,eps_dcf,,
GLAND,0.7400000095367432,0.069,0.5,747464916.0,6499829661.0,,,eps_dcf,5.8414381779684685,689.3835273901336
GLOBAL,7.699999809265137,0.42471099999999995,-0.28571428571428575,1415666548.0,5401925388.0,,,eps_dcf,1.43119713695001,-81.41302373504087
GLORY,1.0099999904632568,-0.07150000000000001,0.0,-33209082.0,270483100.0,,,eps_dcf,,
GPI,1.590000033378601,0.38,-0.5,122828859.53,600000000.0,,,eps_dcf,0.4211237434104724,-73.5142305301954
GPSC,40.5,1.9000000000000001,0.5,19835072460.0,2819729367.0,,,eps_dcf,160.85119620492884,297.1634474195774
GRAMMY,4.539999961853027,0.137,-0.5,-230319609.0,819949729.0,,,eps_dcf,0.15182619170324926,-96.65581072733576
GRAND,0.029999999329447746,-0.078,-0.4999999999999999,-573794972.0,9341120033.0,,,eps_dcf,,
GREEN,0.6700000166893005,-0.013999999999999999,-0.5,53051000.0,818024729.0,,,eps_dcf,,
GROREIT,7.849999904632568,0.793361,0.0,,319038462.0,,,eps_dcf,10.396683808917668,32.441833569733035
GSTEEL,0.09000000357627869,-0.057999999999999996,0.0,-3036289034.0,,,,eps_dcf,,
GTB,0.6899999976158142,0.0968,0.5,74036216.75999999,960000000.0,,,eps_dcf,8.19494515401953,1087.673214831285
GTV,0.05999999865889549,-0.0032,0.0,,13130956250.0,,,eps_dcf,,
GULF,45.0,5.65,0.5,-6521417000.0,14939837683.0,,,eps_dcf,478.3206623988673,962.9348053308162
GUNKUL,2.119999885559082,0.19,0.5,1268645640.0,8601610974.0,,,eps_dcf,16.085119620492886,658.7320985279654
GVREIT,6.449999809265137,0.942215,0.09090909090909087,,814800000.0,,,eps_dcf,18.154331798755038,181.46251683104163
GYT,184.0,40.32,0.5,-108590000.0,7400000.0,,,eps_dcf,3413.4317005172256,1755.1259241941445
HANA,23.399999618530273,1.43,-0.5,3155047878.0,885366660.0,,,eps_dcf,1.5847551396762514,-93.22754202773022
HANN,1.090000033378601,0.01,0.0,,564628099.0,,,eps_dcf,0.13104606615295772,-87.97742549174399
HARN,1.9700000286102295,0.16,0.3333333333333334,107587000.0,584500000.0,,,eps_dcf,7.757732914551289,293.79354324294684
HEALTH,0.3799999952316284,-0.6762710000000001,0.5,-37942297.0,422680522.0,,,eps_dcf,,
HENG,1.0099999904632568,0.010000000000000002,-0.5,3885709778.0,3845277778.0,,,eps_dcf,0.011082203773959801,-98.90275209122757
HFT,3.9000000953674316,0.27,-0.5,-31837677.0,658434300.0,,,eps_dcf,0.2992195018969146,-92.32770526717835
HL,7.599999904632568,0.24000000000000002,-0.14285714285714296,81780833.0,266476900.0,,,eps_dcf,1.6379187276290816,-78.44843752391772
HMPRO,6.900000095367432,0.47,-0.15384615384615388,4803464239.0,12971000000.0,,,eps_dcf,3.0434877576469246,-55.89148238287298
HPT,0.3499999940395355,0.0322,-0.5,-9714630.0,662079341.0,,,eps_dcf,0.03568469615215056,-89.80437235432649
HTC,14.800000190734863,1.525,-0.21739130434782614,-129192238.0,401921000.0,,,eps_dcf,7.244673910013699,-51.04950123886465
HTECH,2.4600000381469727,0.33,0.0,83495529.0,300000340.0,,,eps_dcf,4.324520183047605,75.79350064990678
HUMAN,5.5,0.35,0.11111111111111122,305728000.0,836193576.0,,,eps_dcf,7.324312440737345,33.16931710431537
HYDRO,4.760000228881836,-0.772826,0.5,,293825726.0,,,eps_dcf,,
HYDROGEN,8.600000381469727,0.656456,0.06250000000000006,,207720000.0,,,eps_dcf,11.240471041225936,30.7031458445698
I2,0.7099999785423279,0.08310000000000001,-0.5,-58652730.0,425833333.0,,,eps_dcf,0.09209311336160594,-87.02913857114775
ICC,24.700000762939453,3.4295999999999998,0.5,,500000000.0,,,eps_dcf,290.3448750023283,1075.485287587398
ICHI,12.699999809265137,1.06,0.10714285714285703,772267611.0,1300000000.0,,,eps_dcf,21.82712680634465,71.86714278862371
ICN,2.0,0.19,0.3333333333333334,-123151350.0,672100443.0,,,eps_dcf,9.212307836029655,360.61539180148276
IFS,2.0799999237060547,0.19,0.3333333333333334,-61589132.0,493499975.0,,,eps_dcf,9.212307836029655,342.89943143918777
IHL,1.5700000524520874,0.19,0.5,-310379882.0,592805637.0,,,eps_dcf,16.085119620492886,924.5298779048139
IIG,1.5399999618530273,-1.3895,-0.3333333333333334,-64740864.0,123376607.0,,,eps_dcf,,
III,4.599999904632568,0.49360000000000004,-0.33333333333333326,50268701.0,768519820.0,,,eps_dcf,1.3026976525315592,-71.68048522740972
ILINK,4.760000228881836,0.76,-0.5,1729386158.0,543632325.0,,,eps_dcf,0.8422474868209447,-82.30572591760577
ILM,14.800000190734863,1.5000000000000002,-0.14634146341463414,987008968.0,505000000.0,,,eps_dcf,10.06829299266312,-31.970994169539946
IMH,3.940000057220459,-0.37889999999999996,0.0,91143498.65,237001800.0,,,eps_dcf,,
IMPACT,10.100000381469727,0.8074269999999999,0.0,,1482500000.0,,,eps_dcf,10.581013205568418,4.762503029021624
IND,1.159999966621399,0.22,0.5,-46144764.0,350000000.0,,,eps_dcf,18.624875350044388,1505.5927487904125
INET,3.5999999046325684,0.495,0.0,,596740267.0,,,eps_dcf,6.486780274571407,80.1883457336779
INETREIT,10.800000190734863,0.9828549999999999,0.5,,504476000.0,,,eps_dcf,83.20705391894491,670.4356708282916
INGRS,0.27000001072883606,0.0327,0.5,737206358.0,1446942690.0,,,eps_dcf,2.768333745211143,925.3087537805362
INOX,0.4000000059604645,0.0186,0.0,-168996138.0,7795709100.0,,,eps_dcf,0.24374568304450134,-39.06358014689808
INSET,1.649999976158142,0.1,-0.5,37268080.07000008,812493031.0,,,eps_dcf,0.110822037739598,-93.28351276721617
INSURE,76.0,-13.16,-0.5,,12084507.0,,,eps_dcf,,
IP,3.4800000190734863,0.1013,0.5,1826007.0,605344475.0,,,eps_dcf,8.575908513452259,146.43415133473204
IRC,11.300000190734863,1.6,-0.29787234042553185,269960238.0,192207700.0,,,eps_dcf,5.0672592492933575,-55.1569985507777
IRCP,0.3499999940395355,1.734723475976807e-18,-0.5,76530698.0,623481406.0,,,eps_dcf,1.9224559052246834e-18,-100.0
IROYAL,3.880000114440918,0.404083,0.0,,230000000.0,,,eps_dcf,5.295348754928562,36.478056668603635
IRPC,1.0800000429153442,-0.44,-0.5,11510971488.0,20410590846.0,,,eps_dcf,,
ISSARA,6.849999904632568,0.42000000000000004,0.0,,100000000.0,,,eps_dcf,5.503934778424225,-19.65058605764384
IT,3.8399999141693115,0.41000000000000003,0.44444444444444453,246226129.0,366398859.0,,,eps_dcf,29.004798021104943,655.3332986826227
ITC,17.399999618530273,1.1300000000000001,-0.14814814814814817,1938486000.0,3000000000.0,,,eps_dcf,7.5196148837648185,-56.78382155964681
ITD,0.3499999940395355,0.8063,0.5,1762872000.0,5279868944.0,,,eps_dcf,68.26016815791269,19402.905520107553
ITEL,1.2200000286102295,0.07,-0.5,678273598.0,1380779798.0,,,eps_dcf,0.0775754264177186,-93.64135863946747
ITNS,1.5800000429153442,0.13,-0.20000000000000004,-85919692.0,209000000.0,,,eps_dcf,0.6728864769545048,-57.41224945077057
ITTHI,1.4199999570846558,0.10200000000000001,0.0,145442214.0,270200000.0,,,eps_dcf,1.3366698747601686,-5.868315834006696
IVF,0.949999988079071,0.004659000000000002,0.0,,440000000.0,,,eps_dcf,0.06105436222066303,-93.5732249487585
IVL,19.399999618530273,-4.33,-0.5,12443350000.0,5614552000.0,,,eps_dcf,,
J,0.7200000286102295,0.013499999999999984,0.0,148042625.0,1460730938.0,,,eps_dcf,0.17691218930649272,-75.42886357268969
JAK,0.7599999904632568,0.049999999999999996,0.0,95193115.0,320000000.0,,,eps_dcf,0.6552303307647885,-13.785481712257141
JAS,1.4600000381469727,0.036000000000000004,0.0,-7312743744.0,8292069705.0,,,eps_dcf,0.4717658381506479,-67.68727220381366
JCK,0.14000000059604645,-0.09100000000000001,-0.5,-143142120.0,3802747351.0,,,eps_dcf,,
JCKH,0.07000000029802322,-0.2661,-0.25000000000000006,-23975946.0,573286800.0,,,eps_dcf,,
JCT,80.75,7.57,-0.05371900826446277,112583959.0,13500000.0,,,eps_dcf,78.1420339511866,-3.22967931741597
JDF,1.5,0.099,-0.5,79092021.0,600000000.0,,,eps_dcf,0.109713817362202,-92.68574550918652
JMART,8.100000381469727,0.58,-0.5,3287943562.0,1463971640.0,,,eps_dcf,0.6427678188896684,-92.06459520224072
JMT,10.100000381469727,0.94,-0.4137931034482758,1689375194.0,1459739581.0,,,eps_dcf,1.6324378422097545,-83.83724969748758
JPARK,3.9200000762939453,0.4,-0.1666666666666666,-74879394.0,400000000.0,,,eps_dcf,2.435288180190243,-37.87530273487601
JR,1.75,0.06810000000000001,0.0,-73649652.0,760000000.0,,,eps_dcf,0.8924237105016422,-49.004359399906164
JSP,1.6799999475479126,0.17900000000000002,0.0,82604090.0,474574921.0,,,eps_dcf,2.3457245841379435,39.62646770088931
JTS,27.25,0.608,-0.5,-402693798.0,706457300.0,,,eps_dcf,0.6737979894567557,-97.52734682768163
JUBILE,7.099999904632568,0.61,-0.5,197715880.28,174273125.0,,,eps_dcf,0.6760144302115477,-90.47866986912963
K,1.2100000381469727,-0.04999999999999999,-0.5,51105432.0,505208400.0,,,eps_dcf,,
KAMART,8.649999618530273,0.446,-0.5,355969941.0,1273418973.0,,,eps_dcf,0.4942662883186071,-94.28593861137546
KASET,0.5699999928474426,-0.24230000000000002,-0.1999999999999999,-28851259.990000002,278000000.0,,,eps_dcf,,
KBANK,171.5,21.29,-0.05892857142857145,123405642000.0,2369327593.0,,,eps_dcf,214.64771963529284,25.15902019550603
KBS,5.599999904632568,2.052,-0.5,903255475.0,598333400.0,,,eps_dcf,2.274068214416551,-59.3916383367196
KC,0.029999999329447746,-0.023130000000000005,0.5,-66932576.86,5175487233.0,,,eps_dcf,,
KCAR,5.300000190734863,0.6,0.5,1265550723.25,250000000.0,,,eps_dcf,50.79511459103014,858.3983540194406
KCC,2.640000104904175,0.25,0.5,358061947.0,618334317.0,,,eps_dcf,21.164631079595896,701.6905393404944
KCE,25.5,1.06,-0.5,2081029736.0,1182088596.0,,,eps_dcf,1.174713600039739,-95.39327999984417
KCG,8.5,0.7100000000000001,0.3846153846153845,147094192.0,545000000.0,,,eps_dcf,41.11426986979107,383.69729258577735
KCM,0.20999999344348907,-0.0269,0.5,14038532.420000002,680000000.0,,,eps_dcf,,
KDH,85.0,8.239999999999998,0.05181347150259061,106398407.0,19384226.0,,,eps_dcf,134.88974373963822,58.69381616428026
KGEN,0.6399999856948853,-0.143425,-0.5,-407943676.0,2065813635.0,,,eps_dcf,,
KGI,3.9000000953674316,0.33,-0.4615384615384615,1819005646.0,1991763130.0,,,eps_dcf,0.4466725295625971,-88.54685849640947
KIAT,0.28999999165534973,0.0162,0.0,201310175.6,3060700000.0,,,eps_dcf,0.2122946271677915,-26.794954042587392
KISS,2.5799999237060547,0.25,-0.20000000000000004,120761606.0,585010000.0,,,eps_dcf,1.2940124556817398,-49.84447697878422
KJL,6.5,0.75,0.4,-40973730.0,231997800.0,,,eps_dcf,45.75709247381261,603.9552688278864
KK,1.090000033378601,0.04,0.0,28839844.240000002,241499962.0,,,eps_dcf,0.5241842646118309,-51.90970196697595
KKC,0.03999999910593033,-0.5900000000000001,0.0,-222068076.0,1500000000.0,,,eps_dcf,,
KKP,62.25,5.44,-0.04494382022471914,39143977000.0,821577280.0,,,eps_dcf,58.419562974475554,-6.153312490802324
KLINIQ,26.25,1.4800000000000002,0.20588235294117632,300227009.0,220000000.0,,,eps_dcf,44.98082944891652,71.35554075777723
KOOL,0.27000001072883606,0.022000000000000002,-0.5,55134935.0,2337741500.0,,,eps_dcf,0.024380848302711564,-90.97005654299862
KPNREIT,2.0199999809265137,0.026268000000000003,-0.5,,180000000.0,,,eps_dcf,0.029110732873437607,-98.5588745966183
KSL,1.3700000047683716,0.10800000000000001,-0.5,-660856669.0,4410232619.0,,,eps_dcf,0.11968780075876584,-91.26366420859965
KTB,25.0,3.27,-0.04761904761904753,35493996000.0,13976061250.0,,,eps_dcf,34.696245079513844,38.784980318055375
KTBSTMR,5.349999904632568,0.689327,-0.21052631578947373,,301500000.0,,,eps_dcf,3.3877812561230596,-36.676984738082375
KTC,30.0,2.9,0.0428571428571429,6258072778.0,2578334070.0,,,eps_dcf,45.706581895439996,52.35527298479998
KTIS,2.0,-0.19,0.25000000000000006,-454135496.0,3860000010.0,,,eps_dcf,,
KTMS,2.059999942779541,0.1034,0.5,-19136963.0,300000000.0,,,eps_dcf,8.753691414520866,324.93648823647936
KUMWEL,1.100000023841858,0.1,0.0,138646633.0,430000000.0,,,eps_dcf,1.3104606615295773,19.132784829646184
KUN,0.8399999737739563,0.039134,0.0,60564364.0,819384273.0,,,eps_dcf,0.5128356752829848,-38.94813198875305
KWC,278.0,15.48,-0.015075376884422124,125782916.0,6000000.0,,,eps_dcf,189.87502064906192,-31.69963286004967
KWI,0.03999999910593033,-0.33999999999999997,0.0,,2901474850.0,,,eps_dcf,,
KWM,0.9900000095367432,0.123,-0.25000000000000006,-21626244.0,488545493.0,,,eps_dcf,0.49659103909631097,-49.83928946337244
KYE,285.0,34.62,0.0,-39707395.0,19800000.0,,,eps_dcf,453.6814810215395,59.18648456896124
LALIN,4.980000019073486,0.6000000000000001,0.16666666666666682,733404175.28,924999441.0,,,eps_dcf,15.670085030192492,214.66034076658224
LANNA,15.399999618530273,2.2800000000000002,-0.5,2579897836.0,524999679.0,,,eps_dcf,2.5267424604628346,-83.59258101914175
LDC,0.3499999940395355,-0.0057,0.0,9507835.639999997,600000000.0,,,eps_dcf,,
LEO,1.9600000381469727,0.12,-0.3333333333333333,-32888000.0,315060200.0,,,eps_dcf,0.3167012121227453,-83.84177520618002
LH,3.819999933242798,0.32999999999999996,0.1999999999999999,-2566034047.0,11949713176.0,,,eps_dcf,9.806403934157498,156.71214935945932
LHFG,0.7599999904632568,0.10300000000000001,0.4999999999999999,-7521107000.0,21183660594.0,,,eps_dcf,8.719828004793511,1047.3458045017019
LHHOTEL,12.300000190734863,1.772132,-0.25581395348837205,,1048919900.0,,,eps_dcf,6.9484416252693855,-43.50860554861299
LHK,3.4600000381469727,0.28,0.0,66703503.0,383000000.0,,,eps_dcf,3.6692898522828163,6.048838492150142
LHRREIT,4.800000190734863,-0.018503000000000047,0.0,,330000000.0,,,eps_dcf,,
LHSC,12.300000190734863,1.7551080000000001,-0.029411764705882377,,778064700.0,,,eps_dcf,20.20337708510082,64.25509570576493
LIT,0.6299999952316284,-0.945,0.5,-136738872.0,442931237.0,,,eps_dcf,,
LOXLEY,1.5399999618530273,0.063112,-0.4000000000000001,-67021331.0,2264955000.0,,,eps_dcf,0.11778612886601125,-92.3515498841777
LPH,3.819999933242798,0.21,0.5,341818993.32,720000000.0,,,eps_dcf,17.778290106860553,365.4002727107004
LPN,1.649999976158142,0.12000000000000001,-0.5,1689990228.1,1409202168.0,,,eps_dcf,0.13298644528751757,-91.94021532065939
LRH,33.75,5.47,-0.5,1209219258.0,166682701.0,,,eps_dcf,6.0619654643560095,-82.03862084635256
LST,4.659999847412109,0.6,0.06666666666666674,-98399431.0,820000000.0,,,eps_dcf,10.45458619005052,124.34735048020194
LTMH,4.800000190734863,0.121435,0.5,-8141198.0,200000000.0,,,eps_dcf,10.280507900602911,114.17723941858846
LTS,4.139999866485596,0.385,0.4285714285714285,-111874891.0,238600000.0,,,eps_dcf,25.845507092828726,524.2876310710782
M,33.5,1.37,-0.21052631578947373,693837871.0,903628100.0,,,eps_dcf,6.733031378269808,-79.90139887083639
M-CHAI,21.100000381469727,0.77,0.08000000000000007,725418369.0,160000000.0,,,eps_dcf,14.182515882357762,-32.784286132937616
MADAME,0.1899999976158142,0.04200000000000001,0.0,80416308.0,4039044205.0,,,eps_dcf,0.5503934778424225,189.68078144681607
MAGURO,24.299999237060547,0.86,0.5,41881914.0,126000000.0,,,eps_dcf,72.80633091380989,199.61453991640914
MAJOR,7.449999809265137,0.54,-0.058823529411764754,336510022.0,757918302.0,,,eps_dcf,5.446921814320438,-26.886953640637483
MALEE,4.800000190734863,0.5800000000000001,-0.31818181818181823,15325994.0,545731275.0,,,eps_dcf,1.655106992941191,-65.5186056838927
MANRIN,23.0,1.6,-0.5,78915783.15,26905580.0,,,eps_dcf,1.773152603833568,-92.29064085289752
MASTER,11.100000381469727,0.99,-0.5,197056883.0,301711736.0,,,eps_dcf,1.09713817362202,-90.11587264939578
MATCH,1.149999976158142,-0.022499999999999992,-0.5,-59732312.0,781628733.0,,,eps_dcf,,
MATI,3.819999933242798,-0.27,-0.5,-38294822.879999995,185349200.0,,,eps_dcf,,
MBAX,1.399999976158142,0.020000000000000004,0.4999999999999999,-143812860.0,198777585.0,,,eps_dcf,1.6931704863676722,20.940751085871018
MBK,17.0,2.3120000000000003,0.5,1778717768.0,1397598626.0,,,eps_dcf,195.73050822410286,1051.3559307300168
MC,11.100000381469727,1.0,0.0,1007801253.0,792000000.0,,,eps_dcf,13.104606615295772,18.059514999409576
MCA,1.0800000429153442,0.1,-0.3333333333333333,-33965417.0,230000000.0,,,eps_dcf,0.2639176767689545,-75.56317904798068
MCOT,2.9200000762939453,-0.39,0.18181818181818185,-5817487.0,687099210.0,,,eps_dcf,,
MCS,8.199999809265137,1.51,0.5,115436324.0,477000000.0,,,eps_dcf,127.83437172075921,1458.9557889540413
MDX,2.440000057220459,0.627,-0.07692307692307698,-232808413.64000002,475593142.0,,,eps_dcf,5.823701584917605,138.67628886663675
MEB,16.799999237060547,1.46,-0.02857142857142844,431897637.0,300000000.0,,,eps_dcf,16.869272370312608,0.4123400976069413
MEDEZE,6.800000190734863,0.256504,0.0,149319000.0,1068000000.0,,,eps_dcf,3.3613840152498264,-50.56788351521255
MEGA,29.25,2.0,-0.18181818181818185,1128303000.0,871869508.0,,,eps_dcf,11.314341701013966,-61.31848991106337
MENA,0.8399999737739563,0.09000000000000001,0.5,106550331.0,734000000.0,,,eps_dcf,7.619267188654525,807.0556460165875
META,0.05999999865889549,-0.032,0.0,-178889281.0,3069491067.0,,,eps_dcf,,
METCO,219.0,45.22,0.5,1077788588.0,20898000.0,,,eps_dcf,3828.2584696773065,1648.0632281631536
MFC,25.0,2.2,0.5,119022593.0,125615708.0,,,eps_dcf,186.2487535004439,644.9950140017756
MFEC,5.150000095367432,0.6300000000000001,-0.2727272727272727,558951174.0,441453555.0,,,eps_dcf,2.26783299495865,-55.96440868032937
MGC,3.680000066757202,0.152,0.5,2976882275.0,1113800000.0,,,eps_dcf,12.868095696394303,249.67650714565352
MGI,9.149999618530273,0.75,-0.5,-188154831.0,210000000.0,,,eps_dcf,0.8311652830469849,-90.91622603607833
MGT,1.6799999475479126,0.24000000000000002,0.0,82005249.0,400000000.0,,,eps_dcf,3.1451055876709852,87.20867177772865
MICRO,0.8999999761581421,-0.08660000000000001,0.0,1032778429.0,935000000.0,,,eps_dcf,,
MIDA,0.23999999463558197,-0.082,-0.5,,2504098233.0,,,eps_dcf,,
MII,4.699999809265137,0.787558,-0.11111111111111106,,172000000.0,,,eps_dcf,6.243937256125589,32.849734245028685
MILL,0.05999999865889549,-0.795,0.5,,8716203850.0,,,eps_dcf,,
MINT,22.299999237060547,0.8281999999999999,0.5,31474131223.0,5669976977.0,,,eps_dcf,70.11418984048527,214.41341811331515
MIPF,9.300000190734863,0.540621,-0.1052631578947368,,190000000.0,,,eps_dcf,4.4048342706178,-52.63619160990854
MITSIB,0.5600000023841858,0.014000000000000004,0.0,-73225643.0,1372638829.0,,,eps_dcf,0.18346449261414086,-67.23848360124188
MJD,0.4099999964237213,-0.73,-0.5,-461456477.0,860411939.0,,,eps_dcf,,
MJLF,4.539999961853027,1.084313,-0.43243243243243246,,330000000.0,,,eps_dcf,1.7083958246691233,-62.37013570432208
MK,0.6899999976158142,-0.270984,0.5,-3966612000.0,1424207839.0,,,eps_dcf,,
ML,0.4300000071525574,-0.034999999999999996,0.5,,1064797719.0,,,eps_dcf,,
MNIT,1.9199999570846558,0.176138,0.25000000000000006,,138000000.0,,,eps_dcf,6.320013737049907,229.16738949548048
MODERN,2.4000000953674316,0.20600000000000002,0.5,199309794.0,675000000.0,,,eps_dcf,17.439656009587022,626.6523048582243
MONO,1.309999942779541,0.0011999999999999997,0.5,289767000.0,3471054038.0,,,eps_dcf,0.1015902291820603,-92.24502033438966
MOONG,1.8899999856948853,0.11499999999999999,-0.3333333333333333,24743074.0,329648666.0,,,eps_dcf,0.30350532828429755,-83.9415169004507
MORE,0.03999999910593033,-0.009292,0.0,-101687043.0,7176748450.0,,,eps_dcf,,
MOSHI,36.5,1.46,0.07894736842105256,711986508.0,329999954.0,,,eps_dcf,26.77440814179584,-26.64545714576483
MOTHER,1.309999942779541,0.067039,-0.5,10580836.0,286000000.0,,,eps_dcf,0.0742939858802491,-94.32870312019914
MPJ,3.640000104904175,0.493666,0.0,58771023.0,200000000.0,,,eps_dcf,6.469298729346602,77.72798194787168
MSC,7.900000095367432,0.56,-0.5,419455781.0,360000000.0,,,eps_dcf,0.6206034113417488,-92.14426071076035
MST,7.0,0.576,-0.5,4498657287.0,570814500.0,,,eps_dcf,0.6383349373800844,-90.88092946599879
MTC,40.5,2.9,0.1818181818181818,-6081085868.0,2120000000.0,,,eps_dcf,80.34489958446588,98.38246810979228
MTI,17.799999237060547,2.1710000000000003,-0.09589041095890405,,590000000.0,,,eps_dcf,18.4765299429097,3.8007344654295263
MTW,1.1200000047683716,-0.0274,-0.5,41373852.87000001,879259621.0,,,eps_dcf,,
MUD,0.8100000023841858,-0.237,-0.5,380852780.0,1053386751.0,,,eps_dcf,,
MVP,0.5699999928474426,-0.186,-0.5,,337259284.0,,,eps_dcf,,
NAM,4.039999961853027,0.26349999999999996,0.0,-15175095.470000006,700000000.0,,,eps_dcf,3.4530638431304355,-14.52812188773838
NAT,3.259999990463257,0.29800000000000004,-0.5,97554921.0,324200000.0,,,eps_dcf,0.33024967246400205,-89.86964191932184
NATION,0.03999999910593033,-0.030697999999999996,0.5,16581430.0,12203911086.0,,,eps_dcf,,
NC,2.1600000858306885,0.010195999999999998,-0.5,21363778.0,152499896.0,,,eps_dcf,0.01129941496792941,-99.47687895745689
NCAP,2.9600000381469727,0.3,0.5,22996148.0,1350000052.0,,,eps_dcf,25.39755729551507,758.0255732501449
NCH,0.5099999904632568,-0.045399999999999996,0.0,431455574.91999996,1245283691.0,,,eps_dcf,,
NCL,0.28999999165534973,-0.426,0.5,-23304900.0,694233993.0,,,eps_dcf,,
NCP,1.1200000047683716,0.12,0.4999999999999999,12540091.0,180000000.0,,,eps_dcf,10.15902291820603,807.0556138352007
NDR,1.1799999475479126,0.0338,-0.5,-63620214.0,456891630.0,,,eps_dcf,0.03745784875598412,-96.82560589652373
NEO,19.299999237060547,2.79,-0.5,-1367726102.0,300000000.0,,,eps_dcf,3.091934852934784,-83.97961152766503
NEP,0.23000000417232513,0.004,0.0,,2325380588.0,,,eps_dcf,0.05241842646118309,-77.20938021291985
NER,4.099999904632568,1.0832,0.19999999999999996,-599741438.0,1847789748.0,,,eps_dcf,32.188778004483034,685.0921647123236
NETBAY,20.5,1.26,0.5,299887343.0,200000000.0,,,eps_dcf,106.6697406411633,420.34019824957704
NEW,96.25,4.09,0.08333333333333341,44105495.28,10000000.0,,,eps_dcf,76.38001625943494,-20.644138951236428
NEWS,0.009999999776482582,-0.001472,0.0,-69695428.0,183644881550.0,,,eps_dcf,,
NEX,1.1100000143051147,-0.292422,0.5,-4432269545.0,5989399273.0,,,eps_dcf,,
NFC,1.2300000190734863,0.0608,0.5,409698179.0,1087833099.0,,,eps_dcf,5.1472382785577215,318.47465030406636
NKI,19.5,-11.24,-0.5,,38779487.0,,,eps_dcf,,
NKT,4.099999904632568,0.442727,-0.3333333333333333,-124143883.0,535000000.0,,,eps_dcf,1.168434812828889,-71.50158926811973
NL,0.7799999713897705,-0.016,-0.5,-431928763.95000005,512987013.0,,,eps_dcf,,
NNCL,1.440000057220459,0.14,-0.5,256974423.0,2048254862.0,,,eps_dcf,0.1551508528354372,-89.22563564789607
NOBLE,2.180000066757202,0.1076,-0.5,2243131936.0,1369413691.0,,,eps_dcf,0.11924451260780747,-94.53006839650303
NOVA,8.699999809265137,0.05612099999999999,-0.5,-1137827789.0,114594324.0,,,eps_dcf,0.062194435799839784,-99.28512141191537
NPK,15.0,1.8199999999999998,0.5,10782088.0,10000000.0,,,eps_dcf,154.07851425945807,927.1900950630538
NRF,0.6200000047683716,-0.069463,0.0,122938082.0,1503827121.0,,,eps_dcf,,
NSL,26.5,2.0100000000000002,0.2790697674418606,411717323.0,300000000.0,,,eps_dcf,80.25294795823393,202.84131304993934
NTSC,6.0,0.78,0.5,15366340.0,133333016.0,,,eps_dcf,66.0336489683392,1000.5608161389865
NTV,24.600000381469727,2.09,-0.3518518518518519,310972707.0,160645161.0,,,eps_dcf,5.01164006403877,-79.62747973039117
NUT,4.460000038146973,0.593866,0.0,110934724.07,120000000.0,,,eps_dcf,7.782380312199239,74.49283061963018
NV,0.75,-0.17720000000000002,0.3333333333333333,-18124243.0,575984100.0,,,eps_dcf,,
NVD,0.8899999856948853,-0.005057000000000001,-0.5,,1876901547.0,,,eps_dcf,,
NWR,0.03999999910593033,-0.6637,0.5,148680283.0,2585481525.0,,,eps_dcf,,
NYT,2.859999895095825,0.32,-0.38461538461538464,801704338.0,1248551724.0,,,eps_dcf,0.6471152764004957,-77.37359090431666
OCC,8.800000190734863,0.35609999999999997,-0.5,-38348000.0,60000000.0,,,eps_dcf,0.39463727639070845,-95.51548559275936
OGC,10.0,-7.92,0.26373626373626374,-124529000.0,21330715.0,,,eps_dcf,,
OHTL,300.0,17.55,-0.5,635699333.0,15097800.0,,,eps_dcf,19.44926762329945,-93.51691079223353
OKJ,5.349999904632568,0.336267,-0.4285714285714286,-5958050.0,609000000.0,,,eps_dcf,0.5405982623414177,-89.89535940228123
ONEE,2.059999942779541,0.14500000000000002,0.5,838756573.0,2381250000.0,,,eps_dcf,12.27548602616562,495.8973964631478
OR,13.5,0.63,-0.3870967741935484,17677291388.0,12000000000.0,,,eps_dcf,1.2576347863227735,-90.68418676797945
ORI,2.299999952316284,0.5235,-0.3157894736842105,2062506008.0,2454122453.0,,,eps_dcf,1.512375350834352,-34.244548600478495
ORN,0.6899999976158142,0.07859999999999999,0.5,8188875.0,1565217391.0,,,eps_dcf,6.654160011424948,864.3710194807745
OSP,15.899999618530273,0.8400000000000001,0.21428571428571425,2694858540.0,3003750000.0,,,eps_dcf,26.359515859394755,65.78312258998226
PACO,1.3600000143051147,0.13,-0.4000000000000001,125871837.0,1000000000.0,,,eps_dcf,0.24261941869345716,-82.16033704842111
PAF,0.8399999737739563,0.018999999999999996,0.0,24082374.0,540000000.0,,,eps_dcf,0.2489875256906196,-70.35862696852631
PANEL,1.3200000524520874,0.06999999999999999,0.5,-30733316.0,195714286.0,,,eps_dcf,5.92609670228685,348.9467020306768
PAP,1.8700000047683716,-0.16,0.5,-439977496.0,660000000.0,,,eps_dcf,,
PATO,7.800000190734863,0.62,0.3636363636363636,65145639.0,142372000.0,,,eps_dcf,33.40978654255402,328.3305862253624
PB,48.75,3.15,-0.30434782608695654,972986121.0,450000000.0,,,eps_dcf,9.650830724094074,-80.20342415570445
PCC,2.859999895095825,0.37000000000000005,0.5,1000809895.0,1226619100.0,,,eps_dcf,31.323653997801927,995.2326974386975
PCE,2.4600000381469727,0.18146199999999998,0.25000000000000006,-378176444.0,2750000000.0,,,eps_dcf,6.511044367215196,164.67659618898728
PCSGH,3.0199999809265137,0.34199999999999997,-0.2727272727272727,544160943.0,1450000000.0,,,eps_dcf,1.2311093401204096,-59.23478980477628
PDG,2.7799999713897705,0.252,0.1999999999999999,94619112.0,296999929.0,,,eps_dcf,7.488526640629361,169.3714646653653
PDJ,1.2999999523162842,-0.3296,-0.5,248275310.0,592928784.0,,,eps_dcf,,
PEACE,2.0,0.06999999999999999,-0.5,-289966326.0,503997673.0,,,eps_dcf,0.07757542641771858,-96.12122867911407
PEER,0.12999999523162842,-0.1423,-0.5,-136068000.0,1054926482.0,,,eps_dcf,,
PERM,0.3400000035762787,-0.31000000000000005,0.5,-397582090.0,766658697.0,,,eps_dcf,,
PF,0.07000000029802322,-0.14969999999999997,-0.5,593733000.0,10011080604.0,,,eps_dcf,,
PG,7.0,-0.12000000000000002,-0.5,4255273.0,96000000.0,,,eps_dcf,,
PHG,13.699999809265137,0.9700000000000001,0.31818181818181807,264645136.0,300000000.0,,,eps_dcf,44.578416390454635,225.38990519041332
PHOL,2.7799999713897705,0.33,-0.12499999999999993,51106186.73,202500232.0,,,eps_dcf,2.4510790145183057,-11.831689217861088
PICO,4.28000020980835,0.01699999999999998,0.0,5932089.0,215294775.0,,,eps_dcf,0.22277831246002788,-94.79489949674551
PIMO,1.0499999523162842,0.11300000000000002,-0.5,44649006.0,732841969.0,,,eps_dcf,0.12522890264574577,-88.07343730164057
PIN,4.320000171661377,0.97,-0.5,-481006261.0,1165272727.0,,,eps_dcf,1.0749737660741006,-75.11634899633141
PIS,3.4600000381469727,0.37103100000000006,0.5,-694055131.0,540000000.0,,,eps_dcf,31.410936936374185,807.8305372850959
PJW,2.059999942779541,0.215,-0.14285714285714296,87207917.32,579134229.0,,,eps_dcf,1.4673021935010522,-28.771736201058655
PK,0.6200000047683716,-0.039999999999999994,0.5,24664624.0,520756281.0,,,eps_dcf,,
PL,1.2799999713897705,0.1,0.5,332425580.0,596509825.0,,,eps_dcf,8.46585243183836,561.3947360206962
PLANB,4.119999885559082,0.2258,0.4999999999999999,2656158247.0,4600279515.0,,,eps_dcf,19.115894791091016,363.97804179785794
PLANET,0.7099999785423279,-0.21000000000000002,-0.5,-166692665.0,659289102.0,,,eps_dcf,,
PLAT,1.059999942779541,0.15,0.4999999999999999,819217337.0,2800000000.0,,,eps_dcf,12.698778647757536,1097.9980503073132
PLE,0.20000000298023224,-0.274,0.5,123911488.0,1815757276.0,,,eps_dcf,,
PLT,0.5799999833106995,0.07,0.0,-171694833.13,960000000.0,,,eps_dcf,0.9173224630707041,58.15904990799021
PLUS,2.140000104904175,0.039999999999999994,0.4999999999999999,-225882058.0,670000000.0,,,eps_dcf,3.386340972735343,58.24022461377295
PM,11.5,1.15,0.31818181818181807,388732669.0,558120000.0,,,eps_dcf,52.85069984435341,359.57130299437745
PMC,0.8399999737739563,0.141326,0.0,44085000.0,395863038.0,,,eps_dcf,1.8520216345132905,120.4787728971607
PMTA,10.0,1.79,0.5,460564377.0,101200000.0,,,eps_dcf,151.53875852990663,1415.3875852990661
POLY,6.699999809265137,0.52,0.09999999999999995,233739763.0,450000000.0,,,eps_dcf,10.399999999999991,55.22388501591129
PORT,0.6700000166893005,0.015,-0.5,271203268.0,607202667.0,,,eps_dcf,0.016623305660939697,-97.5189096646473
PPM,1.4199999570846558,0.16190000000000002,-0.5,141424149.72,422000713.0,,,eps_dcf,0.17942087910040916,-87.36472644205068
PPP,1.1399999856948853,-0.23000000000000004,-0.5,36749129.0,300000000.0,,,eps_dcf,,
PPPM,0.38999998569488525,-0.175,-0.5,-113158245.0,809134657.0,,,eps_dcf,,
PPS,0.2199999988079071,-0.023,0.0,4678813.0,859855143.0,,,eps_dcf,,
PQS,1.909999966621399,0.16199999999999998,-0.5,-16565562.0,670000000.0,,,eps_dcf,0.1795317011381487,-90.60043433112082
PR9,23.600000381469727,0.9199999999999999,0.15,835263644.0,786300000.0,,,eps_dcf,22.501354027606144,-4.655281085191078
PRAKIT,10.600000381469727,-0.8798,0.5,86792377.0,60450262.0,,,eps_dcf,,
PRAPAT,0.7900000214576721,0.084546,-0.5,13145460.0,427854837.0,,,eps_dcf,0.09369560002732052,-88.13979778703832
PREB,3.5999999046325684,0.5129999999999999,0.0,590236311.1999999,308676462.0,,,eps_dcf,6.72266319364673,86.74064921490252
PRECHA,0.699999988079071,-0.12,-0.4999999999999999,-116339670.68,336000000.0,,,eps_dcf,,
PRG,8.399999618530273,1.032,0.5,-353301697.0,763150386.0,,,eps_dcf,87.36759709657187,940.0904888595502
PRI,4.739999771118164,0.714,-0.36,109112970.0,320000000.0,,,eps_dcf,1.6412065395195308,-65.375387789684
PRIME,0.07000000029802322,-0.05,-0.5,-186067000.0,4254485515.0,,,eps_dcf,,
PRIN,1.5,0.03,0.5,114095846.0,1220011755.0,,,eps_dcf,2.5397557295515076,69.31704863676717
PRINC,1.9900000095367432,0.093,-0.5,-954649194.0,3808570502.0,,,eps_dcf,0.10306449509782613,-94.8208796681454
PRM,6.300000190734863,0.97,-0.13043478260869565,131216000.0,2167327500.0,,,eps_dcf,7.022087024084691,11.461695420450448
PROEN,1.090000033378601,-0.05000000000000001,0.5,-161265338.0,392568069.0,,,eps_dcf,,
PROS,0.4300000071525574,0.040999999999999995,0.0,81735818.0,551547185.0,,,eps_dcf,0.5372888712271265,24.950898206963224
PROSPECT,7.0,0.793662,-0.16666666666666666,,644000000.0,,,eps_dcf,4.831989219165372,-30.971582583351825
PROUD,0.9800000190734863,0.107,-0.5,676056228.0,974014010.0,,,eps_dcf,0.11857958038136987,-87.9000430537259
PRTR,3.559999942779541,0.38,0.11111111111111122,217346555.0,603488372.0,,,eps_dcf,7.952110649943404,123.37389825165657
PSG,3.240000009536743,0.0104,-0.5,-110566586.0,4451536859.0,,,eps_dcf,0.011525491924918191,-99.64427494163598
PSH,3.9200000762939453,0.35000000000000003,0.0,-216758491.0,2210566502.0,,,eps_dcf,4.586612315353521,17.005413930751896
PSL,6.900000095367432,0.4008,-0.5,-2206948261.0,1484704462.0,,,eps_dcf,0.4441747272603087,-93.56268520114193
PSP,4.760000228881836,0.6000000000000001,0.4615384615384615,555174311.0,1400000000.0,,,eps_dcf,44.88569875999329,842.9768193632485
PSTC,0.36000001430511475,-0.1499,-0.5,12982198.0,3464678335.0,,,eps_dcf,,
PT,11.300000190734863,0.8715999999999999,-0.4545454545454546,711919021.0,283888942.0,,,eps_dcf,1.2235659182798133,-89.17198320684061
PTC,0.800000011920929,0.08,-0.5,,410000000.0,,,eps_dcf,0.0886576301916784,-88.9177963911779
PTECH,2.7799999713897705,-1.9461449999999998,-0.5,-86212429.0,367306656.0,,,eps_dcf,,
PTG,8.899999618530273,0.62,0.1875,1021783655.0,1670000000.0,,,eps_dcf,17.55908479977688,97.2930960942732
PTL,9.699999809265137,1.0510000000000002,0.0,77095177.0,900000000.0,,,eps_dcf,13.772941552675858,41.98909096390265
PTT,30.25,3.39,-0.24752475247524752,162648018137.0,28324335850.0,,,eps_dcf,13.85773102754294,-54.18931891721343
PTTEP,105.0,18.12,-0.27600849256900206,48268051000.0,3969985400.0,,,eps_dcf,64.15038620855108,-38.904394087094204
PTTGC,23.399999618530273,-5.33,-0.5,24107547689.0,4508849117.0,,,eps_dcf,,
PYLON,2.4000000953674316,0.11100000000000002,0.0,-54198502.0,749873396.0,,,eps_dcf,1.4546113342978308,-39.391196812634504
Q-CON,6.75,0.86,-0.5,-203801195.0,400000000.0,,,eps_dcf,0.9530695245605427,-85.88045148799196
QH,1.2200000286102295,0.17,-0.4000000000000001,1410274055.0,10714281645.0,,,eps_dcf,0.31727154752221315,-73.99413605886264
QHBREIT,3.5,0.103249,-0.12499999999999993,,797000000.0,,,eps_dcf,0.766883203545456,-78.08905132727268
QHHRREIT,6.150000095367432,2.254489,0.0,,336000000.0,,,eps_dcf,29.54419146351155,380.39334968085774
QHOP,2.940000057220459,0.17915399999999998,0.5,,191300000.0,,,eps_dcf,15.16691326573569,415.881393555986
QLT,1.7999999523162842,-0.07199999999999998,0.5,24712124.559999995,98568485.0,,,eps_dcf,,
QTC,3.700000047683716,0.03499999999999999,-0.5,-200768980.0,341092557.0,,,eps_dcf,0.038787713208859285,-98.95168344029776
QTCG,0.1899999976158142,-0.4838,0.0,-57732781.0,600000000.0,,,eps_dcf,,
RABBIT,0.33000001311302185,-0.08349999999999999,0.0,-807719554.0,7484279876.0,,,eps_dcf,,
RAM,18.600000381469727,1.03,-0.24137931034482754,411877668.0,1200000000.0,,,eps_dcf,4.34218953799224,-76.65489543581863
RATCH,28.75,3.3200000000000003,0.3380281690140845,5859690159.0,2174999985.0,,,eps_dcf,163.65001827540274,469.21745487096604
RBF,3.7799999713897705,0.2,-0.4444444444444444,283592372.0,1981534000.0,,,eps_dcf,0.29595688307106444,-92.1704527695472
RCL,26.0,11.23,0.5,-3688410971.0,828750000.0,,,eps_dcf,950.7152280954476,3556.597031136337
READY,2.9800000190734863,0.32999999999999996,-0.12499999999999993,33384979.0,119999977.0,,,eps_dcf,2.451079014518305,-17.7490268848934
RICHY,0.23999999463558197,-0.11800000000000001,-0.5,480535534.0,1628322777.0,,,eps_dcf,,
RJH,13.100000381469727,1.5299999999999998,-0.46153846153846156,75012680.73000002,293478500.0,,,eps_dcf,2.070936273426585,-84.1913266173948
RML,0.14000000059604645,-0.1717,0.3333333333333333,-343593747.0,5795220780.0,,,eps_dcf,,
ROCK,9.899999618530273,0.75,0.5,21501447.0,20000000.0,,,eps_dcf,63.49389323878769,541.3524816702349
ROCTEC,0.6800000071525574,0.044000000000000004,0.0,495657426.0,8117976744.0,,,eps_dcf,0.576602691073014,-15.205487498817966
ROH,1.2100000381469727,-0.04,-0.5,-28400433.0,938917233.0,,,eps_dcf,,
ROJNA,4.480000019073486,1.03,-0.5,2905950201.0,2020461863.0,,,eps_dcf,1.1414669887178595,-74.52082625316757
RP,0.75,-0.13,0.5,91107804.56,200811609.0,,,eps_dcf,,
RPC,0.28999999165534973,-0.0503,-0.5,1067742305.0,1304664127.0,,,eps_dcf,,
RPH,4.960000038146973,0.33,0.0,226632801.0,530407000.0,,,eps_dcf,4.324520183047605,-12.812093754273016
RS,0.23000000417232513,-0.1904,-0.5,-532271255.0,2182218063.0,,,eps_dcf,,
RSP,1.149999976158142,0.062,-0.5,243067129.0,743000000.0,,,eps_dcf,0.06870966339855075,-94.0252465371267
RT,0.27000001072883606,-0.046000000000000006,-0.5,-13752538.0,1477355693.0,,,eps_dcf,,
RWI,0.2199999988079071,0.013000000000000012,-0.25000000000000006,,915277062.0,,,eps_dcf,0.05248523177440689,-76.14307633690746
S,0.5400000214576721,-0.011,-0.5,751644841.0,6853719395.0,,,eps_dcf,,
S11,3.259999990463257,0.34,0.5,634009484.0,613000000.0,,,eps_dcf,28.783898268250425,782.9416672531995
SA,7.199999809265137,0.203,-0.5,269488000.0,1198907008.0,,,eps_dcf,0.22496873661138392,-96.87543413095806
SAAM,5.5,-0.018299999999999993,-0.5,-68969813.0,317000000.0,,,eps_dcf,,
SABINA,15.300000190734863,1.25,-0.17142857142857143,916828107.1899999,347500000.0,,,eps_dcf,7.437123715771765,-51.39134886890117
SAF,0.3700000047683716,-0.011099999999999999,0.0,12792685.26,300000000.0,,,eps_dcf,,
SAFE,7.099999904632568,0.47,-0.5,135498326.0,303947800.0,,,eps_dcf,0.5208635773761106,-92.66389317785398
SAK,3.640000104904175,0.41000000000000003,0.11111111111111122,-579117954.0,2096000000.0,,,eps_dcf,8.579908859149462,135.71177505159258
SALEE,0.4099999964237213,0.0162,0.0,113142582.0,1520484068.0,,,eps_dcf,0.2122946271677915,-48.22082219035142
SAM,0.15000000596046448,-0.09659999999999999,0.5,116810682.79999998,1045125094.0,,,eps_dcf,,
SAMART,5.949999809265137,0.122,0.5,307988135.0,1006504198.0,,,eps_dcf,10.328339966842794,73.58555122573038
SAMCO,0.8999999761581421,-0.086,-0.5,372789772.0,641800446.0,,,eps_dcf,,
SAMTEL,4.340000152587891,0.19,0.5,-940445026.0,618000071.0,,,eps_dcf,16.085119620492886,270.62486301760885
SANKO,0.8700000047683716,0.2,-0.4285714285714286,70060649.0,316662232.0,,,eps_dcf,0.32152917909959516,-63.04262329455976
SAPPE,36.5,3.84,-0.2894736842105262,-407583899.0,305237777.0,,,eps_dcf,12.694478742736681,-65.22060618428307
SAT,13.100000381469727,1.4900000000000002,-0.2045454545454546,800368893.0,425193894.0,,,eps_dcf,7.541875990742829,-42.428429228055606
SAUCE,37.75,2.0199999999999996,-0.14545454545454556,737661903.0,360000000.0,,,eps_dcf,13.616146723274277,-63.930737156889336
SAV,11.399999618530273,0.8029999999999999,0.3333333333333335,650519116.0,638425300.0,,,eps_dcf,38.93412206490427,241.52739796252547
SAWAD,29.0,2.9654540000000003,-0.09523809523809519,15375997000.0,1661506929.0,,,eps_dcf,25.31423976638913,-12.709518046934038
SAWANG,7.349999904632568,-1.03,-0.5,-3399447.0,24000000.0,,,eps_dcf,,
SC,1.690000057220459,0.36650000000000005,0.5,3130365943.0,4277263395.0,,,eps_dcf,31.02734916268759,1735.9377581157148
SCAP,1.1799999475479126,0.128628,0.5,7227402000.0,6769084776.0,,,eps_dcf,10.889456666025044,822.8353517009703
SCB,130.0,13.73,0.13432835820895514,,3367107286.0,,,eps_dcf,315.50635880790537,142.69719908300414
SCC,201.0,19.06,0.5,33010573000.0,1200000000.0,,,eps_dcf,1613.591473508391,702.7818276161149
SCCC,142.0,12.24,-0.1743589743589743,4840589000.0,298000000.0,,,eps_dcf,71.7980771355782,-49.43797384818437
SCG,2.359999895095825,-0.091,-0.5,213550888.0,1163695652.0,,,eps_dcf,,
SCGD,4.760000228881836,0.54,-0.1875,1510052000.0,1650000000.0,,,eps_dcf,2.9714514363062294,-37.57455265912354
SCGP,16.899999618530273,0.9199999999999999,-0.4000000000000001,9324780000.0,4292920000.0,,,eps_dcf,1.7169989630613887,-89.84024259279416
SCI,1.0,-0.08199999999999999,0.5,3472543.0,750000000.0,,,eps_dcf,,
SCL,1.2300000190734863,0.19,-0.20000000000000004,28498739.0,250000000.0,,,eps_dcf,0.9834494663181221,-20.044760075782897
SCM,0.1599999964237213,-0.08,-0.5,-33492424.0,753224590.0,,,eps_dcf,,
SCN,0.5,-0.190173,0.0,201705000.0,1213721000.0,,,eps_dcf,,
SCP,7.699999809265137,1.19,0.2,457578564.0,282300000.0,,,eps_dcf,35.36248691408309,359.25308818232264
SDC,0.029999999329447746,0.0014000000000000002,0.0,213176545.0,34516369133.0,,,eps_dcf,0.018346449261414086,-38.84516776170269
SE,0.44999998807907104,0.0456,0.0,30318029.77,679450333.0,,,eps_dcf,0.5975700616574873,32.79335055281961
SE-ED,1.7999999523162842,0.08000000000000002,0.5,16111243.0,391944418.0,,,eps_dcf,6.772681945470689,276.2601180491941
SEAFCO,2.259999990463257,-0.03,0.25000000000000006,40428982.0,790436319.0,,,eps_dcf,,
SEAOIL,2.680000066757202,0.48660000000000003,0.14285714285714277,254488000.0,738981791.0,,,eps_dcf,11.56866856109945,331.6667266018963
SECURE,12.899999618530273,0.8600000000000001,-0.22500000000000006,161324432.0,102741000.0,,,eps_dcf,3.93417559548295,-69.50251386184786
SEI,2.559999942779541,0.421654,0.5,103407052.0,170000000.0,,,eps_dcf,35.69660541294371,1294.3986801103529
SELIC,2.759999990463257,0.189,-0.28571428571428575,263322000.0,610974375.0,,,eps_dcf,0.6368948741227611,-76.92409868393295
SENA,1.899999976158142,0.278,-0.12499999999999993,-126511507.0,1414915860.0,,,eps_dcf,2.064848381927542,8.676231991472362
SENX,0.23999999463558197,0.027699999999999995,0.0,215821680.0,4187305152.0,,,eps_dcf,0.36299760324369285,51.24900473221739
SFLEX,2.6600000858306885,0.332,-0.12499999999999993,168089131.0,756011272.0,,,eps_dcf,2.465934038848719,-7.295715816541586
SFT,2.140000104904175,0.098,0.5,12778078.719999999,440000000.0,,,eps_dcf,8.296535383201592,287.6885503037438
SGC,1.090000033378601,0.052000000000000005,0.0,487175873.0,6240028067.0,,,eps_dcf,0.6814395439953802,-37.48261255706873
SGF,0.1899999976158142,-0.14650000000000002,-0.5,476133677.0,1310000006.0,,,eps_dcf,,
SGP,6.5,-0.009999999999999972,-0.5,-6182676813.0,1837863000.0,,,eps_dcf,,
SHANG,49.0,1.88,-0.5,531672492.0,130000000.0,,,eps_dcf,2.083454309504442,-95.74805242958277
SHR,1.5,0.021,-0.5,928929280.0,3593640000.0,,,eps_dcf,0.023272627925315578,-98.44849147164564
SIAM,0.7900000214576721,-0.06799999999999999,0.5,,593125849.0,,,eps_dcf,,
SICT,2.619999885559082,0.23140000000000002,-0.3,247080578.0,479999884.0,,,eps_dcf,0.7249176024985873,-72.3313880090534
SIMAT,0.9100000262260437,0.11000000000000001,0.4999999999999999,-86594762.0,648564609.0,,,eps_dcf,9.312437675022196,923.344769960368
SINGER,6.050000190734863,0.1,0.0,188518987.0,815102226.0,,,eps_dcf,1.3104606615295773,-78.33949388073653
SINO,1.0299999713897705,0.085,0.0,201174490.0,1040000000.0,,,eps_dcf,1.1138915623001406,8.144814877730132
SIRI,1.3899999856948853,0.253,-0.14285714285714296,10298013903.0,17436621291.0,,,eps_dcf,1.7266393253756567,24.21865778023584
SIRIPRT,7.949999809265137,0.42000000000000004,0.0,,181038961.0,,,eps_dcf,5.503934778424225,-30.76811433366582
SIS,19.100000381469727,1.95,0.07843137254901968,1036569000.0,350198655.0,,,eps_dcf,35.68387222910825,86.82655244199746
SISB,11.600000381469727,0.94,0.04347826086956513,901314246.0,940000000.0,,,eps_dcf,14.854360676419942,28.054829206289096
SITHAI,1.0499999523162842,0.09,-0.5,268175227.0,2636756900.0,,,eps_dcf,0.0997398339656382,-90.50096776236859
SJWD,8.550000190734863,0.78,0.5,1738004242.0,1776525806.0,,,eps_dcf,66.0336489683392,672.3233625175354
SK,0.5799999833106995,0.0763,0.0,57980559.050000004,460000000.0,,,eps_dcf,0.9998814847470675,72.39336439970934
SKE,0.20000000298023224,-0.068,-0.5,80589248.0,1116000000.0,,,eps_dcf,,
SKN,5.75,0.6500000000000001,-0.3,-457758407.0,800000000.0,,,eps_dcf,2.03628540027693,-64.58634086474903
SKR,7.900000095367432,0.4,-0.1666666666666666,1025268189.0,2034828649.0,,,eps_dcf,2.435288180190243,-69.17356771149537
SKY,11.399999618530273,0.81,0.4117647058823528,-120519535.0,717279904.0,,,eps_dcf,51.41255023075136,350.98729781694186
SLP,0.4099999964237213,0.030600000000000002,0.0,1425328.0,1200000000.0,,,eps_dcf,0.4010009624280506,-2.194886359552672
SMART,0.5299999713897705,0.059899999999999995,-0.5,75765000.0,,,,eps_dcf,0.06638240060601919,-87.47501807746316
SMD100,3.1600000858306885,-0.03,-0.4000000000000001,78798983.0,207703317.0,,,eps_dcf,,
SMIT,3.5799999237060547,0.29000000000000004,0.0,248138027.4,530000000.0,,,eps_dcf,3.800335918435774,6.1546368554562765
SMPC,9.0,1.2200000000000002,0.3448275862068967,926350000.0,535506333.0,,,eps_dcf,61.584972277302626,584.2774697478069
SMT,1.350000023841858,-0.17099999999999999,-0.5,59361180.0,813443863.0,,,eps_dcf,,
SNC,6.050000190734863,0.9200000000000002,0.5,597824756.0,362026339.0,,,eps_dcf,77.88584237291292,1187.3692548338997
SNNP,8.649999618530273,0.66,-0.12499999999999993,226955783.0,900005100.0,,,eps_dcf,4.902158029036611,-43.3276503442258
SNP,9.75,0.56,-0.5,770476476.0,510630383.0,,,eps_dcf,0.6206034113417488,-93.63483680675128
SNPS,4.420000076293945,0.229079,0.5,76000707.0,405000000.0,,,eps_dcf,19.393490092330993,338.7667365967995
SO,4.360000133514404,0.43,0.5,384295948.0,476150004.0,,,eps_dcf,36.403165456904944,734.9349619758372
SOLAR,0.3199999928474426,-0.08650000000000001,-0.5,-47917776.0,1307120744.0,,,eps_dcf,,
SONIC,1.4700000286102295,0.17600000000000002,-0.4000000000000001,-113295293.0,788844992.0,,,eps_dcf,0.32846936684652656,-77.65514554737331
SORKON,3.759999990463257,0.5627,0.5,41009883.0,312766300.0,,,eps_dcf,47.637351633954445,1166.9508445420292
SPA,3.0,0.18,-0.5,118532127.0,1282499124.0,,,eps_dcf,0.1994796679312764,-93.35067773562412
SPACK,1.3700000047683716,0.16399999999999998,-0.5,88858874.52999999,300000000.0,,,eps_dcf,0.1817481418929407,-86.73371231676242
SPALI,16.700000762939453,2.6199999999999997,0.5,71002524.0,1888242530.0,,,eps_dcf,221.805333714165,1228.1755903053258
SPC,57.5,9.05,0.47647058823529403,391950951.0,330000000.0,,,eps_dcf,710.5662877025719,1135.767456874038
SPCG,8.199999809265137,0.47,-0.5,1104527436.0,1055790000.0,,,eps_dcf,0.5208635773761106,-93.64800500620025
SPG,12.300000190734863,0.9000000000000001,0.1200000000000001,558839670.0,345000000.0,,,eps_dcf,19.52420634238844,58.733382436004376
SPI,44.5,4.386667,-0.3076923076923077,-1369796748.0,857894892.0,,,eps_dcf,13.211150320015626,-70.31202175277387
SPRC,4.300000190734863,-0.46,-0.5,6274416162.0,4335902125.0,,,eps_dcf,,
SPREME,1.4900000095367432,0.2,0.3333333333333334,-45373694.0,740000000.0,,,eps_dcf,9.697166143189111,550.8165155115712
SPRIME,3.4800000190734863,0.542222,-0.07142857142857148,,446750000.0,,,eps_dcf,5.164480304933848,48.404605650227474
SPVI,2.0199999809265137,0.15,0.5,186766202.0,400000000.0,,,eps_dcf,12.698778647757536,528.6524142407657
SQ,0.4300000071525574,-0.16999999999999998,-0.5,810523715.0,1149160000.0,,,eps_dcf,,
SR,0.41999998688697815,-0.017000000000000005,0.5,188228000.0,676700000.0,,,eps_dcf,,
SRICHA,9.449999809265137,-3.07,-0.5,-524114795.0,309879000.0,,,eps_dcf,,
SRIPANWA,4.920000076293945,0.29983,0.23529411764705868,,279064000.0,,,eps_dcf,10.184390085268497,106.99979527114198
SRS,2.4000000953674316,0.06,0.5,40069407.0,160000000.0,,,eps_dcf,5.079511459103015,111.64630238589052
SSF,5.25,0.69,0.5,306765491.0,272546160.0,,,eps_dcf,58.41438177968466,1012.6548910416126
SSP,3.4600000381469727,0.3592,-0.5,722469749.0,1248718038.0,,,eps_dcf,0.39807275956063604,-88.49500707595868
SSSC,2.059999942779541,0.31,0.25000000000000006,,639997880.0,,,eps_dcf,11.12312083982713,439.95733732005806
SST,1.5800000429153442,-0.484,-0.15384615384615377,494680233.0,526456550.0,,,eps_dcf,,
SSTRT,4.320000171661377,0.39040600000000003,-0.5,,195574769.0,,,eps_dcf,0.432655884657655,-89.98481788274408
STA,11.699999809265137,0.69,-0.5,10567848403.0,1535999998.0,,,eps_dcf,0.764672060403226,-93.46434125752985
STANLY,180.0,17.16,0.0,999902124.0,76625000.0,,,eps_dcf,224.8750495184754,24.93058306581967
STARM,1.0,0.09000000000000001,0.4999999999999999,439259180.0,1100000000.0,,,eps_dcf,7.619267188654525,661.9267188654525
STC,0.3700000047683716,0.0074,0.0,16855394.0,568000000.0,,,eps_dcf,0.09697408895318872,-73.79078710717944
STECH,1.0099999904632568,0.23,-0.20000000000000004,194540858.0,725000000.0,,,eps_dcf,1.190491459227201,17.87044262061409
STECON,8.350000381469727,0.571123,0.5,-2292708098.0,1537845543.0,,,eps_dcf,48.35043038428819,479.0470440167547
STELLA,0.18000000715255737,-0.049,0.0,-82830422.0,14707204768.0,,,eps_dcf,,
STGT,6.650000095367432,0.28,-0.4000000000000001,1587218993.0,2840179910.0,,,eps_dcf,0.5225649018012923,-92.14188128861343
STI,2.119999885559082,0.05,-0.5,132741949.0,602997079.0,,,eps_dcf,0.055411018869799,-97.38627255372771
STOWER,0.03999999910593033,-0.015000000000000001,0.5,-63290679.83000001,3697375325.0,,,eps_dcf,,
STP,10.800000190734863,1.69,0.28947368421052627,102294465.82999998,100000000.0,,,eps_dcf,70.07281646692294,548.8223632351156
STPI,4.059999942779541,-0.006999999999999982,-0.5,597310439.0,1812272387.0,,,eps_dcf,,
STX,1.1699999570846558,0.25,-0.5,150876173.0,307134600.0,,,eps_dcf,0.277055094348995,-76.32007653749439
SUC,29.0,7.219999999999999,0.5,537723281.0,300000000.0,,,eps_dcf,611.2345455787295,2007.7053295818257
SUN,3.3399999141693115,0.43,0.22222222222222227,375017040.0,773996592.0,,,eps_dcf,13.905219394062556,316.3239446525827
SUPER,0.12999999523162842,0.0466,-0.5,1742535000.0,27349473108.0,,,eps_dcf,0.05164306958665267,-60.27456039930058
SUSCO,2.3399999141693115,0.20999999999999996,-0.5,-288140000.0,949999956.0,,,eps_dcf,0.23272627925315573,-90.05443214574764
SUTHA,2.5,0.21000000000000002,-0.5,105132426.0,362393057.0,,,eps_dcf,0.23272627925315578,-90.69094882987378
SVI,6.050000190734863,0.46,-0.5,2449693176.0,2153210026.0,,,eps_dcf,0.5097813736021508,-91.57386185899888
SVOA,1.3799999952316284,0.004,0.0,-595021347.0,813473000.0,,,eps_dcf,0.05241842646118309,-96.20156328678937
SVR,0.4699999988079071,-0.010000000000000002,-0.5,59938241.0,510000000.0,,,eps_dcf,,
SVT,1.3200000524520874,0.13,0.4999999999999999,94775815.0,700000000.0,,,eps_dcf,11.005608161389866,733.7581609141141
SWC,3.9000000953674316,0.255473,0.4000000000000001,209762592.0,498732180.0,,,eps_dcf,15.586268914083119,299.6479111012608
SYMC,4.320000171661377,0.44000000000000006,-0.4,-71965692.0,433654887.0,,,eps_dcf,0.821173417116317,-80.99135684060606
SYNEX,10.600000381469727,0.8300000000000001,0.22222222222222227,-114307465.0,847361206.0,,,eps_dcf,26.840307202492856,153.21043619407263
SYNTEC,1.7599999904632568,0.37,0.5,592122406.0,1580595100.0,,,eps_dcf,31.32365399780192,1679.7530777007044
TACC,4.659999847412109,0.45999999999999996,0.3,181697048.0,600000000.0,,,eps_dcf,19.810775965377424,325.12396167521695
TAE,0.5699999928474426,0.01,0.0,112534834.0,1000000000.0,,,eps_dcf,0.13104606615295772,-77.00946178993524
TAKUNI,0.46000000834465027,-0.148,-0.5,151787875.0,800000237.0,,,eps_dcf,,
TAN,4.099999904632568,0.243653,-0.5,76379900.0,299200000.0,,,eps_dcf,0.27002121961366266,-93.41411644159876
TASCO,14.0,1.062,0.0,1542360219.0,1578361570.0,,,eps_dcf,13.91709222544411,-0.5921983896849297
TATG,0.9599999785423279,0.2162,0.0,56302000.0,400000000.0,,,eps_dcf,2.8332159502269456,195.12666807856857
TBN,4.599999904632568,0.37,-0.5,9412458.0,100000000.0,,,eps_dcf,0.4100415396365125,-91.08605330135838
TC,5.099999904632568,0.89,-0.3636363636363636,330532698.0,330000000.0,,,eps_dcf,2.0074698848586747,-60.63784465887546
TCAP,51.5,6.93,0.2085889570552148,6491813000.0,1048604897.0,,,eps_dcf,212.80498768644998,313.21356832320384
TCC,0.30000001192092896,0.010500000000000002,0.0,-145321502.0,1395550150.0,,,eps_dcf,0.13759836946060564,-54.133878669020696
TCJ,2.9000000953674316,-0.18000000000000002,-0.5,130146168.0,105596336.0,,,eps_dcf,,
TCMC,0.4099999964237213,-0.55,-0.5,128421250.94999999,763201126.0,,,eps_dcf,,
TCOAT,24.0,0.8400000000000001,0.14634146341463414,-38694000.0,10500000.0,,,eps_dcf,20.248945897366397,-15.629392094306679
TEAM,2.299999952316284,0.22499999999999998,-0.5,367172523.0,637063385.0,,,eps_dcf,0.24934958491409548,-89.15871347462506
TEAMG,3.0999999046325684,0.18,0.1999999999999999,172390607.0,817901618.0,,,eps_dcf,5.348947600449545,72.54670209686785
TEGH,3.119999885559082,0.655,0.5,1742620437.0,1080000000.0,,,eps_dcf,55.45133342854126,1677.2863930283374
TEKA,1.7300000190734863,0.30000000000000004,-0.5,284287503.0,300000000.0,,,eps_dcf,0.33246611321879405,-80.78230580616706
TERA,1.0099999904632568,0.07,-0.5,-4908529.0,240000000.0,,,eps_dcf,0.0775754264177186,-92.319264638593
TFG,4.900000095367432,1.15,0.5,11902426000.0,5823224156.0,,,eps_dcf,97.35730296614113,1886.8836953326775
TFI,0.05999999865889549,-0.016,0.0,-136030368.0,16826223539.0,,,eps_dcf,,
TFM,5.900000095367432,0.535,0.5,659797000.0,1000000000.0,,,eps_dcf,45.29231051033521,667.6662674276545
TFMAMA,196.0,12.32,-0.18155619596541794,5050535427.0,329704014.0,,,eps_dcf,69.78524247337856,-64.39528445235788
TGE,1.4700000286102295,0.11,0.0,97440048.0,2511691156.0,,,eps_dcf,1.4415067276825348,-1.93831975327462
TGH,11.899999618530273,0.8500000000000001,0.5,889642547.0,752097582.0,,,eps_dcf,71.95974567062605,504.70376451586424
TGPRO,0.05999999865889549,-0.0229,0.5,-39963470.0,4719459900.0,,,eps_dcf,,
TH,0.550000011920929,0.007700000000000002,-0.5,-2289207.0,998345835.0,,,eps_dcf,0.008533296905949048,-98.44849150527367
THAI,10.100000381469727,6.64,-0.5,44320825315.0,28303291567.0,,,eps_dcf,7.358583305909306,-27.142742297218568
THANA,0.949999988079071,0.06,-0.3333333333333333,309106001.0,277375424.0,,,eps_dcf,0.15835060606137266,-83.33151494227253
THANI,1.590000033378601,0.13,-0.3333333333333333,9808493125.0,6229328690.0,,,eps_dcf,0.34309297979964076,-78.42182562282089
THCOM,9.350000381469727,-0.53,-0.5,-548528978.0,1119801456.0,,,eps_dcf,,
THE,0.8100000023841858,-0.03,0.5,444520067.0,1102061385.0,,,eps_dcf,,
THG,7.349999904632568,-0.317859,-0.5,8971619.0,1952932706.0,,,eps_dcf,,
THIP,24.899999618530273,3.3200000000000003,-0.3495145631067961,55560467.0,89999686.0,,,eps_dcf,8.058152861364409,-67.63793982001658
THMUI,0.3400000035762787,-0.030330000000000003,0.5,24883093.0,340000000.0,,,eps_dcf,,
THRE,0.44999998807907104,0.036000000000000004,0.0,,4214993833.0,,,eps_dcf,0.4717658381506479,4.8368556995944365
THREL,1.1299999952316284,-0.22000000000000003,0.5,,620000000.0,,,eps_dcf,,
TIDLOR,21.600000381469727,0.45,0.0,,2895929570.0,,,eps_dcf,5.897072976883098,-72.69873670029146
TIF1,7.150000095367432,0.5290109999999999,0.0,,90000000.0,,,eps_dcf,6.93248105016423,-3.0422243678588834
TIGER,0.3799999952316284,-0.009999999999999998,0.0,45799027.0,460000000.0,,,eps_dcf,,
TIPCO,8.199999809265137,0.278,0.5,-139508265.0,482579640.0,,,eps_dcf,23.535069760510638,187.01305253590965
TIPH,21.600000381469727,1.59,-0.4942528735632184,,594292336.0,,,eps_dcf,1.8153858106301597,-91.59543621032734
TISCO,108.0,8.43,-0.05092592592592607,8507193000.0,800645624.0,,,eps_dcf,88.12353421919494,-18.40413498222691
TITLE,4.78000020980835,0.04,0.5,497040214.0,782055617.0,,,eps_dcf,3.386340972735344,-29.156049705045582
TK,4.619999885559082,0.184,0.5,1180110000.0,500000000.0,,,eps_dcf,15.577168474582582,237.1681571524008
TKC,9.149999618530273,0.52,-0.5,21151990.0,400000000.0,,,eps_dcf,0.5762745962459097,-93.70191671834765
TKN,5.199999809265137,0.42000000000000004,-0.5,533145514.0,1365000000.0,,,eps_dcf,0.46545255850631156,-91.04898893117289
TKS,5.650000095367432,0.02999999999999997,-0.5,320082260.0,493530239.0,,,eps_dcf,0.033246611321879366,-99.41156441131498
TKT,0.949999988079071,0.0268,0.5,6520348.850000009,350780000.0,,,eps_dcf,2.26884845173268,138.82615581083962
TL,0.41999998688697815,-0.0562,0.0,,4224797738.0,,,eps_dcf,,
TLHPF,3.880000114440918,2.04,0.5,,,,,eps_dcf,172.70338960950252,4351.11815761861
TLI,10.199999809265137,1.02,-0.2727272727272727,,11450000000.0,,,eps_dcf,3.6717296108854325,-64.00265020053992
TM,1.059999942779541,-0.002100000000000001,0.5,37789237.0,308000178.0,,,eps_dcf,,
TMAN,11.5,1.228782,0.0,451798000.0,400004000.0,,,eps_dcf,16.10270472595637,40.02351935614236
TMC,0.75,-0.11299999999999999,-0.5,-33961653.71,476005000.0,,,eps_dcf,,
TMD,25.25,2.4699999999999998,0.04918032786885251,328627652.12,150000000.0,,,eps_dcf,39.98676100784357,58.363409932053735
TMI,0.5699999928474426,0.029000000000000005,0.0,50446221.0,671442656.0,,,eps_dcf,0.38003359184357743,-33.32743919081217
TMILL,2.140000104904175,0.06999999999999999,0.0,-37808972.0,398664061.0,,,eps_dcf,0.917322463070704,-57.13446644378646
TMT,2.9200000762939453,-0.009999999999999995,-0.5,830864441.0,870758034.0,,,eps_dcf,,
TMW,50.5,13.969999999999999,0.0,238709616.0,39900000.0,,,eps_dcf,183.07135441568192,262.51753349639984
TNDT,0.11999999731779099,-0.0871,0.0,-55065776.0,1731582708.0,,,eps_dcf,,
TNH,32.5,2.1799999999999997,-0.18333333333333332,289264600.0,180000000.0,,,eps_dcf,12.24200981075493,-62.33227750536945
TNITY,2.299999952316284,-0.10700000000000001,-0.5,390848052.0,214404846.0,,,eps_dcf,,
TNL,25.5,1.31,-0.45,-578271729.0,304622662.0,,,eps_dcf,1.8831250000000002,-92.61519607843137
TNP,3.140000104904175,0.238,0.0,70434848.06000003,830000000.0,,,eps_dcf,3.1188963744403937,-0.672093304418063
TNPC,0.8899999856948853,-0.32,-0.5,51269698.78999999,340813930.0,,,eps_dcf,,
TNR,6.300000190734863,1.52,-0.5,89092000.0,300000000.0,,,eps_dcf,1.6844949736418895,-73.26198535487025
TOA,12.800000190734863,1.04,-0.15,2767504488.0,1938584500.0,,,eps_dcf,6.859705465970404,-46.408551845681025
TOG,7.050000190734863,0.69,-0.5,64092541.0,474318000.0,,,eps_dcf,0.764672060403226,-89.15358808914415
TOP,33.75,5.0600000000000005,0.1068702290076335,23562231375.0,2233835566.0,,,eps_dcf,104.07803378476864,208.37935936227746
TOPP,140.0,16.71,-0.5,171946482.0,6000000.0,,,eps_dcf,18.518362506286827,-86.77259820979512
TPA,2.700000047683716,-0.267,-0.5,-17293947.0,121500000.0,,,eps_dcf,,
TPAC,7.400000095367432,1.27,-0.3571428571428571,935227134.0,326549999.0,,,eps_dcf,2.962871048531854,-59.96120256286647
TPBI,2.9600000381469727,0.517,-0.42105263157894735,511448487.0,416879900.0,,,eps_dcf,0.8644391318763911,-70.79597565081284
TPCH,2.5399999618530273,0.62,-0.5,517462659.68000007,401200000.0,,,eps_dcf,0.6870966339855076,-72.9489510116274
TPCS,10.899999618530273,0.55,0.5,102978621.0,108000000.0,,,eps_dcf,46.56218837511098,327.17605508860834
TPIPL,0.7099999785423279,0.079,-0.25000000000000006,-801398000.0,18935235000.0,,,eps_dcf,0.3189487161675493,-55.07764425255759
TPIPP,2.0199999809265137,0.372,-0.25000000000000006,-912705000.0,8400000000.0,,,eps_dcf,1.5018850938522577,-25.64925207754765
TPL,0.5799999833106995,-0.016300000000000002,0.0,37407784.0,1149660624.0,,,eps_dcf,,
TPLAS,0.949999988079071,0.024,-0.5,-3209470.0,270000000.0,,,eps_dcf,0.026597289057503515,-97.20028532723627
TPOLY,0.36000001430511475,-0.29000000000000004,-0.5,542232397.2299999,572759484.0,,,eps_dcf,,
TPP,10.600000381469727,0.915,0.5,11056422.0,37500000.0,,,eps_dcf,77.46254975132098,630.7787449398236
TPRIME,6.900000095367432,0.387341,0.5,,547500000.0,,,eps_dcf,32.79171746800702,375.2422755765314
TPS,3.640000104904175,0.2812,0.5,158663730.04,419699735.0,,,eps_dcf,23.805977038329466,554.0103393473988
TQM,12.800000190734863,1.34,-0.28947368421052627,1345316569.0,593767900.0,,,eps_dcf,4.429844144600819,-65.39184313600782
TQR,4.840000152587891,0.43999999999999995,-0.30769230769230776,107703446.0,230000000.0,,,eps_dcf,1.325130478517488,-72.62127196816395
TR,26.25,-3.3900000000000006,0.0,-587159000.0,201600000.0,,,eps_dcf,,
TRC,0.41999998688697815,-0.7938000000000001,0.5,41462000.0,1397723153.0,,,eps_dcf,,
TRITN,0.029999999329447746,-0.044103,0.0,-113810358.0,21896790805.0,,,eps_dcf,,
TRP,4.480000019073486,0.29000000000000004,-0.5,-362455011.4,329793200.0,,,eps_dcf,0.3213839094448342,-92.82625205186272
TRT,3.0999999046325684,0.7400000000000001,-0.5,923837047.92,308008272.0,,,eps_dcf,0.8200830792730253,-73.54570630639337
TRU,4.019999980926514,0.39999999999999997,0.1999999999999999,376224229.0,670963071.0,,,eps_dcf,11.886550223221208,195.68533033877387
TRUBB,0.7099999785423279,-0.24000000000000002,-0.4285714285714285,630378216.0,817775785.0,,,eps_dcf,,
TRUE,10.800000190734863,0.034999999999999996,0.5,30520224000.0,34552100801.0,,,eps_dcf,2.963048351143425,-72.56436760357306
TRV,1.7999999523162842,-0.0028000000000000004,-0.5,15972918.0,240000000.0,,,eps_dcf,,
TSC,13.899999618530273,1.34,0.058823529411764594,338918000.0,259800000.0,,,eps_dcf,22.593378428923323,62.54229531635232
TSE,0.46000000834465027,0.10700000000000001,-0.5,-785814660.0,2115216281.0,,,eps_dcf,0.11857958038136988,-74.22183081950612
TSI,0.05000000074505806,-0.002100000000000003,0.5,,1902913766.0,,,eps_dcf,,
TSR,0.17000000178813934,-1.19,0.06666666666666654,22118000.0,604358518.0,,,eps_dcf,,
TSTE,10.899999618530273,0.37,0.5,27467226.0,383327181.0,,,eps_dcf,31.32365399780192,187.3729825141546
TSTH,0.7900000214576721,0.060000000000000005,0.0,815890011.0,8421540848.0,,,eps_dcf,0.7862763969177463,-0.4713448656691356
TTA,4.320000171661377,0.16000000000000003,-0.5,-1258503000.0,1814568364.0,,,eps_dcf,0.17731526038335682,-95.89548024681756
TTB,1.809999942779541,0.21000000000000002,-0.1666666666666666,30040114000.0,94883155679.0,,,eps_dcf,1.2785262945998777,-29.36318591057531
TTCL,0.6399999856948853,-2.8499999999999996,-0.5,-1263481093.0,616000044.0,,,eps_dcf,,
TTI,24.899999618530273,-0.89,-0.5,280180290.0,50000000.0,,,eps_dcf,,
TTT,49.0,3.65,0.0,579692951.0,57840000.0,,,eps_dcf,47.83181414582957,-2.3840527636131257
TTW,9.0,0.76,0.5,2434793768.0,3990000000.0,,,eps_dcf,64.34047848197154,614.8942053552394
TU,13.300000190734863,1.1300000000000001,0.3333333333333334,7157394000.0,3855093796.0,,,eps_dcf,54.78898870901848,311.94727761873236
TU-PF,1.190000057220459,0.25526499999999996,0.5,,104229800.0,,,eps_dcf,21.610358210132183,1715.9964009252697
TURTLE,3.940000057220459,-0.19,0.0,-438463781.0,1589549286.0,,,eps_dcf,,
TVDH,0.07000000029802322,-0.012935000000000002,-0.5,3449023.0,1752368592.0,,,eps_dcf,,
TVH,8.5,1.298,0.02222222222222224,,299787556.0,,,eps_dcf,18.730069698633123,120.3537611603897
TVO,23.600000381469727,2.44,0.5,5513328659.0,889471248.0,,,eps_dcf,206.56679933685595,775.2830338894753
TVT,0.25999999046325684,-0.0185,-0.5,-29817642.12,800030077.0,,,eps_dcf,,
TWP,1.1200000047683716,-0.346089,-0.5,74629262.0,266953705.0,,,eps_dcf,,
TWPC,2.5799999237060547,0.009999999999999995,0.14285714285714277,1081676356.0,880420930.0,,,eps_dcf,0.23774493549320688,-90.78507974714599
TWZ,0.029999999329447746,-0.00091,0.0,-267284963.0,19860906213.0,,,eps_dcf,,
TYCN,1.7599999904632568,-0.28,0.4999999999999999,506579110.0,596748900.0,,,eps_dcf,,
UAC,2.9200000762939453,0.12000000000000001,-0.5,21025471.0,667606199.0,,,eps_dcf,0.13298644528751757,-95.44566980093016
UBA,0.9399999976158142,0.1,0.0,167440094.28,600000000.0,,,eps_dcf,1.3104606615295773,39.410709026956134
UBE,0.4699999988079071,0.018,-0.5,1426051803.0,3914286000.0,,,eps_dcf,0.019947966793127637,-95.75575173537808
UBIS,1.100000023841858,-0.09,-0.5,5617000.0,285000250.0,,,eps_dcf,,
UEC,0.8399999737739563,-0.065,-0.5,65772018.0,570510600.0,,,eps_dcf,,
UKEM,0.6000000238418579,0.014500000000000002,0.0,59085978.0,1083902252.0,,,eps_dcf,0.19001679592178872,-68.33053527146667
UMI,0.7699999809265137,0.067,0.5,208634376.0,836504742.0,,,eps_dcf,5.6721211293317,636.6391259525276
UMS,0.25999999046325684,0.06140000000000001,0.0,8171229.0,2388349543.0,,,eps_dcf,0.8046228461791605,209.47033680482753
UNIQ,3.140000104904175,0.9006290000000001,0.5,2574414995.0,1081016253.0,,,eps_dcf,76.2459220983415,2328.21399844088
UOBKH,5.349999904632568,0.030000000000000002,-0.5,562579714.0,502448570.0,,,eps_dcf,0.033246611321879393,-99.3785680015977
UP,20.899999618530273,2.4154,-0.5,1565455.0,25000000.0,,,eps_dcf,2.6767954995622496,-87.1923657970359
UPF,25.5,-1.3900000000000001,-0.5,11828393.0,7500000.0,,,eps_dcf,,
UPOIC,6.349999904632568,0.39,-0.4705882352941177,-73130418.0,324050000.0,,,eps_dcf,0.503575309514087,-92.06968004603104
UREKA,0.4099999964237213,0.01107,-0.5,-58086558.0,1882220881.0,,,eps_dcf,0.012267999577773496,-97.00780495493105
UTP,7.800000190734863,0.8999999999999999,-0.2500000000000001,646482346.66,650000000.0,,,eps_dcf,3.6335929689973945,-53.41547589558376
UV,0.9800000190734863,0.025,0.0,3234135970.0,1911926537.0,,,eps_dcf,0.3276151653823943,-66.56988173407089
UVAN,11.5,2.24,0.5,885059346.0,940000000.0,,,eps_dcf,189.63509447317927,1549.0008215059067
VARO,4.800000190734863,1.22,-0.5,1668320.0,99902123.0,,,eps_dcf,1.3520288604230954,-71.83273319378547
VCOM,2.640000104904175,0.36,0.5,224312583.0,307005200.0,,,eps_dcf,30.4770687546181,1054.4343766503123
VGI,1.2400000095367432,0.034999999999999996,0.0,40550943.0,21101284893.0,,,eps_dcf,0.458661231535352,-63.011191289691595
VIBHA,1.4600000381469727,0.0551,0.0,930587892.0,13484805796.0,,,eps_dcf,0.722063824502797,-50.543574956392604
VIH,7.550000190734863,0.6069,0.23076923076923075,171089478.0,608369432.0,,,eps_dcf,20.26781407898581,168.44786181406818
VL,0.8500000238418579,0.0618,0.0,141203893.64000002,1183626515.0,,,eps_dcf,0.8098646888252787,-4.721803987154515
VNG,1.9900000095367432,0.18,-0.5,459014692.21000004,1735237480.0,,,eps_dcf,0.1994796679312764,-89.9758961318943
VPO,0.44999998807907104,0.25,0.5,82853362.0,940000000.0,,,eps_dcf,21.164631079595896,4603.251475614926
VRANDA,4.5,0.193,-0.5,-424920042.0,319681672.0,,,eps_dcf,0.21388653283742415,-95.24696593694613
VS,0.3100000023841858,-0.09073500000000001,0.3333333333333333,-38324062.0,250000000.0,,,eps_dcf,,
WACOAL,18.299999237060547,-1.1500000000000001,-0.5,22360561.0,120000000.0,,,eps_dcf,,
WARRIX,2.059999942779541,0.08299999999999999,-0.5,-116639799.11,589080000.0,,,eps_dcf,0.09198229132386633,-95.53484010296837
WAVE,0.029999999329447746,0.018900000000000004,0.0,-190016832.0,11456342333.0,,,eps_dcf,0.2476770650290901,725.5902352170134
WELL,0.7099999785423279,0.022,0.5,31549118.0,,,,eps_dcf,1.8624875350044392,162.32219595671492
WFX,0.7699999809265137,-0.28,-0.09999999999999995,145925456.0,464200000.0,,,eps_dcf,,
WGE,0.7799999713897705,0.14809999999999998,0.5,411516769.95,600000000.0,,,eps_dcf,12.537927451552608,1507.4266553129569
WHA,3.5799999237060547,0.3214,-0.22222222222222213,4504073078.0,14946834679.0,,,eps_dcf,1.490709019944921,-58.360082354367115
WHABT,6.0,0.609868,0.0,,202000000.0,,,eps_dcf,7.992080227257201,33.20133712095335
WHAIR,5.949999809265137,0.697383,0.06666666666666674,,1058806116.0,,,eps_dcf,12.151417801626671,104.22551581774671
WHART,9.75,0.666695,-0.1052631578947368,,3468827441.0,,,eps_dcf,5.4320512596616375,-44.28665374706013
WHAUP,4.079999923706055,0.21000000000000002,-0.5,24202867.0,3825000000.0,,,eps_dcf,0.23272627925315578,-94.29592442144559
WICE,2.799999952316284,0.266418,-0.3333333333333333,390660893.0,640999500.0,,,eps_dcf,0.7031241960943129,-74.8884211404126
WIIK,0.9599999785423279,0.06564,0.5,-196753401.0,837683063.0,,,eps_dcf,5.556985536258699,478.8526729653133
WIN,0.3499999940395355,0.0339,0.0,32903576.0,561144020.0,,,eps_dcf,0.4442461642585266,26.92747766399823
WINDOW,0.8299999833106995,0.065306,-0.3333333333333333,181142235.0,888000000.0,,,eps_dcf,0.17235407799073338,-79.23444801730618
WINMED,1.2899999618530273,0.052,-0.5,-176033208.23999998,400000000.0,,,eps_dcf,0.057627459624590954,-95.53275493575893
WINNER,2.0999999046325684,0.18000000000000002,0.5,53474551.0,599974662.0,,,eps_dcf,15.23853437730905,625.6445271113142
WORK,4.21999979019165,0.07,0.5,-10135253.0,441560485.0,,,eps_dcf,5.926096702286852,40.428838789532726
WP,3.740000009536743,0.28,0.0,194027065.0,510504800.0,,,eps_dcf,3.6692898522828163,-1.8906459110593792
WPH,6.599999904632568,0.464231,-0.5,-66285490.0,700123983.0,,,eps_dcf,0.5144702540189132,-92.2049960385938
WSOL,0.3199999928474426,-3.5773,0.5,-280193000.0,2431768238.0,,,eps_dcf,,
XBIO,0.36000001430511475,-1.403485,0.06451612903225812,-61654852.0,678266753.0,,,eps_dcf,,
XO,15.699999809265137,1.6099999999999999,-0.3548387096774193,553773745.0,436395646.0,,,eps_dcf,3.8012750390383347,-75.7880567820449
XPG,0.47999998927116394,0.0144,-0.5,206387664.0,10700191101.0,,,eps_dcf,0.01595837343450211,-96.67533879350009
XYZ,0.7599999904632568,-0.041999999999999996,-0.5,423591741.0,1746739583.0,,,eps_dcf,,
YGG,0.4000000059604645,-0.71,-0.5,,601997188.0,,,eps_dcf,,
YONG,0.7599999904632568,0.04,-0.5,123361052.0,680000000.0,,,eps_dcf,0.0443288150958392,-94.16726109840889
YUASA,11.399999618530273,2.05,0.5,244312599.0,107625000.0,,,eps_dcf,173.54997485268635,1422.3682514040381
ZAA,2.059999942779541,-0.0829,0.0,-71686828.0,650059588.0,,,eps_dcf,,
ZEN,6.0,0.16,-0.20000000000000004,414880000.0,298184500.0,,,eps_dcf,0.8281679716363137,-86.19720047272811
ZIGA,1.090000033378601,0.033,0.0,40463395.0,737328449.0,,,eps_dcf,0.43245201830476043,-60.325504122755156
