sector,model,w,n,MAD
Basic Materials,fcf_dcf,0.5516782414298288,88,1.7386179257515515
Basic Materials,eps_dcf,0.44832175857017104,88,2.139440394236905
Communication Services,fcf_dcf,0.6942948614648997,38,1.7773160991133503
Communication Services,eps_dcf,0.30570513853510023,38,4.036508647237367
Consumer Cyclical,fcf_dcf,0.6152573509212698,140,2.3806985745537546
Consumer Cyclical,eps_dcf,0.3847426490787303,140,3.8070702638759677
Consumer Defensive,fcf_dcf,0.7576083848562571,99,2.6309635559259874
Consumer Defensive,eps_dcf,0.2423916151437428,99,8.223221952434082
Energy,eps_dcf,0.6915733662082193,22,2.3805350338172433
Energy,fcf_dcf,0.3084266337917808,22,5.3377835981835595
Financial Services,fcf_dcf,0.5826330562387593,78,1.8644849934130279
Financial Services,eps_dcf,0.4173669437612407,78,2.6027710302094196
Healthcare,fcf_dcf,0.676178377121957,49,1.8310417212969474
Healthcare,eps_dcf,0.32382162287804295,49,3.823434670290119
Industrials,fcf_dcf,0.5900035395859662,170,1.459720219730062
Industrials,eps_dcf,0.40999646041403376,170,2.100603736325497
Real Estate,fcf_dcf,0.5828107729058787,105,1.7859698854707176
Real Estate,eps_dcf,0.4171892270941213,105,2.494988896893549
Technology,fcf_dcf,0.56999890584887,60,2.710392107408305
Technology,eps_dcf,0.4300010941511301,60,3.592829313223004
Unknown,eps_dcf,0.5404442982416562,11,2.8304484766037032
Unknown,fcf_dcf,0.4595557017583438,11,3.3286492472517084
Utilities,fcf_dcf,0.5958511488554336,37,2.9797603014476683
Utilities,eps_dcf,0.40414885114456645,37,4.393167502752604
