sector,model,MAD,n,_fallback_by_n
Basic Materials,fcf_dcf,1.7386179257515515,88,False
Communication Services,fcf_dcf,1.8273160514296345,38,False
Consumer Cyclical,fcf_dcf,2.3806985745537546,140,False
Consumer Defensive,fcf_dcf,2.6309635559259874,99,False
Energy,eps_dcf,2.122155779192087,22,False
Financial Services,fcf_dcf,1.8494850226193038,78,False
Healthcare,fcf_dcf,1.7638500415118727,49,False
Industrials,fcf_dcf,1.4497202292668052,170,False
Real Estate,fcf_dcf,1.7859698854707176,105,False
Technology,fcf_dcf,2.697510732829511,60,False
Unknown,eps_dcf,2.8204484861404464,11,False
Utilities,fcf_dcf,2.9328583580567296,37,False
