symbol,sector,last_price
2S,Basic Materials,3.6600000858306885
88TH,Consumer Defensive,3.559999942779541
A,Real Estate,1.9600000381469727
A5,Real Estate,1.7799999713897705
AAI,Consumer Defensive,4.239999771118164
AAV,Industrials,0.8399999737739563
ABM,Utilities,0.7900000214576721
ACC,Industrials,0.30000001192092896
ACE,Utilities,1.3200000524520874
ACG,Consumer Cyclical,0.8999999761581421
ADB,Basic Materials,1.100000023841858
ADD,Communication Services,3.7799999713897705
ADVANC,Communication Services,347.0
ADVICE,Technology,6.699999809265137
AE,Consumer Cyclical,0.23000000417232513
AEONTS,Financial Services,95.5
AF,Financial Services,0.41999998688697815
AFC,Consumer Cyclical,4.5
AGE,Energy,1.350000023841858
AH,Consumer Cyclical,15.399999618530273
AHC,Healthcare,12.0
AI,Industrials,3.359999895095825
AIE,Consumer Defensive,1.590000033378601
AIMCG,Real Estate,1.4500000476837158
AIMIRT,Real Estate,12.399999618530273
AIRA,Financial Services,1.0
AIT,Technology,4.78000020980835
AJ,Consumer Cyclical,3.4800000190734863
AJA,Technology,0.15000000596046448
AKP,Industrials,0.75
AKR,Industrials,1.100000023841858
AKS,Real Estate,0.01
ALLA,Industrials,1.1100000143051147
ALLY,Real Estate,4.920000076293945
ALPHAX,Utilities,0.2199999988079071
ALT,Technology,1.6799999475479126
ALUCON,Basic Materials,254.0
AMA,Industrials,3.819999933242798
AMANAH,Financial Services,0.7400000095367432
AMARC,Technology,2.9600000381469727
AMARIN,Communication Services,2.0199999809265137
AMATA,Real Estate,33.75
AMATAR,Real Estate,7.400000095367432
AMATAV,Real Estate,2.299999952316284
AMC,Basic Materials,2.4600000381469727
AMR,Industrials,0.4000000059604645
ANAN,Real Estate,0.3100000023841858
ANI,Industrials,3.4200000762939453
AOT,Industrials,62.5
AP,Real Estate,7.900000095367432
APCO,Consumer Defensive,2.5199999809265137
APCS,Industrials,1.399999976158142
APO,Consumer Defensive,1.7899999618530273
APP,Technology,3.5999999046325684
APURE,Consumer Defensive,2.259999990463257
AQUA,Consumer Cyclical,0.10000000149011612
ARIN,Real Estate,0.46000000834465027
ARIP,Industrials,0.4399999976158142
ARROW,Industrials,5.949999809265137
AS,Communication Services,2.259999990463257
ASAP,Industrials,2.140000104904175
ASEFA,Industrials,6.5
ASIA,Consumer Cyclical,5.5
ASIAN,Consumer Defensive,7.199999809265137
ASIMAR,Industrials,1.4900000095367432
ASK,Financial Services,10.0
ASN,Financial Services,1.08
ASP,Financial Services,2.359999895095825
ASTR,Financial Services,3.700000047683716
ASW,Real Estate,7.75
ATLAS,Energy,1.7999999523162842
ATP30,Industrials,0.7799999713897705
AU,Consumer Cyclical,4.199999809265137
AUCT,Consumer Cyclical,4.159999847412109
AURA,Consumer Cyclical,13.399999618530273
AWC,Consumer Cyclical,3.299999952316284
AXTRART,Real Estate,12.600000381469727
AYUD,Financial Services,43.25
B,Industrials,0.029999999329447746
B-WORK,Unknown,4.08
B52,Real Estate,0.23000000417232513
BA,Industrials,19.799999237060547
BAFS,Industrials,10.100000381469727
BAM,Financial Services,6.699999809265137
BANPU,Utilities,14.600000381469727
BAREIT,Real Estate,11.600000381469727
BAY,Financial Services,38.75
BBGI,Basic Materials,6.699999809265137
BBIK,Industrials,19.5
BBL,Financial Services,192.0
BC,Real Estate,0.5699999928474426
BCH,Healthcare,11.399999618530273
BCP,Energy,53.75
BCPG,Utilities,6.650000095367432
BCT,Basic Materials,57.75
BDMS,Healthcare,19.799999237060547
BE8,Technology,5.25
BEAUTY,Consumer Cyclical,0.3199999928474426
BEC,Communication Services,1.909999966621399
BEM,Industrials,6.449999809265137
BEYOND,Consumer Cyclical,7.050000190734863
BGC,Consumer Cyclical,6.5
BGRIM,Utilities,19.200000762939453
BGT,Consumer Cyclical,0.36000001430511475
BH,Healthcare,196.5
BIG,Consumer Cyclical,0.3199999928474426
BIOTEC,Basic Materials,0.30000001192092896
BIS,Consumer Defensive,2.5
BIZ,Healthcare,6.099999904632568
BJC,Industrials,18.100000381469727
BJCHI,Industrials,3.299999952316284
BKA,Unknown,0.6399999856948853
BKD,Unknown,1.1299999952316284
BKGI,Healthcare,2.359999895095825
BKIH,Financial Services,386.0
BLA,Financial Services,23.600000381469727
BLAND,Real Estate,0.5600000023841858
BLC,Consumer Defensive,4.019999980926514
BLESS,Real Estate,0.25
BM,Industrials,1.4199999570846558
BOFFICE,Real Estate,5.25
BOL,Industrials,5.050000190734863
BPS,Technology,0.6899999976158142
BR,Consumer Defensive,1.9199999570846558
BRI,Real Estate,1.2100000381469727
BROCK,Real Estate,1.25
BRR,Consumer Defensive,3.799999952316284
BSBM,Basic Materials,0.6299999952316284
BSM,Industrials,0.699999988079071
BTC,Financial Services,0.2800000011920929
BTG,Consumer Defensive,20.299999237060547
BTNC,Consumer Cyclical,13.300000190734863
BTS,Industrials,1.9900000095367432
BTW,Industrials,0.11999999731779099
BUI,Financial Services,12.399999618530273
BVG,Technology,1.600000023841858
BWG,Industrials,0.25999999046325684
BYD,Financial Services,0.3799999952316284
CAZ,Industrials,2.319999933242798
CBG,Consumer Defensive,55.75
CCET,Technology,9.050000190734863
CCP,Basic Materials,0.28999999165534973
CEN,Basic Materials,0.6100000143051147
CENTEL,Consumer Cyclical,44.5
CEYE,Consumer Cyclical,1.159999966621399
CFARM,Consumer Defensive,0.9100000262260437
CFRESH,Consumer Defensive,1.6399999856948853
CGD,Real Estate,0.10000000149011612
CGH,Financial Services,0.6899999976158142
CH,Consumer Defensive,1.6200000047683716
CHAO,Consumer Defensive,4.0
CHARAN,Financial Services,21.0
CHASE,Financial Services,0.46000000834465027
CHAYO,Financial Services,1.350000023841858
CHEWA,Real Estate,0.14000000059604645
CHG,Healthcare,1.559999942779541
CHIC,Consumer Cyclical,0.30000001192092896
CHO,Industrials,0.02
CHOTI,Consumer Defensive,70.0
CHOW,Basic Materials,1.340000033378601
CI,Real Estate,0.3499999940395355
CIG,Industrials,0.019999999552965164
CITY,Industrials,1.4600000381469727
CIVIL,Industrials,0.9700000286102295
CK,Industrials,17.899999618530273
CKP,Utilities,2.4200000762939453
CM,Consumer Defensive,1.5
CMAN,Basic Materials,2.6600000858306885
CMC,Real Estate,0.4099999964237213
CMO,Communication Services,0.6299999952316284
CMR,Healthcare,1.25
CNT,Industrials,3.2799999713897705
COCOCO,Consumer Defensive,5.599999904632568
COLOUR,Basic Materials,1.0099999904632568
COM7,Consumer Cyclical,30.75
COMAN,Consumer Cyclical,0.47999998927116394
CPALL,Consumer Defensive,43.75
CPANEL,Basic Materials,1.4800000190734863
CPAXT,Consumer Defensive,14.5
CPF,Consumer Defensive,22.0
CPH,Consumer Cyclical,11.0
CPI,Consumer Defensive,3.5199999809265137
CPL,Consumer Cyclical,0.699999988079071
CPN,Real Estate,63.75
CPNREIT,Real Estate,13.0
CPR,Consumer Cyclical,2.559999942779541
CPT,Industrials,1.159999966621399
CPW,Technology,2.299999952316284
CRANE,Industrials,0.3199999928474426
CRC,Consumer Cyclical,30.0
CRD,Industrials,0.4399999976158142
CREDIT,Financial Services,22.700000762939453
CSC,Consumer Cyclical,47.5
CSP,Basic Materials,0.7900000214576721
CSR,Consumer Cyclical,79.75
CSS,Technology,0.949999988079071
CTW,Industrials,6.599999904632568
CWT,Industrials,0.9100000262260437
D,Healthcare,2.9600000381469727
DCC,Industrials,1.3600000143051147
DCON,Basic Materials,0.1599999964237213
DDD,Consumer Defensive,4.78000020980835
DELTA,Industrials,259.0
DEMCO,Industrials,3.5
DEXON,Energy,1.159999966621399
DHOUSE,Real Estate,0.28999999165534973
DIMET,Basic Materials,0.05000000074505806
DITTO,Technology,12.800000190734863
DMT,Industrials,12.100000381469727
DOD,Consumer Defensive,0.7699999809265137
DOHOME,Consumer Cyclical,3.5
DPAINT,Basic Materials,0.1899999976158142
DREIT,Real Estate,4.920000076293945
DRT,Industrials,5.349999904632568
DTCENT,Technology,0.9399999976158142
DTCI,Industrials,15.5
DUSIT,Consumer Cyclical,10.899999618530273
EA,Utilities,2.759999990463257
EASON,Basic Materials,1.2599999904632568
EAST,Financial Services,0.7599999904632568
EASTW,Utilities,4.980000019073486
ECF,Consumer Cyclical,0.1
EFORL,Healthcare,0.10999999940395355
EGCO,Utilities,128.5
EKH,Healthcare,5.199999809265137
EMC,Industrials,0.019999999552965164
EMPIRE,Industrials,0.25
EP,Industrials,1.059999942779541
EPG,Basic Materials,6.349999904632568
ERW,Consumer Cyclical,3.740000009536743
ESTAR,Real Estate,0.25
ETC,Utilities,0.7300000190734863
ETE,Industrials,0.7099999785423279
ETL,Industrials,0.41999998688697815
EURO,Consumer Cyclical,7.0
EVER,Real Estate,0.07000000029802322
FANCY,Consumer Cyclical,0.1899999976158142
FE,Communication Services,180.0
FLOYD,Industrials,1.1200000047683716
FM,Consumer Defensive,4.179999828338623
FMT,Industrials,20.399999618530273
FN,Consumer Cyclical,0.4399999976158142
FNS,Financial Services,0.5
FORTH,Industrials,15.100000381469727
FPI,Consumer Cyclical,1.649999976158142
FPT,Real Estate,7.150000095367432
FSMART,Communication Services,6.699999809265137
FSX,Financial Services,0.9700000286102295
FTE,Industrials,2.7200000286102295
FTI,Industrials,1.9500000476837158
FTREIT,Real Estate,13.199999809265137
FUTURERT,Real Estate,9.350000381469727
FVC,Industrials,0.3199999928474426
GABLE,Technology,3.9200000762939453
GAHREIT,Real Estate,3.6600000858306885
GBX,Financial Services,0.6800000071525574
GC,Basic Materials,5.300000190734863
GCAP,Financial Services,0.23000000417232513
GEL,Basic Materials,0.03999999910593033
GENCO,Industrials,0.33000001311302185
GFC,Healthcare,2.2200000286102295
GFPT,Consumer Defensive,10.899999618530273
GGC,Basic Materials,6.900000095367432
GJS,Basic Materials,0.10999999940395355
GLOBAL,Consumer Cyclical,6.449999809265137
GLORY,Industrials,1.0700000524520874
GPI,Communication Services,1.7899999618530273
GPSC,Utilities,49.0
GRAMMY,Communication Services,4.239999771118164
GRAND,Consumer Cyclical,0.02
GREEN,Utilities,0.7900000214576721
GROREIT,Real Estate,9.75
GTB,Industrials,0.7599999904632568
GTV,Utilities,0.029999999329447746
GULF,Utilities,60.75
GUNKUL,Utilities,5.449999809265137
GVREIT,Real Estate,7.550000190734863
GYT,Consumer Cyclical,187.0
HANA,Technology,51.25
HANN,Healthcare,0.7900000214576721
HARN,Industrials,2.0
HENG,Financial Services,0.8799999952316284
HFT,Consumer Cyclical,4.179999828338623
HL,Healthcare,4.480000019073486
HMPRO,Consumer Cyclical,6.349999904632568
HPT,Consumer Cyclical,0.14
HTC,Consumer Defensive,15.399999618530273
HTECH,Industrials,4.920000076293945
HUMAN,Technology,4.5
HYDRO,Industrials,0.03999999910593033
HYDROGEN,Real Estate,8.5
I2,Technology,0.7099999785423279
ICC,Consumer Cyclical,23.899999618530273
ICHI,Consumer Defensive,13.800000190734863
ICN,Communication Services,2.180000066757202
IDG,Technology,1.3899999856948853
IFS,Financial Services,1.8200000524520874
IHL,Consumer Cyclical,1.3899999856948853
IIG,Technology,1.4199999570846558
III,Industrials,5.0
ILINK,Technology,4.880000114440918
ILM,Consumer Cyclical,13.899999618530273
IMH,Healthcare,3.2200000286102295
IMPACT,Real Estate,13.399999618530273
IND,Industrials,0.8999999761581421
INET,Technology,3.9200000762939453
INETREIT,Real Estate,13.300000190734863
INGRS,Consumer Cyclical,0.09
INOX,Basic Materials,3.880000114440918
INSET,Technology,4.820000171661377
INSURE,Financial Services,46.0
IP,Healthcare,5.0
IRC,Consumer Cyclical,13.399999618530273
IRCP,Technology,0.30000001192092896
IROYAL,Industrials,3.940000057220459
IRPC,Energy,2.9800000190734863
ISSARA,Unknown,5.150000095367432
IT,Technology,7.150000095367432
ITC,Consumer Defensive,16.600000381469727
ITD,Industrials,0.3400000035762787
ITEL,Communication Services,1.6100000143051147
ITNS,Technology,2.7799999713897705
ITTHI,Consumer Cyclical,1.1799999475479126
IVF,Healthcare,0.75
IVL,Basic Materials,28.0
J,Real Estate,0.8199999928474426
JAK,Real Estate,1.1799999475479126
JAS,Communication Services,0.8100000023841858
JCK,Real Estate,0.1599999964237213
JCT,Consumer Defensive,84.75
JDF,Consumer Defensive,2.0999999046325684
JMART,Consumer Cyclical,10.0
JMT,Financial Services,10.399999618530273
JPARK,Industrials,3.0199999809265137
JR,Industrials,1.8799999952316284
JSP,Consumer Defensive,1.7799999713897705
JTS,Communication Services,24.299999237060547
JUBILE,Consumer Cyclical,7.849999904632568
K,Industrials,0.949999988079071
KAMART,Consumer Defensive,6.800000190734863
KASET,Consumer Defensive,0.6399999856948853
KBANK,Financial Services,252.0
KBS,Consumer Defensive,6.449999809265137
KC,Real Estate,0.019999999552965164
KCAR,Industrials,4.800000190734863
KCC,Financial Services,2.5999999046325684
KCE,Technology,67.75
KCG,Consumer Defensive,10.0
KCM,Industrials,0.2800000011920929
KDH,Healthcare,84.25
KGEN,Industrials,1.4600000381469727
KGI,Financial Services,4.78000020980835
KIAT,Industrials,0.33000001311302185
KISS,Consumer Defensive,3.240000009536743
KJL,Industrials,6.449999809265137
KK,Consumer Defensive,0.9599999785423279
KKC,Industrials,0.04
KKP,Financial Services,114.0
KLINIQ,Consumer Cyclical,27.5
KOOL,Consumer Cyclical,0.2800000011920929
KPNREIT,Real Estate,2.0999999046325684
KSL,Consumer Defensive,1.7100000381469727
KTB,Financial Services,43.75
KTBSTMR,Real Estate,6.550000190734863
KTC,Financial Services,36.5
KTIS,Consumer Defensive,1.9299999475479126
KTMS,Healthcare,1.340000033378601
KUMWEL,Industrials,2.1600000858306885
KUN,Real Estate,0.5600000023841858
KWC,Real Estate,280.0
KWM,Industrials,0.8299999833106995
KYE,Consumer Cyclical,282.0
LALIN,Real Estate,4.21999979019165
LANNA,Energy,14.800000190734863
LDC,Healthcare,0.2199999988079071
LEE,Consumer Defensive,2.4800000190734863
LEO,Industrials,1.8899999856948853
LH,Real Estate,3.619999885559082
LHFG,Financial Services,1.2300000190734863
LHHOTEL,Real Estate,13.899999618530273
LHK,Basic Materials,3.5199999809265137
LHRREIT,Real Estate,4.28000020980835
LHSC,Real Estate,15.5
LIT,Financial Services,0.7099999785423279
LOXLEY,Industrials,1.850000023841858
LPH,Healthcare,3.619999885559082
LPN,Real Estate,1.590000033378601
LST,Consumer Defensive,4.639999866485596
LTMH,Communication Services,9.75
LTS,Consumer Cyclical,2.5199999809265137
M,Consumer Cyclical,20.799999237060547
M-CHAI,Healthcare,18.600000381469727
MADAME,Consumer Defensive,1.0199999809265137
MAGURO,Consumer Cyclical,17.899999618530273
MAJOR,Communication Services,7.099999904632568
MALEE,Consumer Defensive,3.940000057220459
MANRIN,Consumer Cyclical,20.3
MASTEC,Industrials,1.850000023841858
MASTER,Healthcare,8.399999618530273
MATCH,Communication Services,0.8199999928474426
MATI,Communication Services,3.24
MBAX,Consumer Cyclical,2.059999942779541
MBK,Industrials,20.399999618530273
MC,Consumer Cyclical,11.399999618530273
MCA,Communication Services,1.2999999523162842
MCOT,Communication Services,5.199999809265137
MCS,Basic Materials,7.800000190734863
MDX,Real Estate,3.640000104904175
MEB,Technology,10.600000381469727
MEDEZE,Healthcare,6.150000095367432
MEGA,Healthcare,34.5
MENA,Industrials,0.8299999833106995
META,Utilities,0.07000000029802322
METCO,Technology,300.0
MFC,Financial Services,25.75
MFEC,Technology,6.25
MGC,Consumer Cyclical,6.800000190734863
MGI,Unknown,4.880000114440918
MGT,Basic Materials,2.299999952316284
MICRO,Financial Services,1.2899999618530273
MIDA,Financial Services,0.47999998927116394
MII,Real Estate,5.849999904632568
MILL,Basic Materials,0.01
MINT,Consumer Cyclical,21.600000381469727
MIPF,Real Estate,9.4
MITSIB,Consumer Cyclical,0.6200000047683716
MJD,Real Estate,0.33000001311302185
MK,Real Estate,0.5199999809265137
ML,Financial Services,0.44999998807907104
MMM,Unknown,2.680000066757202
MNIT,Real Estate,1.9500000476837158
MODERN,Consumer Cyclical,1.9900000095367432
MONO,Communication Services,0.5099999904632568
MOONG,Consumer Defensive,2.319999933242798
MORE,Utilities,0.11999999731779099
MOSHI,Consumer Cyclical,34.25
MOTHER,Consumer Cyclical,1.0499999523162842
MPJ,Industrials,4.239999771118164
MRDIYT,Consumer Cyclical,8.899999618530273
MSC,Technology,5.800000190734863
MST,Financial Services,7.5
MTC,Financial Services,28.75
MTI,Financial Services,21.5
MTW,Consumer Cyclical,0.949999988079071
MUD,Consumer Cyclical,0.7300000190734863
MVP,Communication Services,0.06
NAM,Healthcare,3.2200000286102295
NAT,Technology,2.0399999618530273
NATION,Communication Services,0.029999999329447746
NC,Consumer Cyclical,1.7200000286102295
NCAP,Financial Services,3.2200000286102295
NCH,Real Estate,0.4300000071525574
NCL,Industrials,0.03999999910593033
NCP,Industrials,0.9800000190734863
NDR,Consumer Cyclical,1.840000033378601
NEO,Consumer Defensive,22.899999618530273
NEP,Consumer Cyclical,0.20999999344348907
NER,Basic Materials,4.619999885559082
NETBAY,Technology,11.899999618530273
NEW,Healthcare,92.75
NEX,Industrials,0.9300000071525574
NFC,Basic Materials,1.23
NKI,Financial Services,17.299999237060547
NKT,Healthcare,3.700000047683716
NL,Industrials,0.6899999976158142
NNCL,Utilities,1.7699999809265137
NOBLE,Real Estate,1.4500000476837158
NOVA,Energy,5.800000190734863
NPK,Consumer Cyclical,12.9
NRF,Consumer Defensive,0.20999999344348907
NSL,Consumer Defensive,20.799999237060547
NTF,Consumer Defensive,12.800000190734863
NTSC,Basic Materials,7.449999809265137
NTV,Healthcare,19.0
NUT,Consumer Defensive,4.860000133514404
NV,Consumer Defensive,0.7699999809265137
NVD,Real Estate,0.7300000190734863
NWR,Industrials,0.04
NYT,Industrials,3.9200000762939453
OCC,Consumer Defensive,9.649999618530273
OGC,Consumer Cyclical,8.550000190734863
OHTL,Consumer Cyclical,265.0
OKJ,Consumer Defensive,3.359999895095825
ONEE,Communication Services,2.8399999141693115
ONSENS,Consumer Cyclical,0.9800000190734863
OR,Energy,12.5
ORI,Real Estate,1.7799999713897705
ORN,Real Estate,0.7200000286102295
OSP,Consumer Defensive,16.399999618530273
PACO,Consumer Cyclical,1.4700000286102295
PAF,Consumer Cyclical,0.8700000047683716
PANEL,Industrials,1.159999966621399
PAP,Basic Materials,3.200000047683716
PATO,Basic Materials,6.199999809265137
PB,Consumer Defensive,46.5
PCC,Industrials,3.380000114440918
PCE,Consumer Defensive,2.1600000858306885
PCSGH,Consumer Cyclical,2.9000000953674316
PDG,Consumer Cyclical,3.2200000286102295
PDJ,Consumer Cyclical,1.5
PEACE,Real Estate,1.5499999523162842
PEER,Industrials,0.15000000596046448
PERM,Basic Materials,0.27000001072883606
PF,Real Estate,0.04
PG,Consumer Cyclical,6.599999904632568
PHAT,Consumer Defensive,1.5700000524520874
PHG,Healthcare,10.100000381469727
PHOL,Industrials,3.259999990463257
PICO,Communication Services,4.2
PIMO,Industrials,1.2699999809265137
PIN,Real Estate,4.21999979019165
PIS,Technology,6.050000190734863
PJW,Consumer Cyclical,2.0199999809265137
PK,Industrials,0.47999998927116394
PL,Industrials,1.3300000429153442
PLANB,Communication Services,6.349999904632568
PLANET,Technology,0.49000000953674316
PLAT,Real Estate,1.3300000429153442
PLE,Industrials,0.05999999865889549
PLT,Energy,0.5199999809265137
PLUS,Consumer Defensive,1.1399999856948853
PM,Consumer Defensive,11.0
PMC,Consumer Cyclical,1.0
PMTA,Basic Materials,8.449999809265137
POLY,Industrials,7.099999904632568
PORT,Industrials,0.8399999737739563
POWER,Energy,0.41999998688697815
PPM,Industrials,2.0799999237060547
PPP,Industrials,0.7200000286102295
PPPM,Consumer Defensive,0.3100000023841858
PPS,Industrials,0.17000000178813934
PQS,Consumer Defensive,1.350000023841858
PR9,Healthcare,19.299999237060547
PRAKIT,Communication Services,11.0
PRAPAT,Basic Materials,0.8500000238418579
PREB,Industrials,3.4000000953674316
PRECHA,Real Estate,0.27000001072883606
PRG,Consumer Defensive,10.899999618530273
PRI,Real Estate,3.4800000190734863
PRIME,Utilities,0.05999999865889549
PRIN,Real Estate,1.399999976158142
PRINC,Healthcare,1.690000057220459
PRM,Energy,9.149999618530273
PROEN,Communication Services,0.7799999713897705
PROS,Industrials,0.1599999964237213
PROSPECT,Real Estate,9.449999809265137
PROUD,Real Estate,1.149999976158142
PRTR,Industrials,3.259999990463257
PSGC,Industrials,5.199999809265137
PSH,Real Estate,3.8399999141693115
PSL,Industrials,10.300000190734863
PSP,Basic Materials,6.699999809265137
PT,Technology,11.5
PTC,Energy,0.5899999737739563
PTG,Consumer Cyclical,8.350000381469727
PTL,Basic Materials,14.5
PTT,Energy,42.5
PTTEP,Energy,149.0
PTTGC,Basic Materials,48.75
PYLON,Industrials,4.039999961853027
Q-CON,Industrials,5.949999809265137
QDC,Consumer Cyclical,0.07999999821186066
QH,Real Estate,1.3700000047683716
QHBREIT,Real Estate,3.680000066757202
QHHRREIT,Real Estate,8.300000190734863
QHOP,Real Estate,3.36
QLT,Industrials,1.7799999713897705
QTC,Industrials,5.150000095367432
QTCG,Industrials,0.15000000596046448
RABBIT,Industrials,0.33000001311302185
RAM,Healthcare,17.399999618530273
RATCH,Utilities,38.0
RBF,Consumer Defensive,4.900000095367432
RCL,Industrials,47.75
READY,Technology,3.0199999809265137
RICHY,Real Estate,0.15000000596046448
RJH,Healthcare,15.0
RML,Real Estate,0.10000000149011612
ROCK,Consumer Cyclical,11.0
ROCTEC,Technology,0.6200000047683716
ROH,Consumer Cyclical,1.21
ROJNA,Utilities,5.699999809265137
RP,Industrials,0.75
RPC,Consumer Cyclical,0.4000000059604645
RPH,Healthcare,4.880000114440918
RS,Communication Services,0.17000000178813934
RSP,Consumer Cyclical,1.0499999523162842
RT,Industrials,0.30000001192092896
RWI,Basic Materials,0.49000000953674316
S,Consumer Cyclical,0.5299999713897705
S11,Financial Services,4.539999961853027
SA,Real Estate,6.949999809265137
SAAM,Utilities,4.66
SABINA,Consumer Cyclical,15.399999618530273
SAF,Basic Materials,0.4000000059604645
SAFE,Healthcare,5.300000190734863
SAK,Financial Services,3.1600000858306885
SALEE,Basic Materials,0.5899999737739563
SAM,Basic Materials,0.1
SAMART,Technology,5.550000190734863
SAMCO,Real Estate,0.8199999928474426
SAMTEL,Communication Services,3.2799999713897705
SANKO,Consumer Cyclical,1.2000000476837158
SAPPE,Consumer Defensive,31.5
SAT,Consumer Cyclical,16.299999237060547
SAUCE,Consumer Defensive,41.0
SAV,Industrials,10.899999618530273
SAWAD,Financial Services,22.299999237060547
SAWANG,Consumer Cyclical,5.85
SC,Real Estate,2.0
SCAP,Financial Services,1.6299999952316284
SCB,Financial Services,155.5
SCC,Industrials,265.0
SCCC,Basic Materials,154.0
SCG,Utilities,2.680000066757202
SCGD,Basic Materials,5.5
SCGP,Consumer Cyclical,30.25
SCI,Industrials,0.8999999761581421
SCL,Consumer Cyclical,1.850000023841858
SCM,Consumer Defensive,0.17000000178813934
SCN,Utilities,0.4699999988079071
SCP,Basic Materials,9.399999618530273
SDC,Technology,0.029999999329447746
SE,Industrials,0.49000000953674316
SE-ED,Consumer Cyclical,1.3300000429153442
SEAFCO,Industrials,2.880000114440918
SEAOIL,Energy,3.4800000190734863
SECURE,Technology,12.800000190734863
SEI,Healthcare,1.8700000047683716
SELIC,Basic Materials,3.2200000286102295
SENA,Real Estate,1.6799999475479126
SENX,Real Estate,0.23000000417232513
SFLEX,Consumer Cyclical,3.180000066757202
SFT,Industrials,1.5
SGC,Financial Services,1.6399999856948853
SGF,Financial Services,0.14000000059604645
SGP,Energy,9.199999809265137
SHANG,Consumer Cyclical,43.25
SHR,Consumer Cyclical,1.5499999523162842
SIAM,Consumer Cyclical,0.8999999761581421
SICT,Technology,3.0
SIMAT,Technology,1.1799999475479126
SINGER,Financial Services,11.600000381469727
SINO,Industrials,0.949999988079071
SIRI,Real Estate,1.4600000381469727
SIRIPRT,Real Estate,5.099999904632568
SIS,Technology,24.200000762939453
SISB,Consumer Defensive,8.850000381469727
SITHAI,Consumer Cyclical,1.100000023841858
SJWD,Industrials,9.949999809265137
SK,Basic Materials,0.5299999713897705
SKE,Utilities,0.20999999344348907
SKIN,Consumer Defensive,0.8700000047683716
SKN,Basic Materials,4.960000038146973
SKR,Healthcare,7.5
SKY,Technology,18.100000381469727
SLP,Industrials,0.5
SMART,Unknown,0.6200000047683716
SMD100,Healthcare,1.7599999904632568
SMIT,Basic Materials,3.619999885559082
SMO,Consumer Defensive,3.4200000762939453
SMPC,Consumer Cyclical,9.399999618530273
SMT,Technology,6.25
SNC,Technology,7.0
SNNP,Consumer Defensive,6.699999809265137
SNP,Consumer Cyclical,8.550000190734863
SNPS,Consumer Defensive,4.320000171661377
SO,Industrials,4.760000228881836
SOLAR,Technology,0.25999999046325684
SONIC,Industrials,1.5199999809265137
SORKON,Consumer Defensive,3.240000009536743
SPA,Consumer Cyclical,3.0
SPACK,Consumer Cyclical,1.6200000047683716
SPALI,Real Estate,16.200000762939453
SPC,Consumer Defensive,56.5
SPCG,Utilities,11.800000190734863
SPG,Basic Materials,12.1
SPI,Real Estate,35.25
SPRC,Energy,14.5
SPREME,Technology,1.4800000190734863
SPRIME,Real Estate,4.21999979019165
SPTX,Technology,0.009999999776482582
SPVI,Technology,3.5399999618530273
SQ,Industrials,0.17000000178813934
SR,Industrials,0.36000001430511475
SRICHA,Industrials,17.5
SRIPANWA,Real Estate,5.0
SRS,Technology,2.680000066757202
SSF,Consumer Defensive,5.0
SSP,Utilities,7.550000190734863
SSSC,Basic Materials,2.319999933242798
SST,Consumer Defensive,1.0099999904632568
SSTRT,Real Estate,4.639999866485596
STA,Basic Materials,21.200000762939453
STANLY,Consumer Cyclical,223.0
STARM,Financial Services,0.9300000071525574
STC,Basic Materials,0.7099999785423279
STECH,Basic Materials,1.590000033378601
STECON,Industrials,19.399999618530273
STELLA,Real Estate,0.23000000417232513
STGT,Basic Materials,10.800000190734863
STI,Industrials,1.7200000286102295
STOWER,Basic Materials,0.05000000074505806
STP,Basic Materials,11.399999618530273
STPI,Industrials,5.5
STX,Basic Materials,0.800000011920929
SUC,Industrials,27.5
SUN,Consumer Defensive,2.200000047683716
SUPER,Utilities,0.12999999523162842
SUSCO,Energy,2.4200000762939453
SUTHA,Basic Materials,3.0999999046325684
SVOA,Technology,1.940000057220459
SVR,Real Estate,0.30000001192092896
SVT,Industrials,1.6399999856948853
SWC,Basic Materials,4.980000019073486
SYMC,Communication Services,6.199999809265137
SYNEX,Technology,9.350000381469727
SYNTEC,Industrials,1.8799999952316284
TACC,Consumer Defensive,6.400000095367432
TAE,Basic Materials,1.590000033378601
TAKUNI,Energy,0.46000000834465027
TAN,Consumer Cyclical,4.059999942779541
TAPAC,Unknown,0.54
TASCO,Basic Materials,17.0
TATG,Consumer Cyclical,1.0099999904632568
TBN,Technology,3.559999942779541
TBSP,Industrials,1.090000033378601
TC,Consumer Defensive,8.25
TCAP,Financial Services,82.75
TCC,Energy,0.27000001072883606
TCJ,Industrials,2.819999933242798
TCMC,Consumer Cyclical,0.2800000011920929
TCOAT,Consumer Cyclical,25.5
TEAM,Technology,5.800000190734863
TEAMG,Industrials,3.0199999809265137
TEGH,Basic Materials,3.2200000286102295
TEKA,Industrials,1.8799999952316284
TERA,Technology,1.2799999713897705
TFG,Consumer Defensive,9.75
TFI,Consumer Cyclical,0.05000000074505806
TFM,Consumer Defensive,6.150000095367432
TFMAMA,Consumer Defensive,185.5
TGE,Utilities,1.090000033378601
TGH,Financial Services,10.300000190734863
TGPRO,Basic Materials,0.029999999329447746
TH,Financial Services,0.44999998807907104
THAI,Industrials,6.150000095367432
THANA,Real Estate,1.590000033378601
THANI,Financial Services,2.119999885559082
THE,Basic Materials,1.0399999618530273
THG,Healthcare,7.0
THIP,Consumer Cyclical,22.200000762939453
THMUI,Industrials,0.3199999928474426
THRE,Financial Services,0.5799999833106995
THREL,Financial Services,1.2300000190734863
TIDLOR,Financial Services,17.100000381469727
TIF1,Financial Services,8.0
TIGER,Industrials,0.4300000071525574
TIPCO,Consumer Defensive,6.800000190734863
TIPH,Financial Services,24.200000762939453
TISCO,Financial Services,127.5
TITLE,Real Estate,8.800000190734863
TK,Financial Services,4.320000171661377
TKC,Industrials,8.600000381469727
TKN,Consumer Defensive,4.679999828338623
TKS,Industrials,7.949999809265137
TKT,Consumer Cyclical,0.69
TL,Technology,0.44999998807907104
TLHPF,Unknown,4.860000133514404
TLI,Financial Services,11.399999618530273
TM,Healthcare,1.2899999618530273
TMAN,Healthcare,10.699999809265137
TMC,Industrials,0.699999988079071
TMD,Consumer Cyclical,27.25
TMI,Industrials,0.49000000953674316
TMILL,Consumer Defensive,2.5399999618530273
TMT,Basic Materials,4.320000171661377
TMW,Basic Materials,56.25
TNDT,Industrials,0.2199999988079071
TNH,Healthcare,28.25
TNITY,Financial Services,2.319999933242798
TNL,Financial Services,19.799999237060547
TNP,Consumer Defensive,2.8399999141693115
TNPC,Consumer Cyclical,0.8999999761581421
TNR,Consumer Defensive,5.900000095367432
TOA,Basic Materials,15.300000190734863
TOG,Healthcare,7.050000190734863
TOP,Energy,69.5
TOPP,Consumer Cyclical,134.0
TPA,Basic Materials,2.5999999046325684
TPAC,Consumer Cyclical,9.350000381469727
TPBI,Consumer Cyclical,3.819999933242798
TPCH,Utilities,0.9300000071525574
TPCS,Consumer Cyclical,10.2
TPIPL,Basic Materials,0.9200000166893005
TPIPP,Utilities,1.6799999475479126
TPL,Industrials,0.46000000834465027
TPLAS,Consumer Cyclical,1.1399999856948853
TPOLY,Industrials,0.10000000149011612
TPP,Consumer Cyclical,13.399999618530273
TPRIME,Real Estate,8.649999618530273
TPS,Technology,3.059999942779541
TQM,Financial Services,15.100000381469727
TQR,Financial Services,5.900000095367432
TR,Consumer Cyclical,26.25
TRC,Industrials,0.4000000059604645
TRITN,Industrials,0.019999999552965164
TRP,Healthcare,3.940000057220459
TRT,Industrials,11.800000190734863
TRU,Consumer Cyclical,3.759999990463257
TRUBB,Basic Materials,1.059999942779541
TRUE,Communication Services,12.899999618530273
TRV,Consumer Cyclical,1.56
TSC,Consumer Cyclical,15.100000381469727
TSE,Utilities,1.25
TSI,Financial Services,0.03999999910593033
TSR,Unknown,0.04
TSTE,Consumer Defensive,10.5
TSTH,Basic Materials,0.949999988079071
TTA,Industrials,5.25
TTB,Financial Services,3.0399999618530273
TTCL,Industrials,0.08
TTI,Consumer Cyclical,24.600000381469727
TTT,Consumer Cyclical,47.5
TTW,Utilities,10.100000381469727
TU,Consumer Defensive,12.699999809265137
TU-PF,Unknown,0.83
TURBO,Financial Services,1.5700000524520874
TURTLE,Consumer Cyclical,3.78
TVDH,Consumer Cyclical,0.03999999910593033
TVH,Financial Services,10.600000381469727
TVO,Consumer Defensive,28.5
TVT,Communication Services,0.2199999988079071
TWP,Basic Materials,1.6200000047683716
TWPC,Consumer Defensive,2.6600000858306885
TWZ,Consumer Cyclical,0.009999999776482582
TYCN,Basic Materials,1.6399999856948853
UAC,Basic Materials,2.5199999809265137
UBA,Industrials,1.409999966621399
UBE,Consumer Defensive,0.5699999928474426
UBIS,Basic Materials,1.4299999475479126
UEC,Basic Materials,0.7799999713897705
UKEM,Basic Materials,1.4700000286102295
UMI,Industrials,0.949999988079071
UMS,Energy,0.6700000166893005
UNIQ,Industrials,2.680000066757202
UNIX,Consumer Cyclical,2.2799999713897705
UP,Consumer Cyclical,26.5
UPF,Consumer Cyclical,22.7
UPOIC,Consumer Defensive,6.800000190734863
UREKA,Industrials,0.3799999952316284
UTP,Basic Materials,9.100000381469727
UV,Utilities,0.9300000071525574
UVAN,Consumer Defensive,14.300000190734863
VARO,Basic Materials,6.25
VCOM,Technology,3.759999990463257
VGI,Industrials,0.9300000071525574
VIBE,Consumer Cyclical,0.4699999988079071
VIBHA,Healthcare,1.350000023841858
VIH,Healthcare,8.699999809265137
VL,Industrials,0.800000011920929
VNG,Basic Materials,1.9299999475479126
VPO,Consumer Defensive,0.4699999988079071
VRANDA,Real Estate,4.320000171661377
VS,Industrials,0.23999999463558197
WACOAL,Consumer Cyclical,16.0
WARRIX,Consumer Cyclical,1.1799999475479126
WASH,Industrials,3.700000047683716
WAVE,Consumer Defensive,0.029999999329447746
WFX,Consumer Cyclical,1.1699999570846558
WGE,Industrials,0.6700000166893005
WHA,Real Estate,4.78000020980835
WHABT,Real Estate,6.300000190734863
WHAIR,Real Estate,8.600000381469727
WHART,Real Estate,10.899999618530273
WHAUP,Utilities,7.099999904632568
WICE,Industrials,3.0999999046325684
WIIK,Industrials,1.2400000095367432
WIN,Real Estate,0.28999999165534973
WINDOW,Basic Materials,0.7300000190734863
WINMED,Healthcare,1.2799999713897705
WINNER,Consumer Defensive,2.2200000286102295
WORK,Communication Services,3.4000000953674316
WP,Utilities,3.7200000286102295
WPH,Healthcare,6.099999904632568
WSOL,Industrials,0.03
XBIO,Consumer Cyclical,0.05000000074505806
XO,Consumer Defensive,17.899999618530273
XPG,Financial Services,0.5099999904632568
XYZ,Basic Materials,0.2800000011920929
YGG,Communication Services,0.1899999976158142
YONG,Basic Materials,0.6800000071525574
YUASA,Consumer Cyclical,16.899999618530273
ZAA,Communication Services,1.5499999523162842
ZEN,Consumer Cyclical,5.400000095367432
ZIGA,Basic Materials,1.1399999856948853
