symbol,period_1,period_2,period_3,period_4,period_5,period_6,eps_1,eps_2,eps_3,eps_4,eps_5,eps_6
2S,2025Q3,2025Q2,2025Q1,2024Q3,2024Q2,,0.0,0.14,0.12,-0.13,0.06,
A,2025Q3,2025Q2,2025Q1,2024Q3,2024Q2,,-0.36,-0.21,-0.21,-0.13,-0.03,
A5,2025Q3,2025Q2,2025Q1,2024Q3,2024Q2,,0.01,0.06,0.03,0.15,0.14,
AAI,2025Q3,2025Q2,2025Q1,2024Q3,2024Q2,,0.08,0.09,0.12,0.14,0.14,
AAV,2025Q3,2025Q2,2025Q1,2024Q3,2024Q2,,-0.07,0.02,0.11,0.27,0.01,
ABM,2025Q3,2025Q2,2025Q1,2024Q3,2024Q2,,-0.03,-0.04,-0.02,-0.08,0.01,
ACAP,2025Q3,2025Q2,2025Q1,2024Q3,2024Q2,,0.28,-0.08,-0.07,0.35,0.13,
ACC,2025Q3,2025Q2,2025Q1,2024Q3,2024Q2,,-0.01,-0.01,-0.01,-0.01,-0.03,
ACE,2025Q3,2025Q2,2025Q1,2024Q3,2024Q2,,0.02,0.01,0.02,0.01,0.02,
ACG,2025Q3,2025Q2,2025Q1,2024Q3,2024Q2,,0.01,0.01,0.02,0.01,0.01,
ADB,2025Q3,2025Q2,2025Q1,2024Q3,2024Q2,,0.01,0.01,0.02,0.01,-0.0,
ADD,2025Q3,2025Q2,2025Q1,2024Q3,2024Q2,,0.1,0.05,0.05,0.06,0.05,
ADVANC,2025Q2,2025Q1,2024Q3,2024Q2,,,3.69,3.56,2.95,2.89,,
ADVICE,2025Q3,2025Q2,2025Q1,2024Q3,2024Q2,,0.11,0.12,0.1,0.11,0.12,
AE,2025Q3,2025Q2,2025Q1,2024Q3,2024Q2,,-0.01,-0.01,-0.01,-0.01,-0.0,
AEONTS,2025Q2,2024Q4,2024Q3,2024Q2,,,3.09,3.15,3.29,2.1,,
AF,2025Q3,2025Q2,2025Q1,2024Q3,2024Q2,,-0.0,0.0,0.0,0.0,0.0,
AFC,2025Q3,2025Q1,2024Q4,2024Q3,,,0.04,-0.09,-0.3,-0.2,,
AGE,2025Q3,2025Q2,2025Q1,2024Q3,2024Q2,,0.08,0.09,0.04,-0.01,-0.13,
AH,2025Q3,2025Q2,2025Q1,2024Q3,2024Q2,,0.63,0.32,0.91,0.59,0.29,
AHC,2025Q3,2025Q2,2025Q1,2024Q3,2024Q2,,0.21,0.33,0.31,0.42,0.16,
AI,2025Q3,2025Q2,2025Q1,2024Q3,2024Q2,,0.05,-0.02,0.08,0.16,0.15,
AIE,2025Q3,2025Q2,2025Q1,2024Q3,2024Q2,,0.04,-0.03,0.01,0.02,0.02,
AIMCG,2025Q3,2025Q2,2025Q1,2024Q3,2024Q2,,-0.02,-0.03,-0.02,0.11,0.09,
AIMIRT,2025Q3,2025Q2,2025Q1,2024Q3,2024Q2,,0.19,0.22,0.2,0.19,0.43,
AIRA,2025Q3,2025Q2,2025Q1,2024Q3,2024Q2,,-0.01,-0.01,-0.01,-0.01,-0.01,
AIT,2025Q3,2025Q2,2025Q1,2024Q3,2024Q2,,0.1,0.09,0.09,0.1,0.09,
AJ,2025Q3,2025Q2,2025Q1,2024Q3,2024Q2,,-0.28,-0.32,-0.03,-0.28,-0.2,
AJA,2025Q3,2025Q2,2025Q1,2024Q3,2024Q2,,-0.0,-0.0,-0.01,-0.01,-0.01,
AKP,2025Q3,2025Q2,2025Q1,2024Q3,2024Q2,,0.1,0.02,0.01,0.03,0.03,
AKR,2025Q3,2025Q2,2025Q1,2024Q3,2024Q2,,0.0,0.01,0.06,0.06,0.03,
AKS,2025Q3,2025Q2,2025Q1,2024Q3,2024Q2,,-0.03,-0.04,-0.01,-0.14,-0.01,
ALLA,2025Q3,2025Q2,2025Q1,2024Q3,2024Q2,,0.04,0.02,0.05,0.06,0.05,
ALLY,2025Q3,2025Q2,2025Q1,2024Q3,2024Q2,,0.13,0.17,0.23,0.14,0.17,
ALPHAX,2025Q3,2025Q2,2025Q1,2024Q3,2024Q2,,0.01,0.01,0.0,0.02,0.0,
ALT,2025Q3,2025Q2,2025Q1,2024Q3,2024Q2,,0.0,0.08,0.01,0.0,0.0,
ALUCON,2025Q3,2025Q2,2025Q1,2024Q3,2024Q2,,4.78,8.23,6.37,1.07,5.31,
AMA,2025Q3,2025Q2,2025Q1,2024Q3,2024Q2,,0.08,0.12,0.13,0.12,0.24,
AMANAH,2025Q3,2025Q2,2025Q1,2024Q3,2024Q2,,-0.04,-0.04,0.0,0.01,-0.05,
AMARC,2025Q3,2025Q2,2025Q1,2024Q3,2024Q2,,0.1,0.18,0.06,0.04,0.02,
AMARIN,2025Q3,2025Q2,2025Q1,2024Q3,2024Q2,,-0.02,-0.04,-0.04,0.0,0.01,
AMATA,2025Q3,2025Q2,2025Q1,2024Q3,2024Q2,,0.99,0.12,0.72,0.67,0.2,
AMATAR,2025Q3,2025Q2,2025Q1,2024Q3,2024Q2,,0.22,0.22,0.2,0.2,0.2,
AMATAV,2025Q3,2025Q2,2025Q1,2024Q3,2024Q2,,0.02,0.07,0.0,-0.13,0.05,
AMC,2025Q3,2025Q2,2025Q1,2024Q3,2024Q2,,-0.01,0.02,0.06,0.02,0.13,
AMR,2025Q3,2025Q2,2025Q1,2024Q3,2024Q2,,-0.06,-0.08,-0.06,-0.01,-0.02,
ANAN,2025Q3,2025Q2,2025Q1,2024Q3,2024Q2,,0.01,0.04,-0.08,-0.01,0.02,
ANI,2025Q3,2025Q2,2025Q1,2024Q3,2024Q2,,0.08,0.07,0.07,0.1,0.09,
AOT,2025Q2,2025Q1,2024Q4,2024Q2,,,0.27,0.35,0.37,0.32,,
AP,2025Q3,2025Q2,2025Q1,2024Q3,2024Q2,,0.37,0.32,0.27,0.46,0.4,
APCO,2025Q3,2025Q2,2025Q1,2024Q3,2024Q2,,0.02,0.02,0.02,0.02,0.02,
APCS,2025Q3,2025Q2,2025Q1,2024Q3,2024Q2,,-0.11,-0.08,-0.08,-0.04,0.01,
APO,2025Q3,2025Q2,2025Q1,2024Q3,2024Q2,,0.15,0.41,-0.04,0.14,0.25,
APP,2025Q3,2025Q2,2025Q1,2024Q3,2024Q2,,0.11,0.07,0.13,0.09,0.02,
APURE,2025Q3,2025Q2,2025Q1,2024Q3,2024Q2,,-0.28,-0.04,0.06,0.05,0.07,
AQUA,2025Q3,2025Q2,2025Q1,2024Q3,2024Q2,,-0.03,-0.06,-0.02,-0.06,-0.02,
ARIN,2025Q3,2025Q2,2025Q1,2024Q3,2024Q2,,-0.01,-0.02,-0.02,-0.02,-0.02,
ARIP,2025Q3,2025Q2,2025Q1,2024Q3,2024Q2,,0.01,0.01,0.0,0.0,0.0,
ARROW,2025Q3,2025Q2,2025Q1,2024Q3,2024Q2,,0.16,0.13,0.15,0.17,0.08,
AS,2025Q3,2025Q2,2025Q1,2024Q3,2024Q2,,0.11,0.04,0.08,0.08,0.1,
ASAP,2025Q3,2025Q2,2025Q1,2024Q3,2024Q2,,0.1,0.01,0.02,-0.05,0.04,
ASEFA,2025Q3,2025Q2,2025Q1,2024Q3,2024Q2,,0.16,0.04,0.08,0.04,-0.03,
ASIA,2025Q3,2025Q2,2025Q1,2024Q3,2024Q2,,-0.02,-0.05,0.05,-0.01,-0.01,
ASIAN,2025Q3,2025Q2,2025Q1,2024Q3,2024Q2,,0.21,0.2,0.25,0.29,0.31,
ASIMAR,2025Q3,2025Q2,2025Q1,2024Q3,2024Q2,,0.08,0.05,0.02,0.05,0.04,
ASK,2025Q3,2025Q2,2025Q1,2024Q3,2024Q2,,0.15,0.2,0.28,0.11,0.16,
ASN,2025Q3,2025Q2,2025Q1,2024Q3,2024Q2,,-0.01,-0.01,0.0,0.0,-0.01,
ASP,2025Q3,2025Q2,2025Q1,2024Q3,2024Q2,,0.06,0.02,0.0,0.03,0.04,
ASW,2025Q3,2025Q2,2025Q1,2024Q3,2024Q2,,0.32,0.22,0.22,0.5,0.66,
ATP30,2025Q3,2025Q2,2025Q1,2024Q3,2024Q2,,0.02,0.02,0.02,0.02,0.02,
AU,2025Q3,2025Q2,2025Q1,2024Q3,2024Q2,,0.06,0.06,0.08,0.1,0.09,
AUCT,2025Q3,2025Q2,2025Q1,2024Q3,2024Q2,,0.09,0.08,0.1,0.17,0.15,
AURA,2025Q3,2025Q2,2025Q1,2024Q3,2024Q2,,0.2,0.27,0.3,0.15,0.26,
AWC,2025Q3,2025Q2,2025Q1,2024Q3,2024Q2,,0.04,0.04,0.06,0.04,0.04,
AXTRART,2025Q3,2025Q1,2024Q4,2024Q3,2024Q2,,0.24,0.24,0.16,0.24,0.24,
AYUD,2025Q3,2025Q2,2025Q1,2024Q3,2024Q2,,1.84,2.02,1.82,1.26,2.11,
B,2025Q3,2025Q2,2025Q1,2024Q3,2024Q2,,0.0,0.0,0.0,0.0,0.0,
B-WORK,2025Q3,2025Q2,2025Q1,2024Q3,2024Q2,,0.18,0.12,0.03,0.22,-0.77,
B52,2025Q3,2025Q2,2025Q1,2024Q3,2024Q2,,-0.02,-0.02,-0.02,-0.05,-0.03,
BA,2025Q3,2025Q2,2025Q1,2024Q3,2024Q2,,0.5,0.19,0.8,0.32,0.34,
BAFS,2025Q3,2025Q2,2025Q1,2024Q3,2024Q2,,0.05,0.07,0.2,0.02,0.05,
BAM,2025Q3,2025Q2,2025Q1,2024Q3,2024Q2,,0.06,0.4,0.07,0.06,0.14,
BANPU,2025Q3,2025Q2,2025Q1,2024Q3,2024Q2,,0.0,-0.0,-0.0,-0.0,0.0,
BAREIT,2025Q2,2025Q1,2024Q3,2024Q2,,,0.21,0.22,0.21,0.2,,
BAY,2025Q3,2025Q2,2025Q1,2024Q3,2024Q2,,1.19,1.13,1.02,1.04,1.12,
BBGI,2025Q3,2025Q2,2025Q1,2024Q3,2024Q2,,0.06,-0.03,0.09,-0.01,0.03,
BBIK,2025Q3,2025Q2,2025Q1,2024Q3,2024Q2,,0.34,0.37,0.36,0.44,0.21,
BBL,2025Q3,2025Q2,2025Q1,2024Q3,2024Q2,,7.22,6.2,6.61,6.54,6.19,
BC,2025Q3,2025Q2,2025Q1,2024Q3,2024Q2,,-0.08,-0.1,0.08,0.1,0.06,
BCH,2025Q3,2025Q2,2025Q1,2024Q3,2024Q2,,0.14,0.16,0.13,0.18,0.11,
BCP,2025Q3,2025Q2,2025Q1,2024Q3,2024Q2,,0.8,-1.86,1.54,-1.61,1.23,
BCPG,2025Q2,2025Q1,2024Q3,2024Q2,,,-0.22,0.05,-0.01,0.42,,
BCT,2025Q3,2025Q2,2024Q4,2024Q3,2024Q2,,1.9,0.53,5.2,-3.5,3.94,
BDMS,2025Q3,2025Q2,2025Q1,2024Q3,2024Q2,,0.27,0.22,0.27,0.27,0.21,
BE8,2025Q3,2025Q2,2025Q1,2024Q3,2024Q2,,0.05,0.02,0.08,0.17,0.13,
BEAUTY,2025Q3,2025Q2,2025Q1,2024Q3,2024Q2,,-0.0,-0.01,-0.0,-0.0,-0.01,
BEC,2025Q3,2025Q2,2025Q1,2024Q3,2024Q2,,0.02,0.01,0.02,0.02,0.04,
BEM,2025Q3,2025Q2,2025Q1,2024Q3,2024Q2,,0.07,0.07,0.06,0.07,0.07,
BEYOND,2025Q3,2025Q2,2025Q1,2024Q3,2024Q2,,-0.28,-0.3,0.19,-0.23,-0.25,
BGC,2025Q3,2025Q2,2025Q1,2024Q3,2024Q2,,0.04,0.08,0.12,0.08,0.11,
BGRIM,2025Q3,2025Q2,2025Q1,2024Q3,2024Q2,,0.05,-0.08,0.16,0.02,0.01,
BGT,2025Q3,2025Q2,2025Q1,2024Q3,2024Q2,,-0.03,-0.02,-0.01,-0.01,0.0,
BH,2025Q3,2025Q2,2025Q1,2024Q3,2024Q2,,2.35,2.14,2.0,2.25,2.23,
BIG,2025Q3,2025Q2,2025Q1,2024Q3,2024Q2,,-0.0,0.0,0.01,0.0,0.01,
BIOTEC,2025Q3,2025Q2,2025Q1,2024Q3,2024Q2,,0.04,-0.01,-0.01,-0.04,-0.01,
BIS,2025Q3,2025Q2,2025Q1,2024Q3,2024Q2,,0.03,0.06,0.06,0.06,0.05,
BIZ,2025Q3,2025Q2,2025Q1,2024Q3,2024Q2,,0.33,0.08,0.02,0.14,0.05,
BJC,2025Q3,2025Q2,2025Q1,2024Q3,2024Q2,,0.16,0.25,0.27,0.17,0.31,
BJCHI,2025Q3,2025Q2,2025Q1,2024Q3,2024Q2,,-0.01,-0.04,-0.02,-0.09,0.02,
BKA,2025Q3,2025Q2,2024Q3,2024Q2,,,-0.06,-0.03,0.1,0.03,,
BKD,2025Q3,2025Q2,2025Q1,2024Q3,2024Q2,,0.04,0.01,0.04,0.03,0.06,
BKGI,2025Q3,2025Q2,2025Q1,2024Q3,2024Q2,,0.01,0.01,0.01,0.02,0.02,
BKIH,2025Q3,2025Q2,2025Q1,2024Q3,2024Q2,,10.78,9.19,5.37,11.0,9.52,
BLA,2025Q3,2025Q2,2025Q1,2024Q3,2024Q2,,1.35,1.25,0.7,0.88,0.58,
BLAND,2025Q3,2025Q2,2024Q4,2024Q3,2024Q2,,-0.0,0.0,-0.0,0.0,0.0,
BLC,2025Q3,2025Q2,2025Q1,2024Q3,2024Q2,,0.07,0.07,0.09,0.07,0.06,
BLESS,2025Q3,2025Q2,2025Q1,2024Q3,2024Q2,,0.01,0.0,0.01,0.01,0.01,
BLISS,2025Q3,2025Q2,2025Q1,2024Q3,2024Q2,,-0.0,-0.0,-0.0,-0.0,-0.0,
BM,2025Q3,2025Q2,2025Q1,2024Q3,2024Q2,,0.01,0.03,0.07,0.04,0.01,
BOFFICE,2025Q3,2025Q2,2025Q1,2024Q3,2024Q2,,0.12,0.08,0.18,0.17,0.09,
BOL,2025Q3,2025Q2,2025Q1,2024Q3,2024Q2,,0.11,0.1,0.08,0.1,0.1,
BPP,2025Q3,2025Q2,2025Q1,2024Q3,2024Q2,,0.38,0.42,0.19,0.37,0.32,
BPS,2025Q3,2025Q2,2025Q1,2024Q3,2024Q2,,0.0,0.0,0.01,0.0,-0.0,
BR,2025Q3,2025Q2,2025Q1,2024Q3,2024Q2,,0.05,0.03,0.04,0.03,0.03,
BRI,2025Q3,2025Q2,2025Q1,2024Q3,2024Q2,,0.05,0.09,-0.01,0.13,0.24,
BROCK,2025Q3,2025Q2,2025Q1,2024Q3,2024Q2,,-0.0,-0.0,-0.0,-0.0,-0.01,
BRR,2025Q3,2025Q2,2025Q1,2024Q3,2024Q2,,-0.04,0.04,0.5,0.45,0.34,
BSBM,2025Q3,2025Q2,2025Q1,2024Q3,2024Q2,,-0.01,-0.01,-0.01,-0.03,0.0,
BSM,2025Q2,2025Q1,2024Q3,2024Q2,,,-0.03,-0.04,-0.09,-0.06,,
BTC,2025Q3,2025Q2,2025Q1,2024Q3,2024Q2,,0.0,-0.02,-0.03,-0.02,-0.05,
BTG,2025Q3,2025Q2,2025Q1,2024Q3,2024Q2,,0.6,1.34,0.98,0.51,0.32,
BTNC,2025Q3,2025Q2,2025Q1,2024Q3,2024Q2,,-0.1,-0.25,0.36,-0.74,1.58,
BTS,2025Q3,2025Q2,2024Q4,2024Q3,2024Q2,,0.01,-0.01,0.2,-0.03,-0.03,
BTW,2025Q3,2025Q2,2025Q1,2024Q3,2024Q2,,-0.04,-0.03,-0.03,-0.04,0.0,
BUI,2025Q3,2025Q2,2025Q1,2024Q3,2024Q2,,0.39,0.88,0.11,1.39,1.69,
BVG,2025Q3,2025Q2,2025Q1,2024Q3,2024Q2,,0.04,0.04,0.03,0.03,0.02,
BWG,2025Q3,2025Q2,2025Q1,2024Q3,2024Q2,,0.06,0.0,0.0,0.0,0.01,
BYD,2025Q3,2025Q2,2025Q1,2024Q3,2024Q2,,0.03,-0.47,-0.05,0.02,0.01,
CAZ,2025Q3,2025Q2,2025Q1,2024Q3,2024Q2,,-1.33,0.09,0.13,0.03,0.16,
CBG,2025Q3,2025Q2,2025Q1,2024Q3,2024Q2,,0.62,0.8,0.76,0.74,0.69,
CCET,2025Q3,2025Q2,2025Q1,2024Q3,2024Q2,,0.05,0.05,0.06,0.07,0.07,
CCP,2025Q3,2025Q2,2025Q1,2024Q3,2024Q2,,0.01,0.01,0.01,0.01,0.0,
CEN,2025Q3,2025Q2,2025Q1,2024Q3,2024Q2,,0.02,-0.1,-0.09,-0.01,0.19,
CENTEL,2025Q3,2025Q2,2025Q1,2024Q3,2024Q2,,0.12,0.08,0.55,0.12,0.12,
CEYE,2025Q3,2025Q2,2025Q1,2024Q3,2024Q2,,0.01,0.03,0.03,-0.02,0.02,
CFARM,2025Q3,2025Q2,2025Q1,2024Q3,2024Q2,,0.02,-0.01,0.0,-0.0,0.0,
CFRESH,2025Q3,2025Q2,2025Q1,2024Q3,2024Q2,,0.01,0.01,-0.02,-0.14,0.03,
CGD,2025Q3,2025Q2,2025Q1,2024Q3,2024Q2,,-0.02,-0.01,-0.01,-0.0,-0.0,
CGH,2025Q3,2025Q2,2025Q1,2024Q3,2024Q2,,-0.01,-0.03,0.0,0.03,0.0,
CH,2025Q3,2025Q2,2025Q1,2024Q3,2024Q2,,-0.02,0.02,0.02,0.0,0.09,
CHAO,2025Q3,2025Q2,2025Q1,2024Q3,2024Q2,,0.03,0.01,0.04,0.18,0.11,
CHARAN,2025Q3,2025Q2,2025Q1,2024Q3,2024Q2,,0.48,-0.66,1.32,-0.29,0.1,
CHASE,2025Q3,2025Q2,2025Q1,2024Q3,2024Q2,,0.0,0.0,0.0,0.0,0.01,
CHAYO,2025Q3,2025Q2,2025Q1,2024Q3,2024Q2,,0.02,0.08,0.07,0.09,0.07,
CHEWA,2025Q3,2025Q2,2025Q1,2024Q3,2024Q2,,-0.03,-0.02,-0.04,0.0,0.0,
CHG,2025Q3,2025Q2,2025Q1,2024Q3,2024Q2,,0.02,0.02,0.02,0.04,0.02,
CHIC,2025Q3,2025Q2,2025Q1,2024Q3,2024Q2,,0.0,-0.01,-0.01,-0.02,-0.0,
CHO,2025Q3,2025Q2,2025Q1,2024Q3,2024Q2,,-0.77,-0.36,-0.18,-0.55,-0.37,
CHOTI,2025Q3,2025Q2,2025Q1,2024Q3,2024Q2,,-5.34,-5.28,-0.53,-9.89,0.74,
CHOW,2025Q3,2025Q2,2025Q1,2024Q3,2024Q2,,-0.0,-0.01,0.0,0.01,0.04,
CI,2025Q3,2025Q2,2025Q1,2024Q3,2024Q2,,-0.1,-0.07,-0.04,-0.07,-0.12,
CIG,2025Q3,2025Q2,2025Q1,2024Q3,2024Q2,,-0.01,-0.01,-0.01,-0.01,-0.03,
CIMBT,2025Q3,2025Q2,2025Q1,2024Q3,2024Q2,,0.02,0.01,0.02,0.02,0.02,
CITY,2025Q4,2025Q2,2025Q1,2024Q4,2024Q2,,-0.01,-0.03,-0.02,-0.02,-0.02,
CIVIL,2025Q3,2025Q2,2025Q1,2024Q3,2024Q2,,-0.16,0.02,0.01,0.06,0.03,
CK,2025Q3,2025Q2,2025Q1,2024Q3,2024Q2,,1.03,0.51,0.17,0.59,0.29,
CKP,2025Q3,2025Q2,2025Q1,2024Q3,2024Q2,,0.16,0.08,0.01,0.15,0.01,
CM,2025Q3,2025Q2,2025Q1,2024Q3,2024Q2,,0.04,0.02,0.03,-0.02,0.11,
CMAN,2025Q3,2025Q2,2025Q1,2024Q3,2024Q2,,0.04,0.11,0.14,-0.1,0.1,
CMC,2025Q3,2025Q2,2025Q1,2024Q3,2024Q2,,-0.11,-0.1,-0.1,-0.04,-0.08,
CMO,2025Q3,2025Q2,2025Q1,2024Q3,2024Q2,,-0.05,-0.03,0.08,0.01,-0.04,
CMR,2025Q3,2025Q2,2025Q1,2024Q3,2024Q2,,-0.02,0.01,0.01,0.02,0.01,
CNT,2025Q3,2025Q2,2025Q1,2024Q3,2024Q2,,0.02,0.01,0.03,0.02,0.02,
COCOCO,2025Q3,2025Q2,2025Q1,2024Q3,2024Q2,,0.05,0.05,0.04,0.12,0.15,
COLOR,2025Q3,2025Q2,2025Q1,2024Q3,2024Q2,,0.01,0.01,0.02,0.01,0.01,
COM7,2025Q3,2025Q2,2025Q1,2024Q3,2024Q2,,0.37,0.43,0.42,0.3,0.32,
COMAN,2025Q3,2025Q2,2025Q1,2024Q3,2024Q2,,-0.75,0.02,-0.05,-0.04,-0.29,
CPALL,2025Q3,2025Q2,2025Q1,2024Q3,2024Q2,,0.73,0.74,0.83,0.61,0.68,
CPANEL,2025Q3,2025Q2,2025Q1,2024Q3,2024Q2,,0.02,0.01,-0.09,-0.06,0.05,
CPAXT,2025Q3,2025Q2,2025Q1,2024Q3,2024Q2,,0.18,0.22,0.25,0.37,0.2,
CPF,2025Q3,2025Q2,2025Q1,2024Q3,2024Q2,,0.64,1.31,1.07,0.91,0.86,
CPH,2025Q3,2025Q2,2025Q1,2024Q3,2024Q2,,0.39,0.48,0.07,-0.54,1.8,
CPI,2025Q3,2025Q2,2025Q1,2024Q3,2024Q2,,0.17,0.4,0.08,0.21,0.2,
CPL,2025Q3,2025Q2,2025Q1,2024Q3,2024Q2,,-0.13,-0.12,-0.01,-0.06,0.0,
CPN,2025Q3,2025Q2,2025Q1,2024Q3,2024Q2,,1.21,0.96,0.94,0.92,1.01,
CPNREIT,2025Q3,2025Q2,2025Q1,2024Q3,2024Q2,,0.07,0.23,0.25,0.22,-0.1,
CPR,2025Q3,2025Q2,2025Q1,2024Q3,2024Q2,,0.02,0.03,0.03,0.03,0.03,
CPT,2025Q3,2025Q2,2025Q1,2024Q3,2024Q2,,0.03,0.02,0.06,0.02,0.02,
CPW,2025Q3,2025Q2,2025Q1,2024Q3,2024Q2,,0.04,0.03,0.04,0.04,0.02,
CRANE,2025Q3,2025Q2,2025Q1,2024Q3,2024Q2,,-0.08,-0.05,-0.04,0.02,-0.01,
CRC,2025Q3,2025Q2,2025Q1,2024Q3,2024Q2,,0.22,0.19,0.39,0.35,0.28,
CRD,2025Q3,2025Q2,2025Q1,2024Q3,2024Q2,,0.02,0.02,0.01,0.01,0.01,
CREDIT,2025Q3,2025Q2,2025Q1,2024Q3,2024Q2,,0.82,0.75,0.73,0.94,0.67,
CSC,2025Q3,2025Q2,2025Q1,2024Q3,2024Q2,,0.61,1.26,1.92,1.53,1.7,
CSP,2025Q3,2025Q2,2025Q1,2024Q3,2024Q2,,0.0,-0.04,-0.0,-0.11,-0.05,
CSR,2025Q3,2025Q2,2025Q1,2024Q3,2024Q2,,0.9,0.49,0.97,0.55,0.74,
CSS,2025Q3,2025Q2,2025Q1,2024Q3,2024Q2,,0.01,0.01,0.01,0.05,0.03,
CTW,2025Q3,2025Q2,2025Q1,2024Q3,2024Q2,,0.24,0.14,-0.13,0.19,-0.3,
CV,2024Q3,2024Q2,,,,,-0.24,-0.46,,,,
CWT,2025Q3,2025Q2,2025Q1,2024Q3,2024Q2,,-0.04,0.15,0.03,0.05,0.0,
D,2025Q3,2025Q2,2025Q1,2024Q3,2024Q2,,0.06,0.06,0.05,0.03,0.05,
DCC,2025Q3,2025Q2,2025Q1,2024Q3,2024Q2,,0.02,0.02,0.03,0.03,0.03,
DCON,2025Q3,2025Q2,2025Q1,2024Q3,2024Q2,,-0.0,0.0,-0.0,-0.0,0.0,
DDD,2025Q3,2025Q2,2025Q1,2024Q3,2024Q2,,0.06,0.04,0.06,-0.08,0.08,
DELTA,2025Q2,2025Q1,2024Q3,2024Q2,,,0.37,0.44,0.47,0.53,,
DEMCO,2025Q3,2025Q2,2025Q1,2024Q3,2024Q2,,0.02,0.03,-0.04,0.07,-0.01,
DEXON,2025Q3,2025Q2,2025Q1,2024Q3,2024Q2,,-0.03,-0.06,-0.04,-0.02,0.05,
DHOUSE,2025Q3,2025Q2,2025Q1,2024Q3,2024Q2,,-0.01,-0.01,-0.01,0.01,-0.01,
DIMET,2025Q3,2025Q2,2025Q1,2024Q3,2024Q2,,-0.0,-0.0,-0.0,-0.01,-0.01,
DITTO,2025Q3,2025Q2,2025Q1,2024Q3,2024Q2,,0.25,0.24,0.21,0.2,0.18,
DMT,2025Q3,2025Q2,2025Q1,2024Q3,2024Q2,,0.24,0.2,0.23,0.22,0.2,
DOD,2025Q3,2025Q2,2025Q1,2024Q3,2024Q2,,0.02,0.02,0.06,0.02,-0.38,
DOHOME,2025Q3,2025Q2,2025Q1,2024Q3,2024Q2,,0.03,0.05,0.07,0.02,0.06,
DPAINT,2025Q3,2025Q2,2025Q1,2024Q3,2024Q2,,-0.15,-0.06,-0.07,-0.19,-0.18,
DREIT,2025Q3,2025Q2,2025Q1,2024Q3,2024Q2,,0.06,-0.05,0.24,-0.25,0.52,
DRT,2025Q3,2025Q2,2025Q1,2024Q3,2024Q2,,0.05,0.12,0.12,0.1,0.18,
DTCENT,2025Q3,2025Q2,2025Q1,2024Q3,2024Q2,,0.02,0.02,0.02,0.02,0.03,
DTCI,2025Q3,2025Q2,2025Q1,2024Q3,2024Q2,,-0.2,0.02,-0.38,-0.28,0.2,
DUSIT,2025Q3,2025Q2,2025Q1,2024Q3,2024Q2,,-0.49,-0.38,0.02,-0.67,-0.19,
DV8,2025Q3,2025Q2,2025Q1,2024Q3,2024Q2,,0.11,-0.0,-0.02,0.01,0.0,
EA,2025Q3,2025Q2,2025Q1,2024Q3,2024Q2,,0.04,-0.1,0.04,0.09,0.4,
EASON,2025Q3,2025Q2,2025Q1,2024Q3,2024Q2,,0.05,0.03,0.03,0.03,0.04,
EAST,2025Q3,2025Q2,2025Q1,2024Q3,2024Q2,,0.02,0.02,0.01,0.01,0.02,
EASTW,2025Q3,2025Q2,2025Q1,2024Q3,2024Q2,,-0.01,0.0,0.0,-0.01,0.04,
ECF,2025Q3,2025Q2,2025Q1,2024Q3,2024Q2,,-0.06,-0.84,-0.15,-0.19,-0.11,
EFORL,2025Q3,2025Q2,2025Q1,2024Q3,2024Q2,,0.0,0.0,-0.0,0.01,-0.01,
EGCO,2025Q3,2025Q2,2025Q1,2024Q3,2024Q2,,-1.25,4.1,6.79,4.68,2.65,
EKH,2025Q3,2025Q2,2025Q1,2024Q3,2024Q2,,0.09,0.06,0.07,0.12,0.08,
EMC,2025Q3,2025Q2,2025Q1,2024Q3,2024Q2,,-0.01,-0.0,-0.02,-0.0,0.0,
EMPIRE,2025Q3,2025Q2,2025Q1,2024Q3,2024Q2,,-0.03,0.01,0.06,-0.45,-0.05,
EP,2025Q3,2025Q2,2025Q1,2024Q3,2024Q2,,-0.17,-0.61,-0.08,-0.56,-0.17,
EPG,2025Q3,2025Q2,2024Q4,2024Q3,2024Q2,,0.11,0.1,0.06,0.05,0.09,
ERW,2025Q3,2025Q2,2025Q1,2024Q3,2024Q2,,0.01,0.01,0.07,0.03,0.08,
ESTAR,2025Q3,2025Q2,2025Q1,2024Q3,2024Q2,,-0.0,0.0,-0.0,-0.0,-0.01,
ETC,2025Q3,2025Q2,2025Q1,2024Q3,2024Q2,,0.19,0.0,0.01,0.01,0.03,
ETE,2025Q3,2025Q2,2025Q1,2024Q3,2024Q2,,0.0,0.0,0.01,0.01,0.01,
ETL,2025Q3,2025Q2,2025Q1,2024Q3,2024Q2,,0.02,0.04,0.02,-0.02,0.02,
EURO,2025Q3,2025Q2,2025Q1,2024Q3,2024Q2,,0.13,0.12,0.11,0.11,0.05,
EVER,2025Q3,2025Q2,2025Q1,2024Q3,2024Q2,,0.02,-0.02,-0.02,-0.01,-0.02,
FANCY,2025Q3,2025Q2,2025Q1,2024Q3,2024Q2,,0.0,-0.0,-0.0,0.0,0.0,
FE,2025Q3,2025Q2,2025Q1,2024Q3,2024Q2,,3.77,2.66,-0.66,4.42,7.07,
FLOYD,2025Q3,2025Q2,2025Q1,2024Q3,2024Q2,,0.12,0.05,0.01,0.04,0.02,
FM,2025Q3,2025Q2,2025Q1,2024Q3,2024Q2,,0.17,0.19,0.19,0.17,0.24,
FMT,2025Q3,2025Q2,2025Q1,2024Q3,2024Q2,,-1.04,-0.3,0.48,-1.59,-0.24,
FN,2025Q3,2025Q2,2025Q1,2024Q3,2024Q2,,-0.02,-0.02,-0.01,-0.01,-0.02,
FNS,2025Q3,2025Q2,2025Q1,2024Q3,2024Q2,,-0.38,-0.23,-0.35,-0.48,-0.9,
FORTH,2024Q3,2024Q2,,,,,0.02,0.11,,,,
FPI,2025Q3,2025Q2,2025Q1,2024Q3,2024Q2,,0.07,0.04,0.05,0.0,0.07,
FPT,2025Q2,2025Q1,2024Q4,2024Q2,,,0.27,0.1,0.14,0.14,,
FSMART,2025Q3,2025Q2,2025Q1,2024Q3,2024Q2,,0.19,0.21,0.2,0.15,0.13,
FSX,2025Q3,2025Q2,2025Q1,2024Q3,2024Q2,,-0.06,-0.11,-0.08,0.04,-0.16,
FTE,2025Q3,2025Q2,2025Q1,2024Q3,2024Q2,,0.05,0.05,0.05,0.08,0.02,
FTI,2025Q3,2025Q2,2025Q1,2024Q3,2024Q2,,0.03,0.03,0.02,-0.0,0.03,
FTREIT,2025Q2,2025Q1,2024Q4,2024Q2,,,0.25,0.27,0.19,0.19,,
FUTURERT,2025Q3,2025Q2,2025Q1,2024Q2,,,0.2,0.28,0.24,0.15,,
FVC,2025Q3,2025Q2,2025Q1,2024Q3,2024Q2,,0.01,0.01,0.02,-0.01,0.02,
GABLE,2025Q3,2025Q2,2025Q1,2024Q3,2024Q2,,0.16,0.11,-0.01,0.07,0.09,
GAHREIT,2025Q3,2025Q2,2025Q1,2024Q3,2024Q2,,0.17,0.17,-0.36,0.17,0.17,
GBX,2025Q3,2025Q2,2025Q1,2024Q3,2024Q2,,0.09,-0.0,-0.01,0.02,-0.0,
GC,2025Q3,2025Q2,2025Q1,2024Q3,2024Q2,,0.13,0.11,0.12,0.09,0.1,
GCAP,2025Q3,2025Q2,2025Q1,2024Q3,2024Q2,,-0.01,0.0,0.0,-0.02,0.01,
GEL,2025Q3,2025Q2,2025Q1,2024Q3,2024Q2,,-0.01,-0.02,-0.01,-0.01,-0.01,
GENCO,2025Q3,2025Q2,2025Q1,2024Q3,2024Q2,,0.01,0.0,0.0,0.0,0.0,
GFC,2025Q3,2025Q2,2025Q1,2024Q3,2024Q2,,0.03,0.03,0.03,0.08,0.08,
GFPT,2025Q3,2025Q2,2025Q1,2024Q3,2024Q2,,0.57,0.51,0.51,0.43,0.47,
GGC,2025Q3,2025Q2,2025Q1,2024Q3,2024Q2,,-0.38,-0.16,-0.2,-0.18,-0.17,
GJS,2025Q3,2025Q2,2025Q1,2024Q3,2024Q2,,-0.01,-0.01,-0.01,-0.02,-0.01,
GLAND,2025Q3,2025Q2,2025Q1,2024Q3,2024Q2,,0.02,0.02,0.02,0.02,0.01,
GLOBAL,2025Q2,2025Q1,2024Q3,2024Q2,,,0.1,0.12,0.07,0.14,,
GLORY,2025Q3,2025Q2,2025Q1,2024Q3,2024Q2,,-0.02,-0.02,-0.01,-0.02,-0.02,
GPI,2025Q3,2025Q2,2025Q1,2024Q3,2024Q2,,-0.1,0.09,0.26,-0.07,0.1,
GPSC,2025Q2,2025Q1,2024Q3,2024Q2,,,0.72,0.4,0.27,0.51,,
GRAMMY,2025Q3,2025Q2,2025Q1,2024Q3,2024Q2,,-0.14,-0.0,0.13,-0.03,0.03,
GRAND,2025Q3,2025Q2,2025Q1,2024Q3,2024Q2,,-0.04,-0.03,-0.01,-0.01,-0.03,
GREEN,2025Q3,2025Q2,2025Q1,2024Q3,2024Q2,,0.01,-0.01,-0.03,0.02,0.0,
GROREIT,2025Q3,2025Q2,2025Q1,2024Q3,2024Q2,,0.22,0.21,0.18,0.21,0.2,
GSTEEL,2025Q3,2025Q2,2025Q1,2024Q3,2024Q2,,-0.02,-0.01,-0.02,-0.01,-0.02,
GTB,2025Q3,2025Q2,2025Q1,2024Q3,2024Q2,,0.02,0.02,0.02,0.03,0.03,
GTV,2025Q3,2025Q2,2025Q1,2024Q3,2024Q2,,-0.0,0.0,0.0,-0.0,-0.0,
GULF,2025Q3,2025Q2,2025Q1,2024Q3,2024Q2,,0.49,4.28,0.46,0.51,0.4,
GUNKUL,2025Q3,2025Q2,2025Q1,2024Q3,2024Q2,,0.05,0.06,0.04,0.04,0.05,
GVREIT,2025Q2,2025Q1,2024Q4,2024Q2,,,0.24,0.25,0.25,0.21,,
GYT,2025Q3,2025Q2,2025Q1,2024Q3,2024Q2,,11.89,7.14,13.08,13.64,6.46,
HANA,2025Q3,2025Q2,2025Q1,2024Q3,2024Q2,,0.02,0.0,0.54,0.46,0.43,
HANN,2025Q3,2025Q2,2024Q3,2024Q2,,,0.01,0.0,0.02,0.01,,
HARN,2025Q3,2025Q2,2025Q1,2024Q3,2024Q2,,0.04,0.04,0.03,0.06,0.03,
HEALTH,2025Q3,2025Q2,2025Q1,2024Q3,2024Q2,,-0.02,-0.01,-0.0,-0.02,-0.64,
HENG,2025Q3,2025Q2,2025Q1,2024Q3,2024Q2,,0.0,0.0,0.01,0.0,-0.01,
HFT,2025Q3,2025Q2,2025Q1,2024Q3,2024Q2,,0.02,0.04,0.12,-0.06,0.17,
HL,2025Q3,2025Q2,2025Q1,2024Q3,2024Q2,,0.05,0.06,0.08,0.06,0.04,
HMPRO,2025Q2,2025Q1,2024Q3,2024Q2,,,0.11,0.13,0.11,0.12,,
HPT,2025Q3,2025Q2,2025Q1,2024Q3,2024Q2,,0.0,0.0,0.01,0.01,0.01,
HTC,2025Q3,2025Q2,2025Q1,2024Q3,2024Q2,,0.33,0.36,0.45,0.32,0.4,
HTECH,2025Q3,2025Q2,2025Q1,2024Q3,2024Q2,,0.12,0.08,0.08,0.07,0.1,
HUMAN,2025Q3,2025Q2,2025Q1,2024Q3,2024Q2,,0.09,0.1,0.09,0.07,0.09,
HYDRO,2025Q3,2025Q2,2025Q1,2024Q3,2024Q2,,0.2,0.02,0.0,-0.68,-0.32,
HYDROGEN,2025Q3,2025Q2,2025Q1,2024Q3,2024Q2,,0.17,0.17,0.17,0.15,0.16,
I2,2025Q3,2025Q2,2025Q1,2024Q3,2024Q2,,0.0,-0.01,0.0,0.02,0.07,
ICC,2025Q3,2025Q2,2025Q1,2024Q3,2024Q2,,-0.03,0.38,1.21,-0.1,1.94,
ICHI,2025Q3,2025Q2,2025Q1,2024Q3,2024Q2,,0.28,0.31,0.19,0.27,0.29,
ICN,2025Q3,2025Q2,2025Q1,2024Q3,2024Q2,,0.04,0.04,0.04,0.05,0.06,
IFS,2025Q3,2025Q2,2025Q1,2024Q3,2024Q2,,0.09,0.08,-0.03,0.07,0.07,
IHL,2025Q3,2025Q2,2025Q1,2024Q3,2024Q2,,0.03,0.08,0.08,-0.03,0.06,
IIG,2025Q3,2025Q2,2025Q1,2024Q3,2024Q2,,-0.38,-0.32,-0.83,0.0,-0.24,
III,2025Q3,2025Q2,2025Q1,2024Q3,2024Q2,,0.13,0.1,0.14,0.13,0.13,
ILINK,2025Q3,2025Q2,2025Q1,2024Q3,2024Q2,,0.16,0.12,0.17,0.26,0.21,
ILM,2025Q3,2025Q2,2025Q1,2024Q3,2024Q2,,0.36,0.35,0.43,0.38,0.34,
IMH,2025Q3,2025Q2,2025Q1,2024Q3,2024Q2,,-0.17,-0.35,0.04,-0.08,0.01,
IMPACT,2025Q3,2025Q2,2024Q4,2024Q3,2024Q2,,0.13,0.24,0.19,0.12,0.26,
IND,2025Q3,2025Q2,2025Q1,2024Q3,2024Q2,,0.07,0.09,0.06,0.05,0.02,
INET,2025Q3,2025Q2,2025Q1,2024Q3,2024Q2,,0.06,0.11,0.08,0.16,0.14,
INETREIT,2025Q3,2025Q2,2025Q1,2024Q3,2024Q2,,0.26,0.27,0.25,0.23,0.23,
INGRS,2025Q4,2025Q3,2025Q2,2024Q4,2024Q3,,-0.18,0.07,-0.04,0.02,-0.01,
INOX,2025Q3,2025Q2,2025Q1,2024Q3,2024Q2,,0.0,0.01,-0.02,0.01,0.02,
INSET,2025Q3,2025Q2,2025Q1,2024Q3,2024Q2,,0.02,0.01,0.01,0.05,0.03,
INSURE,2025Q3,2025Q2,2025Q1,2024Q3,2024Q2,,8.24,2.96,-12.21,5.79,-4.72,
IP,2025Q3,2025Q2,2025Q1,2024Q3,2024Q2,,0.07,0.05,0.04,0.01,0.01,
IRC,2025Q2,2025Q1,2024Q4,2024Q2,,,0.33,0.27,0.17,0.83,,
IRCP,2025Q3,2025Q2,2025Q1,2024Q3,2024Q2,,-0.28,-0.02,-0.01,0.02,0.01,
IROYAL,2025Q2,2025Q1,2024Q2,,,,0.17,0.04,0.05,,,
IRPC,2025Q2,2025Q1,2024Q3,2024Q2,,,-0.1,-0.06,-0.24,-0.04,,
ISSARA,2025Q3,2025Q2,2025Q1,2024Q3,2024Q2,,0.16,0.15,0.16,0.11,0.15,
IT,2025Q3,2025Q2,2025Q1,2024Q3,2024Q2,,0.11,0.13,0.08,0.09,0.1,
ITC,2025Q2,2025Q1,2024Q3,2024Q2,,,0.23,0.23,0.33,0.34,,
ITD,2025Q3,2025Q2,2025Q1,2024Q3,2024Q2,,-0.28,0.39,1.28,-0.53,-0.33,
ITEL,2025Q3,2025Q2,2025Q1,2024Q3,2024Q2,,-0.03,0.01,0.02,0.02,0.02,
ITNS,2025Q3,2025Q2,2025Q1,2024Q3,2024Q2,,0.06,0.04,0.03,0.05,0.01,
ITTHI,2025Q3,2025Q2,2025Q1,2024Q3,2024Q2,,0.02,0.03,0.04,0.02,0.02,
IVF,2025Q3,2025Q2,2025Q1,2024Q3,2024Q2,,-0.01,-0.01,-0.01,0.01,0.02,
IVL,2025Q3,2025Q2,2025Q1,2024Q3,2024Q2,,-0.19,-0.13,-0.27,0.2,-4.13,
J,2025Q3,2025Q2,2025Q1,2024Q3,2024Q2,,-0.08,-0.07,-0.02,0.01,0.09,
JAK,2025Q3,2025Q2,2025Q1,2024Q3,2024Q2,,0.03,0.02,0.01,0.01,0.01,
JAS,2025Q3,2025Q2,2025Q1,2024Q3,2024Q2,,0.22,-0.02,0.02,0.02,0.01,
JCK,2025Q3,2025Q2,2025Q1,2024Q3,2024Q2,,-0.05,-0.04,-0.04,-0.02,0.01,
JCT,2025Q3,2025Q2,2025Q1,2024Q3,2024Q2,,2.13,2.29,2.57,0.65,2.06,
JDF,2025Q3,2025Q2,2025Q1,2024Q3,2024Q2,,0.06,0.01,0.03,0.04,0.02,
JMART,2025Q3,2025Q2,2025Q1,2024Q3,2024Q2,,0.06,0.08,0.1,0.17,0.23,
JMT,2025Q3,2025Q2,2025Q1,2024Q3,2024Q2,,0.16,0.17,0.23,0.29,0.25,
JPARK,2025Q3,2025Q2,2025Q1,2024Q3,2024Q2,,0.03,0.05,0.06,0.23,0.06,
JR,2025Q3,2025Q2,2025Q1,2024Q3,2024Q2,,0.03,0.03,-0.0,0.04,0.0,
JSP,2025Q3,2025Q2,2025Q1,2024Q3,2024Q2,,0.03,0.06,0.02,0.07,0.03,
JTS,2025Q3,2025Q2,2025Q1,2024Q3,2024Q2,,0.01,0.0,0.16,0.18,0.27,
JUBILE,2025Q3,2025Q2,2025Q1,2024Q3,2024Q2,,0.1,0.1,0.15,0.14,0.22,
K,2025Q3,2025Q2,2025Q1,2024Q3,2024Q2,,0.02,-0.09,0.02,0.0,0.01,
KAMART,2025Q3,2025Q2,2025Q1,2024Q3,2024Q2,,0.14,0.11,0.16,0.14,0.04,
KASET,2025Q3,2025Q2,2025Q1,2024Q3,2024Q2,,-0.06,-0.06,-0.06,-0.07,-0.06,
KBANK,2025Q3,2025Q2,2025Q1,2024Q3,2024Q2,,5.35,5.27,5.67,5.05,5.44,
KBS,2025Q3,2025Q2,2025Q1,2024Q3,2024Q2,,-0.07,0.52,1.06,-0.09,0.56,
KC,2025Q3,2025Q2,2025Q1,2024Q3,2024Q2,,-0.0,-0.0,-0.0,-0.01,-0.01,
KCAR,2025Q3,2025Q2,2025Q1,2024Q3,2024Q2,,0.2,0.18,0.2,0.12,0.1,
KCC,2025Q3,2025Q2,2025Q1,2024Q3,2024Q2,,0.03,0.16,0.02,0.03,0.04,
KCE,2025Q3,2025Q2,2025Q1,2024Q3,2024Q2,,0.25,0.15,0.19,0.18,0.54,
KCG,2025Q3,2025Q2,2025Q1,2024Q3,2024Q2,,0.16,0.18,0.22,0.14,0.17,
KCM,2025Q3,2025Q2,2025Q1,2024Q3,2024Q2,,-0.01,-0.0,-0.0,-0.01,-0.01,
KDH,2025Q3,2025Q2,2025Q1,2024Q3,2024Q2,,2.41,2.03,2.09,2.49,1.63,
KGEN,2025Q3,2025Q2,2025Q1,2024Q3,2024Q2,,-0.02,-0.04,-0.02,-0.05,-0.03,
KGI,2025Q3,2025Q2,2025Q1,2024Q3,2024Q2,,0.18,0.07,0.1,0.1,0.06,
KIAT,2025Q3,2025Q2,2025Q1,2024Q3,2024Q2,,0.0,0.01,0.01,0.0,0.0,
KISS,2025Q3,2025Q2,2025Q1,2024Q3,2024Q2,,0.1,0.04,0.06,0.09,0.06,
KJL,2025Q3,2025Q2,2025Q1,2024Q3,2024Q2,,0.17,0.21,0.13,0.19,0.22,
KK,2025Q3,2025Q2,2025Q1,2024Q3,2024Q2,,0.01,0.01,0.01,0.01,0.01,
KKC,2024Q3,2024Q2,,,,,-0.21,-0.18,,,,
KKP,2025Q3,2025Q2,2025Q1,2024Q3,2024Q2,,2.02,1.7,1.28,1.55,0.91,
KLINIQ,2025Q3,2025Q2,2025Q1,2024Q3,2024Q2,,0.36,0.41,0.39,0.34,0.34,
KOOL,2025Q3,2025Q2,2025Q1,2024Q3,2024Q2,,0.0,0.0,0.01,0.0,0.01,
KPNREIT,2025Q3,2025Q2,2025Q1,2024Q3,2024Q2,,0.0,-0.06,0.03,0.03,0.03,
KSL,2025Q3,2025Q2,2025Q1,2024Q3,2024Q2,,0.01,0.03,0.03,0.04,0.07,
KTB,2025Q3,2025Q2,2025Q1,2024Q3,2024Q2,,1.05,0.8,0.84,0.84,0.84,
KTBSTMR,2025Q3,2025Q2,2025Q1,2024Q3,2024Q2,,0.08,0.15,0.15,0.22,0.18,
KTC,2025Q3,2025Q2,2025Q1,2024Q3,2024Q2,,0.76,0.73,0.72,0.74,0.71,
KTIS,2025Q2,2025Q1,2024Q4,2024Q2,,,0.1,-0.06,-0.26,0.04,,
KTMS,2025Q3,2025Q2,2025Q1,2024Q3,2024Q2,,0.04,0.03,0.04,0.01,0.02,
KUMWEL,2025Q3,2025Q2,2025Q1,2024Q3,2024Q2,,0.03,0.02,0.03,0.02,0.03,
KUN,2025Q3,2025Q2,2025Q1,2024Q3,2024Q2,,-0.0,0.03,-0.01,0.01,0.01,
KWC,2025Q3,2025Q2,2025Q1,2024Q3,2024Q2,,4.23,3.92,4.01,3.49,4.06,
KWI,2024Q3,2024Q2,,,,,-0.06,-0.12,,,,
KWM,2025Q3,2025Q2,2025Q1,2024Q3,2024Q2,,0.01,0.03,0.04,0.03,0.03,
KYE,2025Q3,2025Q2,2024Q4,2024Q3,2024Q2,,18.98,-0.23,18.63,13.1,3.12,
LALIN,2025Q3,2025Q2,2025Q1,2024Q3,2024Q2,,0.11,0.14,0.1,0.2,0.16,
LANNA,2025Q3,2025Q2,2025Q1,2024Q3,2024Q2,,0.19,0.34,0.46,0.56,0.92,
LDC,2025Q3,2025Q2,2025Q1,2024Q3,2024Q2,,-0.01,-0.01,-0.0,-0.0,0.0,
LEO,2025Q3,2025Q2,2025Q1,2024Q3,2024Q2,,0.01,0.02,0.03,0.04,0.04,
LH,2025Q3,2025Q2,2025Q1,2024Q3,2024Q2,,0.07,0.12,0.07,0.05,0.09,
LHFG,2025Q3,2025Q2,2025Q1,2024Q3,2024Q2,,0.04,0.03,0.03,0.03,0.02,
LHHOTEL,2025Q3,2025Q2,2025Q1,2024Q3,2024Q2,,0.39,0.32,0.43,0.52,0.51,
LHK,2025Q3,2025Q2,2024Q4,2024Q3,2024Q2,,0.06,0.07,0.07,0.06,0.08,
LHRREIT,2025Q3,2025Q2,2025Q1,2024Q3,2024Q2,,0.06,0.23,0.11,0.08,-0.45,
LHSC,2025Q3,2025Q2,2025Q1,2024Q3,2024Q2,,0.59,0.33,0.53,0.58,0.31,
LIT,2025Q3,2025Q2,2025Q1,2024Q3,2024Q2,,0.01,0.01,0.01,-0.88,-0.08,
LOXLEY,2025Q3,2025Q2,2025Q1,2024Q3,2024Q2,,0.06,0.03,0.03,0.0,0.0,
LPH,2025Q3,2025Q2,2025Q1,2024Q3,2024Q2,,0.08,0.08,0.05,0.06,0.02,
LPN,2025Q3,2025Q2,2025Q1,2024Q3,2024Q2,,0.04,0.01,0.01,0.03,0.07,
LRH,2025Q3,2025Q2,2025Q1,2024Q3,2024Q2,,-1.96,-0.75,4.08,2.05,0.09,
LST,2025Q3,2025Q2,2025Q1,2024Q3,2024Q2,,0.22,0.16,0.12,0.22,0.1,
LTMH,2025Q3,2025Q2,2025Q1,2024Q3,2024Q2,,0.04,0.04,0.01,0.04,0.03,
LTS,2025Q3,2025Q2,2025Q1,2024Q3,2024Q2,,-0.01,0.1,0.09,0.1,0.09,
M,2025Q3,2025Q2,2025Q1,2024Q3,2024Q2,,0.25,0.3,0.26,0.37,0.44,
M-CHAI,2025Q3,2025Q2,2025Q1,2024Q3,2024Q2,,0.63,0.27,0.12,0.4,-0.02,
MADAME,2025Q3,2025Q2,2025Q1,2024Q3,2024Q2,,-0.0,0.0,0.07,-0.03,0.0,
MAGURO,2025Q3,2025Q2,2025Q1,2024Q3,2024Q2,,0.3,0.25,0.26,0.23,0.12,
MAJOR,2025Q3,2025Q2,2025Q1,2024Q3,2024Q2,,0.17,0.16,0.04,0.06,0.28,
MALEE,2025Q3,2025Q2,2025Q1,2024Q3,2024Q2,,0.04,0.15,0.13,0.11,0.19,
MANRIN,2025Q3,2025Q2,2025Q1,2024Q3,2024Q2,,0.44,0.14,0.52,0.68,0.26,
MASTER,2025Q3,2025Q2,2025Q1,2024Q3,2024Q2,,0.14,0.17,0.18,0.35,0.28,
MATCH,2025Q3,2025Q2,2025Q1,2024Q3,2024Q2,,-0.02,-0.03,-0.02,-0.01,0.03,
MATI,2025Q3,2025Q2,2025Q1,2024Q3,2024Q2,,-0.09,-0.09,-0.18,-0.08,0.08,
MBAX,2025Q3,2025Q2,2025Q1,2024Q3,2024Q2,,0.06,0.03,0.04,-0.08,0.03,
MBK,2025Q3,2025Q2,2025Q1,2024Q3,2024Q2,,0.61,0.75,0.63,0.43,0.5,
MC,2025Q3,2025Q1,2024Q4,2024Q3,,,0.15,0.24,0.38,0.17,,
MCA,2025Q3,2025Q2,2025Q1,2024Q3,2024Q2,,0.03,0.02,0.03,0.02,0.03,
MCOT,2025Q3,2025Q2,2025Q1,2024Q3,2024Q2,,-0.04,-0.09,-0.12,-0.08,-0.1,
MCS,2025Q3,2025Q2,2025Q1,2024Q3,2024Q2,,0.49,0.5,0.46,0.31,0.24,
MDX,2025Q3,2025Q2,2025Q1,2024Q3,2024Q2,,0.4,0.12,0.18,0.26,0.07,
MEB,2025Q3,2025Q2,2025Q1,2024Q3,2024Q2,,0.34,0.34,0.38,0.35,0.39,
MEDEZE,2025Q3,2025Q2,2025Q1,2024Q3,2024Q2,,0.03,0.05,0.07,0.09,0.08,
MEGA,2025Q3,2025Q2,2025Q1,2024Q3,2024Q2,,0.57,0.45,0.52,0.44,0.59,
MENA,2025Q3,2025Q2,2025Q1,2024Q3,2024Q2,,0.02,0.02,0.02,0.03,0.02,
META,2025Q3,2025Q2,2025Q1,2024Q3,2024Q2,,-0.0,-0.01,-0.01,-0.01,-0.01,
METCO,2025Q2,2025Q1,2024Q4,2024Q2,,,11.36,9.9,15.48,8.48,,
MFC,2025Q3,2025Q2,2025Q1,2024Q3,2024Q2,,0.68,0.69,0.49,0.51,0.51,
MFEC,2025Q3,2025Q2,2025Q1,2024Q3,2024Q2,,0.17,0.08,0.14,0.21,0.2,
MGC,2025Q3,2025Q2,2025Q1,2024Q3,2024Q2,,0.23,0.05,0.05,0.01,0.04,
MGI,2025Q3,2025Q2,2025Q1,2024Q3,2024Q2,,0.21,0.01,0.42,0.04,0.28,
MGT,2025Q3,2025Q2,2025Q1,2024Q3,2024Q2,,0.05,0.06,0.07,0.04,0.07,
MICRO,2025Q3,2025Q1,2024Q3,2024Q2,,,0.01,0.01,-0.07,-0.02,,
MIDA,2025Q3,2025Q2,2025Q1,2024Q3,2024Q2,,-0.12,-0.03,0.01,-0.03,-0.03,
MII,2025Q3,2025Q2,2025Q1,2024Q3,2024Q2,,0.28,0.16,0.16,0.28,0.18,
MILL,2025Q3,2025Q2,2025Q1,2024Q3,2024Q2,,-0.02,-0.01,-0.04,-0.49,-0.25,
MINT,2025Q3,2025Q2,2025Q1,2024Q3,2024Q2,,0.38,0.47,-0.0,-0.06,0.42,
MIPF,2025Q3,2025Q2,2025Q1,2024Q3,2024Q2,,-0.0,0.17,0.19,0.04,0.14,
MITSIB,2025Q3,2025Q2,2025Q1,2024Q3,2024Q2,,0.02,0.01,0.01,0.0,-0.01,
MJD,2025Q3,2025Q2,2025Q1,2024Q3,2024Q2,,-0.43,-0.3,-0.12,-0.18,-0.13,
MJLF,2025Q3,2025Q2,2025Q1,2024Q3,2024Q2,,0.22,0.21,0.52,0.17,0.19,
MK,2025Q3,2025Q2,2025Q1,2024Q3,2024Q2,,-0.1,-0.03,-0.09,-0.1,-0.05,
ML,2025Q3,2025Q2,2025Q1,2024Q3,2024Q2,,-0.02,-0.01,0.0,-0.01,-0.01,
MMM,2025Q3,2024Q3,,,,,0.12,0.06,,,,
MNIT,2025Q3,2025Q2,2025Q1,2024Q3,2024Q2,,0.03,0.05,0.04,0.01,0.08,
MODERN,2025Q3,2025Q2,2025Q1,2024Q3,2024Q2,,0.02,0.01,0.01,0.08,0.1,
MONO,2025Q3,2025Q2,2025Q1,2024Q3,2024Q2,,-0.04,0.0,0.0,-0.01,-0.0,
MOONG,2025Q3,2025Q2,2025Q1,2024Q3,2024Q2,,0.06,0.02,0.04,0.02,0.04,
MORE,2025Q3,2025Q2,2025Q1,2024Q3,2024Q2,,0.0,-0.0,-0.0,0.0,-0.01,
MOSHI,2025Q3,2025Q2,2025Q1,2024Q3,2024Q2,,0.42,0.41,0.47,0.33,0.25,
MOTHER,2025Q3,2025Q2,2025Q1,2024Q3,2024Q2,,0.01,0.01,0.04,0.01,0.01,
MPJ,2025Q3,2025Q2,2025Q1,2024Q3,2024Q2,,0.16,0.15,0.15,0.16,0.13,
MSC,2025Q3,2025Q2,2025Q1,2024Q3,2024Q2,,0.05,0.05,0.32,0.07,0.12,
MST,2025Q3,2025Q2,2025Q1,2024Q3,2024Q2,,0.11,0.0,0.23,0.26,0.08,
MTC,2025Q3,2025Q2,2025Q1,2024Q3,2024Q2,,0.81,0.78,0.74,0.7,0.68,
MTI,2025Q3,2025Q2,2025Q1,2024Q3,2024Q2,,0.53,0.66,0.32,0.69,0.8,
MTW,2025Q3,2025Q2,2025Q1,2024Q3,2024Q2,,-0.02,-0.01,0.0,-0.02,-0.01,
MUD,2025Q3,2025Q2,2025Q1,2024Q3,2024Q2,,-0.24,-0.06,-0.03,-0.09,-0.05,
MVP,2025Q3,2025Q2,2025Q1,2024Q3,2024Q2,,-0.19,-0.03,-0.12,-0.06,0.03,
NAM,2025Q3,2025Q2,2025Q1,2024Q3,2024Q2,,0.03,0.02,0.09,0.1,0.06,
NAT,2025Q3,2025Q2,2025Q1,2024Q3,2024Q2,,0.01,-0.0,0.0,0.13,0.17,
NATION,2025Q3,2025Q2,2025Q1,2024Q3,2024Q2,,-0.0,-0.0,-0.0,-0.0,-0.02,
NC,2025Q3,2025Q2,2025Q1,2024Q3,2024Q2,,-0.02,0.03,0.0,-0.01,-0.01,
NCAP,2025Q3,2025Q2,2025Q1,2024Q3,2024Q2,,0.11,0.11,0.1,0.05,0.04,
NCH,2025Q3,2025Q2,2025Q1,2024Q3,2024Q2,,-0.02,-0.02,-0.02,-0.0,-0.0,
NCL,2025Q3,2025Q2,2025Q1,2024Q3,2024Q2,,0.0,0.0,-0.04,-0.3,-0.08,
NCP,2025Q3,2025Q2,2025Q1,2024Q3,2024Q2,,0.03,0.03,0.03,0.03,0.03,
NDR,2025Q3,2025Q2,2025Q1,2024Q3,2024Q2,,0.01,0.0,0.01,0.01,0.01,
NEO,2025Q3,2025Q2,2025Q1,2024Q3,2024Q2,,0.2,0.27,0.85,0.77,0.9,
NEP,2025Q3,2025Q2,2025Q1,2024Q3,2024Q2,,0.0,-0.0,0.0,0.0,0.0,
NER,2025Q3,2025Q2,2025Q1,2024Q3,2024Q2,,0.18,0.3,0.33,0.2,0.26,
NETBAY,2025Q3,2025Q2,2025Q1,2024Q3,2024Q2,,0.32,0.38,0.35,0.26,0.27,
NEW,2025Q3,2025Q2,2025Q1,2024Q3,2024Q2,,1.88,1.04,0.55,1.66,0.84,
NEX,2025Q3,2025Q2,2025Q1,2024Q3,2024Q2,,-0.01,0.05,-0.04,-0.09,-0.26,
NFC,2025Q3,2025Q2,2025Q1,2024Q3,2024Q2,,0.02,0.02,0.01,0.02,0.01,
NKI,2025Q3,2025Q2,2025Q1,2024Q3,2024Q2,,0.78,-1.87,-9.15,-0.74,-0.01,
NKT,2025Q3,2025Q2,2025Q1,2024Q3,2024Q2,,0.12,0.08,0.1,0.16,0.1,
NL,2025Q3,2025Q2,2025Q1,2024Q3,2024Q2,,-0.02,-0.04,0.01,0.0,0.01,
NNCL,2025Q3,2025Q2,2025Q1,2024Q3,2024Q2,,0.06,0.02,0.04,0.03,0.05,
NOBLE,2025Q3,2025Q2,2025Q1,2024Q3,2024Q2,,0.5,-0.04,0.06,-0.0,0.09,
NOVA,2025Q3,2025Q2,2025Q1,2024Q3,2024Q2,,0.16,0.18,-0.02,-0.02,-0.08,
NPK,2025Q3,2025Q2,2025Q1,2024Q3,2024Q2,,0.94,1.33,0.67,0.3,-0.48,
NRF,2025Q2,2025Q1,2024Q3,2024Q2,,,-0.06,-0.13,0.01,0.0,,
NSL,2025Q3,2025Q2,2025Q1,2024Q3,2024Q2,,0.42,0.55,0.57,0.45,0.44,
NTF,2025Q3,2025Q2,2024Q3,2024Q2,,,0.19,0.76,0.07,0.17,,
NTSC,2025Q3,2025Q2,2025Q1,2024Q3,2024Q2,,0.26,0.23,0.21,0.18,0.16,
NTV,2025Q3,2025Q2,2025Q1,2024Q3,2024Q2,,0.47,0.35,0.48,0.79,0.47,
NUT,2025Q3,2025Q2,2025Q1,2024Q3,2024Q2,,0.07,0.12,0.24,0.11,0.06,
NV,2025Q3,2025Q2,2025Q1,2024Q3,2024Q2,,-0.04,-0.02,-0.02,-0.09,-0.05,
NVD,2025Q3,2025Q2,2025Q1,2024Q3,2024Q2,,0.03,-0.02,0.01,0.0,0.0,
NWR,2025Q3,2025Q2,2025Q1,2024Q3,2024Q2,,-0.06,-0.0,0.1,-0.43,-0.33,
NYT,2025Q3,2025Q2,2025Q1,2024Q3,2024Q2,,0.08,0.08,0.08,0.08,0.08,
OCC,2025Q3,2025Q2,2025Q1,2024Q3,2024Q2,,-0.02,-0.07,0.27,-0.02,0.18,
OGC,2025Q3,2025Q2,2025Q1,2024Q3,2024Q2,,0.07,-1.34,-1.34,-3.1,-2.14,
OHTL,2025Q3,2025Q2,2025Q1,2024Q3,2024Q2,,-1.72,-1.44,12.84,3.78,2.37,
OKJ,2025Q3,2025Q2,2025Q1,2024Q3,2024Q2,,0.03,0.04,0.1,0.1,0.1,
ONEE,2025Q3,2025Q2,2025Q1,2024Q3,2024Q2,,0.09,0.04,-0.01,0.07,0.05,
OR,2025Q3,2025Q2,2025Q1,2024Q3,2024Q2,,0.22,0.19,0.36,-0.13,0.21,
ORI,2025Q3,2025Q2,2025Q1,2024Q3,2024Q2,,0.07,0.13,0.05,0.16,0.18,
ORN,2025Q3,2025Q2,2025Q1,2024Q3,2024Q2,,0.05,0.02,0.03,0.04,-0.0,
OSP,2025Q3,2025Q2,2025Q1,2024Q3,2024Q2,,0.23,0.34,0.42,-0.12,0.2,
PACO,2025Q3,2025Q2,2025Q1,2024Q3,2024Q2,,0.02,0.03,0.04,0.02,0.04,
PAF,2025Q3,2025Q2,2025Q1,2024Q3,2024Q2,,0.01,0.02,0.02,-0.02,-0.01,
PANEL,2025Q3,2025Q2,2025Q1,2024Q3,2024Q2,,0.03,0.02,0.02,0.02,0.01,
PAP,2025Q3,2025Q2,2025Q1,2024Q3,2024Q2,,0.03,0.04,0.08,-0.24,-0.04,
PATO,2025Q3,2025Q2,2025Q1,2024Q3,2024Q2,,0.11,0.15,0.12,0.2,0.15,
PB,2025Q3,2025Q2,2025Q1,2024Q3,2024Q2,,0.69,0.64,0.76,0.92,0.83,
PCC,2025Q3,2025Q2,2025Q1,2024Q3,2024Q2,,0.08,0.14,0.08,0.08,0.07,
PCE,2025Q3,2025Q2,2025Q1,2024Q3,2024Q2,,0.03,0.05,0.01,0.09,0.04,
PCSGH,2025Q3,2025Q2,2025Q1,2024Q3,2024Q2,,0.09,0.08,0.12,0.05,0.1,
PDG,2025Q3,2025Q2,2025Q1,2024Q3,2024Q2,,0.07,0.06,0.08,0.05,0.06,
PDJ,2025Q3,2025Q2,2025Q1,2024Q3,2024Q2,,-0.22,-0.14,-0.12,-0.15,0.09,
PEACE,2025Q3,2025Q2,2025Q1,2024Q3,2024Q2,,-0.03,-0.0,0.01,0.02,0.04,
PEER,2025Q3,2025Q2,2025Q1,2024Q3,2024Q2,,-0.16,-0.09,-0.06,0.1,-0.09,
PERM,2025Q3,2025Q2,2025Q1,2024Q3,2024Q2,,-0.04,-0.02,-0.07,-0.12,-0.1,
PF,2025Q3,2025Q2,2025Q1,2024Q3,2024Q2,,-0.05,-0.06,-0.03,-0.04,-0.02,
PG,2025Q3,2025Q2,2025Q1,2024Q3,2024Q2,,0.07,-0.17,-0.03,0.21,-0.13,
PHG,2025Q3,2025Q2,2025Q1,2024Q3,2024Q2,,0.27,0.29,0.26,0.3,0.12,
PHOL,2025Q3,2025Q2,2025Q1,2024Q3,2024Q2,,0.1,0.07,0.08,0.1,0.08,
PICO,2025Q3,2025Q2,2025Q1,2024Q3,2024Q2,,0.06,-0.14,0.04,0.06,0.0,
PIMO,2025Q3,2025Q2,2025Q1,2024Q3,2024Q2,,0.03,0.02,0.03,0.02,0.04,
PIN,2025Q3,2025Q2,2025Q1,2024Q3,2024Q2,,0.05,0.15,0.05,0.41,0.36,
PIS,2025Q3,2025Q2,2025Q1,2024Q3,2024Q2,,0.15,0.15,0.14,0.04,0.04,
PJW,2025Q3,2025Q2,2025Q1,2024Q3,2024Q2,,0.07,0.06,0.09,0.04,0.02,
PK,2025Q3,2025Q2,2025Q1,2024Q3,2024Q2,,-0.06,-0.03,0.07,-0.11,0.03,
PL,2025Q3,2025Q2,2025Q1,2024Q3,2024Q2,,0.02,0.05,0.02,0.01,0.02,
PLANB,2025Q3,2025Q2,2025Q1,2024Q3,2024Q2,,0.06,0.06,0.04,0.07,0.06,
PLANET,2025Q3,2025Q2,2025Q1,2024Q3,2024Q2,,-0.01,-0.04,-0.04,-0.05,-0.07,
PLAT,2025Q3,2025Q2,2025Q1,2024Q3,2024Q2,,0.03,0.03,0.05,0.04,0.03,
PLE,2025Q3,2025Q2,2025Q1,2024Q3,2024Q2,,-0.04,0.05,0.0,-0.17,-0.17,
PLT,2025Q3,2025Q2,2025Q1,2024Q3,2024Q2,,0.02,0.02,0.01,0.02,0.02,
PLUS,2025Q3,2025Q2,2025Q1,2024Q3,2024Q2,,-0.02,0.03,-0.07,0.03,0.05,
PM,2025Q3,2025Q2,2025Q1,2024Q3,2024Q2,,0.27,0.29,0.29,0.38,0.19,
PMC,2025Q3,2025Q2,2025Q1,2024Q3,2024Q2,,0.05,0.03,0.04,0.03,0.03,
PMTA,2025Q3,2025Q2,2025Q1,2024Q3,2024Q2,,0.28,0.61,0.24,0.44,0.5,
POLY,2025Q3,2025Q2,2025Q1,2024Q3,2024Q2,,0.17,0.11,0.17,0.13,0.11,
PORT,2025Q3,2025Q2,2025Q1,2024Q3,2024Q2,,-0.01,0.01,-0.01,-0.0,0.01,
PPM,2025Q3,2025Q2,2025Q1,2024Q3,2024Q2,,0.09,-0.02,0.1,0.02,0.06,
PPP,2025Q3,2025Q2,2025Q1,2024Q3,2024Q2,,-0.01,-0.11,-0.03,-0.04,-0.05,
PPPM,2025Q3,2025Q2,2025Q1,2024Q3,2024Q2,,-0.07,-0.06,0.07,-0.11,-0.08,
PPS,2025Q3,2025Q2,2025Q1,2024Q3,2024Q2,,-0.01,-0.01,-0.0,-0.0,-0.01,
PQS,2025Q3,2025Q2,2025Q1,2024Q3,2024Q2,,-0.12,-0.04,0.08,0.12,-0.0,
PR9,2025Q3,2025Q2,2025Q1,2024Q3,2024Q2,,0.28,0.23,0.25,0.26,0.18,
PRAKIT,2025Q3,2025Q2,2025Q1,2024Q3,2024Q2,,-0.1,-0.16,-0.22,-0.23,-0.27,
PRAPAT,2025Q3,2025Q2,2025Q1,2024Q3,2024Q2,,0.02,0.01,0.02,0.04,0.02,
PREB,2025Q3,2025Q2,2025Q1,2024Q3,2024Q2,,0.11,0.1,0.06,0.06,0.28,
PRECHA,2025Q3,2025Q2,2025Q1,2024Q3,2024Q2,,-0.02,-0.03,-0.03,-0.03,-0.03,
PRG,2025Q3,2025Q2,2025Q1,2024Q3,2024Q2,,0.39,0.39,0.0,0.33,0.31,
PRI,2025Q3,2025Q2,2025Q1,2024Q3,2024Q2,,0.21,0.16,0.12,0.22,0.22,
PRIME,2025Q3,2025Q2,2025Q1,2024Q3,2024Q2,,-0.02,-0.01,-0.0,-0.02,-0.01,
PRIN,2025Q3,2025Q2,2025Q1,2024Q3,2024Q2,,0.01,0.02,-0.02,0.02,0.01,
PRINC,2025Q3,2025Q2,2025Q1,2024Q3,2024Q2,,-0.02,-0.04,-0.03,0.2,-0.04,
PRM,2025Q3,2025Q2,2025Q1,2024Q3,2024Q2,,0.25,0.2,0.31,0.19,0.27,
PROEN,2025Q3,2025Q2,2025Q1,2024Q3,2024Q2,,0.0,0.09,-0.04,-0.05,-0.05,
PROS,2025Q3,2025Q2,2025Q1,2024Q3,2024Q2,,-0.01,0.01,0.01,0.01,0.02,
PROSPECT,2025Q3,2025Q2,2025Q1,2024Q3,2024Q2,,0.24,0.15,0.2,0.23,0.22,
PROUD,2025Q3,2025Q2,2025Q1,2024Q3,2024Q2,,0.06,0.03,0.07,0.0,0.01,
PRTR,2025Q3,2025Q2,2025Q1,2024Q3,2024Q2,,0.1,0.1,0.09,0.1,0.09,
PSGC,2025Q3,2025Q2,2025Q1,2024Q3,2024Q2,,0.04,0.0,0.01,0.0,0.01,
PSH,2025Q3,2025Q2,2025Q1,2024Q3,2024Q2,,0.05,0.03,0.01,0.17,0.14,
PSL,2025Q2,2025Q1,2024Q3,2024Q2,,,-0.03,-0.09,0.18,0.34,,
PSP,2025Q3,2025Q2,2025Q1,2024Q3,2024Q2,,0.15,0.19,0.19,0.08,0.14,
PSTC,2025Q3,2025Q2,2025Q1,2024Q3,2024Q2,,-0.03,-0.03,-0.04,-0.07,-0.01,
PT,2025Q3,2025Q2,2025Q1,2024Q3,2024Q2,,0.35,0.12,0.2,0.23,0.32,
PTC,2025Q3,2025Q2,2025Q1,2024Q3,2024Q2,,0.0,0.0,0.01,0.03,0.04,
PTECH,2025Q3,2025Q2,2025Q1,2024Q3,2024Q2,,-2.41,-0.58,-0.52,-0.54,-0.47,
PTG,2025Q3,2025Q2,2025Q1,2024Q3,2024Q2,,0.12,0.19,0.11,0.04,0.28,
PTL,2025Q3,2025Q2,2024Q4,2024Q3,2024Q2,,0.05,-0.4,0.38,0.68,0.39,
PTT,2025Q3,2025Q2,2025Q1,2024Q3,2024Q2,,0.69,0.76,0.81,0.57,1.25,
PTTEP,2025Q2,2025Q1,2024Q3,2024Q2,,,3.41,4.17,4.5,6.04,,
PTTGC,2025Q3,2025Q2,2025Q1,2024Q3,2024Q2,,-0.73,-0.85,-0.61,-4.28,0.41,
PYLON,2025Q3,2025Q2,2025Q1,2024Q3,2024Q2,,0.08,0.08,0.02,0.02,-0.01,
Q-CON,2025Q3,2025Q2,2025Q1,2024Q3,2024Q2,,0.12,0.13,0.22,0.24,0.27,
QDC,2025Q3,2025Q2,2025Q1,2024Q3,2024Q2,,-0.12,-0.19,-0.12,-0.08,-0.15,
QH,2025Q3,2025Q2,2025Q1,2024Q3,2024Q2,,0.04,0.03,0.04,0.05,0.05,
QHBREIT,2025Q3,2025Q2,2025Q1,2024Q4,2024Q3,,0.05,0.07,0.04,-0.07,0.07,
QHHRREIT,2025Q3,2025Q2,2025Q1,2024Q3,,,-0.1,0.98,0.14,1.0,,
QHOP,2025Q3,2025Q2,2025Q1,2024Q3,2024Q2,,0.12,0.04,0.06,0.07,0.01,
QLT,2025Q3,2025Q2,2025Q1,2024Q3,2024Q2,,-0.01,-0.0,-0.02,-0.09,0.04,
QTC,2025Q3,2025Q2,2025Q1,2024Q3,2024Q2,,-0.01,-0.03,0.01,0.03,0.03,
QTCG,2025Q3,2025Q2,2025Q1,2024Q3,2024Q2,,-0.02,0.01,-0.01,-0.42,-0.06,
RABBIT,2025Q3,2025Q2,2025Q1,2024Q3,2024Q2,,-0.0,-0.01,0.01,-0.06,-0.0,
RAM,2025Q3,2025Q2,2025Q1,2024Q3,2024Q2,,0.23,0.22,0.29,0.28,0.24,
RATCH,2025Q3,2025Q2,2025Q1,2024Q3,2024Q2,,1.0,0.95,0.56,0.76,1.05,
RBF,2025Q3,2025Q2,2025Q1,2024Q3,2024Q2,,0.05,0.05,0.05,0.05,0.05,
RCL,2025Q3,2025Q2,2025Q1,2024Q3,2024Q2,,2.78,2.42,2.48,4.94,1.39,
READY,2025Q3,2025Q2,2025Q1,2024Q3,2024Q2,,0.07,0.07,0.09,0.08,0.09,
RICHY,2025Q3,2025Q2,2025Q1,2024Q3,2024Q2,,-0.03,-0.04,-0.01,-0.05,-0.02,
RJH,2025Q3,2025Q2,2025Q1,2024Q3,2024Q2,,0.28,0.21,0.21,0.71,0.4,
RML,2025Q3,2025Q2,2025Q1,2024Q3,2024Q2,,-0.04,-0.04,-0.02,-0.03,-0.08,
ROCK,2025Q3,2025Q2,2025Q1,2024Q3,2024Q2,,0.42,0.65,-0.38,0.41,0.07,
ROCTEC,2025Q3,2025Q2,2024Q4,2024Q3,2024Q2,,0.02,0.02,0.01,0.01,0.01,
ROH,2025Q3,2025Q2,2025Q1,2024Q3,2024Q2,,-0.02,-0.02,0.05,-0.02,-0.05,
ROJNA,2025Q3,2025Q2,2025Q1,2024Q3,2024Q2,,0.34,-0.19,-0.21,1.12,0.31,
RP,2025Q3,2025Q2,2025Q1,2024Q3,2024Q2,,-0.04,-0.01,-0.03,-0.02,-0.07,
RPC,2025Q3,2025Q2,2025Q1,2024Q3,2024Q2,,0.0,0.0,-0.02,-0.01,-0.02,
RPH,2025Q3,2025Q2,2025Q1,2024Q3,2024Q2,,0.11,0.07,0.08,0.12,0.06,
RS,2025Q3,2025Q2,2025Q1,2024Q3,2024Q2,,-0.06,-0.1,-0.13,0.08,-0.04,
RSP,2025Q3,2025Q2,2025Q1,2024Q3,2024Q2,,0.02,-0.02,0.0,0.06,0.02,
RT,2025Q3,2025Q2,2025Q1,2024Q3,2024Q2,,0.03,0.01,-0.07,0.0,0.01,
RWI,2025Q3,2025Q2,2025Q1,2024Q3,2024Q2,,0.0,-0.05,-0.04,0.0,0.1,
S,2025Q3,2025Q2,2025Q1,2024Q3,2024Q2,,0.01,-0.01,0.0,0.0,-0.01,
S11,2025Q3,2025Q2,2025Q1,2024Q3,2024Q2,,0.15,0.14,0.15,0.1,-0.05,
SA,2025Q3,2025Q2,2025Q1,2024Q3,2024Q2,,0.01,0.01,0.06,0.09,0.05,
SAAM,2025Q3,2025Q2,2025Q1,2024Q3,2024Q2,,0.01,-0.06,0.02,0.01,0.02,
SABINA,2025Q3,2025Q2,2025Q1,2024Q3,2024Q2,,0.28,0.29,0.3,0.32,0.34,
SAF,2025Q3,2025Q2,2025Q1,2024Q3,2024Q2,,-0.0,-0.0,-0.0,-0.0,-0.0,
SAFE,2025Q3,2025Q2,2025Q1,2024Q3,2024Q2,,0.11,0.11,0.11,0.1,0.15,
SAK,2025Q3,2025Q2,2025Q1,2024Q3,2024Q2,,0.11,0.1,0.11,0.1,0.1,
SALEE,2025Q3,2025Q2,2025Q1,2024Q3,2024Q2,,0.0,0.01,0.01,0.0,0.0,
SAM,2025Q3,2025Q2,2025Q1,2024Q3,2024Q2,,-0.02,0.0,-0.08,-0.06,0.02,
SAMART,2025Q3,2025Q2,2025Q1,2024Q3,2024Q2,,0.09,0.16,0.06,0.09,-0.18,
SAMCO,2025Q3,2025Q2,2025Q1,2024Q3,2024Q2,,-0.03,-0.01,-0.01,-0.02,-0.04,
SAMTEL,2025Q3,2025Q2,2025Q1,2024Q3,2024Q2,,-0.07,0.05,0.09,0.03,0.02,
SANKO,2025Q3,2025Q2,2025Q1,2024Q3,2024Q2,,0.06,0.04,0.04,0.07,0.05,
SAPPE,2025Q3,2025Q2,2025Q1,2024Q3,2024Q2,,0.59,0.81,0.73,0.97,1.33,
SAT,2025Q3,2025Q2,2025Q1,2024Q3,2024Q2,,0.46,0.35,0.44,0.37,0.33,
SAUCE,2025Q3,2025Q2,2025Q1,2024Q3,2024Q2,,0.53,0.47,0.58,0.47,0.5,
SAV,2025Q3,2025Q2,2025Q1,2024Q3,2024Q2,,0.2,0.2,0.22,0.2,0.18,
SAWAD,2025Q3,2025Q2,2025Q1,2024Q3,2024Q2,,0.8,0.76,0.66,0.78,0.76,
SAWANG,2025Q3,2025Q2,2025Q1,2024Q3,2024Q2,,-0.23,-0.33,-0.34,-0.25,-0.11,
SC,2025Q3,2025Q2,2025Q1,2024Q3,2024Q2,,0.09,0.1,0.03,0.12,0.12,
SCAP,2025Q3,2025Q2,2025Q1,2024Q3,2024Q2,,0.04,0.03,0.03,0.03,0.03,
SCB,2025Q3,2025Q2,2025Q1,2024Q3,2024Q2,,3.58,3.8,3.71,3.25,2.97,
SCC,2025Q3,2025Q2,2025Q1,2024Q3,2024Q2,,-0.56,14.45,0.92,0.6,3.09,
SCCC,2025Q3,2025Q2,2025Q1,2024Q3,2024Q2,,3.04,3.22,3.44,2.65,2.93,
SCG,2025Q3,2025Q2,2025Q1,2024Q3,2024Q2,,-0.01,-0.06,-0.02,-0.02,0.0,
SCGD,2025Q3,2025Q2,2025Q1,2024Q3,2024Q2,,0.18,0.13,0.13,0.11,0.17,
SCGP,2025Q2,2025Q1,2024Q3,2024Q2,,,0.24,0.21,0.13,0.34,,
SCI,2025Q3,2025Q2,2025Q1,2024Q3,2024Q2,,0.0,0.0,0.0,-0.06,-0.02,
SCL,2025Q3,2025Q2,2025Q1,2024Q3,2024Q2,,0.07,0.04,0.05,0.06,0.04,
SCM,2025Q3,2025Q2,2025Q1,2024Q3,2024Q2,,-0.04,-0.05,-0.07,0.02,0.02,
SCN,2025Q3,2025Q2,2025Q1,2024Q3,2024Q2,,-0.1,0.01,0.0,-0.2,0.01,
SCP,2025Q3,2025Q2,2025Q1,2024Q3,2024Q2,,0.34,0.36,0.29,0.34,0.2,
SDC,2025Q3,2025Q2,2025Q1,2024Q3,2024Q2,,0.0,0.0,0.0,0.0,-0.0,
SE,2025Q3,2025Q2,2025Q1,2024Q3,2024Q2,,0.02,0.01,0.01,0.01,0.01,
SE-ED,2025Q3,2025Q2,2025Q1,2024Q3,2024Q2,,-0.09,0.1,-0.02,-0.06,0.07,
SEAFCO,2025Q3,2025Q2,2025Q1,2024Q3,2024Q2,,0.11,0.05,-0.08,-0.01,0.01,
SEAOIL,2025Q3,2025Q2,2025Q1,2024Q3,2024Q2,,0.08,0.08,0.12,0.14,0.14,
SECURE,2025Q3,2025Q2,2025Q1,2024Q3,2024Q2,,0.26,0.31,0.28,0.1,0.17,
SEI,2025Q3,2025Q2,2025Q1,2024Q3,2024Q2,,0.06,0.05,0.13,0.15,0.09,
SELIC,2025Q3,2025Q2,2025Q1,2024Q3,2024Q2,,0.06,0.05,0.06,0.03,0.05,
SENA,2025Q3,2025Q2,2025Q1,2024Q3,2024Q2,,0.05,0.07,0.08,0.08,0.05,
SENX,2025Q3,2025Q2,2025Q1,2024Q3,2024Q2,,0.01,0.01,0.0,0.0,0.01,
SFLEX,2025Q3,2025Q2,2025Q1,2024Q3,2024Q2,,0.08,0.07,0.08,0.1,0.08,
SFT,2025Q3,2025Q2,2025Q1,2024Q3,2024Q2,,0.05,0.03,0.04,-0.0,0.03,
SGC,2025Q3,2025Q2,2025Q1,2024Q3,2024Q2,,0.02,0.02,0.01,0.01,0.01,
SGF,2025Q3,2025Q2,2025Q1,2024Q3,2024Q2,,-0.01,-0.06,-0.02,-0.04,-0.03,
SGP,2025Q3,2025Q2,2025Q1,2024Q3,2024Q2,,-0.12,-0.3,0.07,0.23,-0.01,
SHANG,2025Q3,2025Q2,2025Q1,2024Q3,2024Q2,,0.67,-0.31,1.23,0.27,0.69,
SHR,2025Q3,2025Q2,2025Q1,2024Q3,2024Q2,,0.04,0.01,0.05,-0.02,-0.02,
SIAM,2025Q3,2025Q2,2025Q1,2024Q3,2024Q2,,0.01,0.02,-0.0,0.02,-0.1,
SICT,2025Q3,2025Q2,2025Q1,2024Q3,2024Q2,,0.03,0.07,0.07,0.0,0.09,
SIMAT,2025Q3,2025Q2,2025Q1,2024Q3,2024Q2,,0.03,0.03,0.04,0.02,0.02,
SINGER,2025Q3,2025Q2,2025Q1,2024Q3,2024Q2,,0.07,0.02,0.02,0.01,0.03,
SINO,2025Q3,2025Q2,2025Q1,2024Q3,2024Q2,,0.02,0.01,0.02,0.04,0.01,
SIRI,2025Q3,2025Q2,2025Q1,2024Q3,2024Q2,,0.05,0.06,0.04,0.07,0.08,
SIRIPRT,2025Q3,2025Q2,2025Q1,2024Q4,,,0.11,0.11,0.11,0.2,,
SIS,2025Q3,2025Q2,2025Q1,2024Q3,2024Q2,,0.62,0.55,0.58,0.34,0.48,
SISB,2025Q3,2025Q2,2025Q1,2024Q3,2024Q2,,0.3,0.24,0.25,0.23,0.22,
SITHAI,2025Q3,2025Q2,2025Q1,2024Q3,2024Q2,,0.02,0.01,0.02,0.02,0.04,
SJWD,2025Q3,2025Q2,2025Q1,2024Q3,2024Q2,,0.14,0.16,0.2,0.14,0.28,
SK,2025Q3,2025Q2,2025Q1,2024Q3,2024Q2,,0.03,0.01,0.01,0.05,0.01,
SKE,2025Q3,2025Q2,2025Q1,2024Q3,2024Q2,,-0.04,-0.04,-0.03,0.02,-0.01,
SKIN,2025Q3,2024Q3,,,,,0.0,-0.01,,,,
SKN,2025Q3,2025Q2,2025Q1,2024Q3,2024Q2,,0.15,0.14,0.17,0.16,0.18,
SKR,2025Q3,2025Q2,2025Q1,2024Q3,2024Q2,,0.09,0.1,0.1,0.12,0.08,
SKY,2025Q3,2025Q2,2025Q1,2024Q3,2024Q2,,0.25,0.24,0.25,0.16,0.16,
SLP,2025Q3,2025Q2,2025Q1,2024Q3,2024Q2,,0.0,0.01,0.01,0.01,0.01,
SMART,2025Q3,2025Q2,2025Q1,2024Q3,2024Q2,,0.01,0.0,0.01,0.02,0.03,
SMD100,2025Q3,2025Q2,2025Q1,2024Q3,2024Q2,,0.14,-0.07,-0.13,0.14,0.03,
SMIT,2025Q3,2025Q2,2025Q1,2024Q3,2024Q2,,0.09,0.07,0.08,0.08,0.06,
SMO,2025Q3,2025Q2,2024Q3,2024Q2,,,0.15,0.69,0.19,0.21,,
SMPC,2025Q3,2025Q2,2025Q1,2024Q3,2024Q2,,0.24,0.39,0.27,0.19,0.37,
SMT,2025Q3,2025Q2,2025Q1,2024Q3,2024Q2,,-0.06,-0.06,0.05,-0.09,-0.08,
SNC,2025Q3,2025Q2,2025Q1,2024Q3,2024Q2,,0.43,0.14,1.06,-0.3,0.02,
SNNP,2025Q3,2025Q2,2025Q1,2024Q3,2024Q2,,0.14,0.14,0.18,0.17,0.17,
SNP,2025Q3,2025Q2,2025Q1,2024Q3,2024Q2,,0.16,0.07,0.09,0.23,0.17,
SNPS,2025Q3,2025Q2,2025Q1,2024Q3,2024Q2,,0.07,0.07,0.05,0.06,0.05,
SO,2025Q3,2025Q2,2025Q1,2024Q3,2024Q2,,0.09,0.18,0.11,0.09,0.05,
SOLAR,2025Q3,2025Q2,2025Q1,2024Q3,2024Q2,,-0.04,-0.04,-0.06,0.09,-0.05,
SONIC,2025Q3,2025Q2,2025Q1,2024Q3,2024Q2,,0.04,0.03,0.04,0.04,0.06,
SORKON,2025Q3,2025Q2,2025Q1,2024Q3,2024Q2,,-0.05,0.12,0.18,0.11,0.16,
SPA,2025Q3,2025Q2,2025Q1,2024Q3,2024Q2,,0.04,0.03,0.04,0.06,0.05,
SPACK,2025Q3,2025Q2,2025Q1,2024Q3,2024Q2,,0.05,0.0,0.03,0.09,0.04,
SPALI,2025Q3,2025Q2,2025Q1,2024Q3,2024Q2,,0.62,0.57,0.21,1.02,0.82,
SPC,2025Q3,2025Q2,2025Q1,2024Q3,2024Q2,,-0.33,2.51,2.04,1.3,3.2,
SPCG,2025Q3,2025Q2,2025Q1,2024Q3,2024Q2,,0.07,0.09,0.13,0.06,0.16,
SPG,2025Q3,2025Q2,2025Q1,2024Q3,2024Q2,,0.14,0.28,0.28,0.15,0.19,
SPI,2025Q3,2025Q2,2025Q1,2024Q3,2024Q2,,0.4,0.45,1.56,0.58,1.79,
SPRC,2025Q3,2025Q2,2025Q1,2024Q3,2024Q2,,0.36,-0.19,0.16,-0.51,0.08,
SPREME,2025Q3,2025Q2,2025Q1,2024Q3,2024Q2,,0.03,0.04,0.03,0.09,0.04,
SPRIME,2025Q3,2025Q2,2025Q1,2024Q3,2024Q2,,0.14,0.13,0.13,0.15,0.14,
SPTX,2025Q3,2025Q2,2025Q1,2024Q3,2024Q2,,-0.0,-0.0,-0.0,-0.0,-0.0,
SPVI,2025Q3,2025Q2,2025Q1,2024Q3,2024Q2,,0.08,0.05,0.05,0.01,0.04,
SQ,2025Q3,2025Q2,2025Q1,2024Q3,2024Q2,,-0.09,-0.05,0.01,-0.11,-0.02,
SR,2025Q3,2025Q2,2025Q1,2024Q3,2024Q2,,-0.02,-0.02,-0.02,-0.01,0.03,
SRICHA,2025Q3,2025Q2,2025Q1,2024Q3,2024Q2,,1.29,-0.01,-0.26,-2.4,-0.4,
SRIPANWA,2025Q3,2025Q2,2025Q1,2024Q3,2024Q2,,0.22,0.21,0.21,0.31,-0.43,
SRS,2025Q3,2025Q2,2025Q1,2024Q3,2024Q2,,0.02,0.01,-0.14,0.08,0.11,
SSF,2025Q3,2025Q2,2025Q1,2024Q3,2024Q2,,0.13,0.22,0.12,0.17,0.18,
SSP,2025Q3,2025Q2,2025Q1,2024Q3,2024Q2,,0.09,-0.01,0.19,0.09,0.1,
SSSC,2025Q3,2025Q2,2025Q1,2024Q3,2024Q2,,0.08,0.05,0.09,0.11,0.06,
SST,2025Q3,2025Q2,2025Q1,2024Q3,2024Q2,,-0.3,-0.15,-0.06,-0.18,-0.1,
SSTRT,2025Q3,2025Q2,2025Q1,2024Q3,2024Q2,,0.16,0.05,0.15,0.15,0.03,
STA,2025Q3,2025Q2,2025Q1,2024Q3,2024Q2,,-0.55,-0.51,0.45,0.34,0.41,
STANLY,2025Q2,2024Q4,2024Q3,2024Q2,,,4.82,4.05,4.27,4.02,,
STARM,2025Q3,2025Q2,2025Q1,2024Q3,2024Q2,,0.02,0.03,0.02,0.02,0.02,
STC,2025Q3,2025Q2,2025Q1,2024Q3,2024Q2,,-0.0,-0.01,0.0,0.01,0.0,
STECH,2025Q3,2025Q2,2025Q1,2024Q3,2024Q2,,0.03,0.04,0.1,0.05,0.04,
STECON,2025Q3,2025Q2,2025Q1,2024Q3,2024Q2,,0.11,0.34,0.22,-0.1,0.02,
STELLA,2025Q3,2025Q2,2025Q1,2024Q3,2024Q2,,-0.01,-0.01,-0.02,-0.01,-0.02,
STGT,2025Q3,2025Q2,2025Q1,2024Q3,2024Q2,,-0.04,0.03,0.15,-0.03,0.13,
STI,2025Q2,2025Q1,2024Q4,2024Q2,,,0.01,0.01,0.01,0.02,,
STOWER,2025Q3,2025Q2,2025Q1,2024Q3,2024Q2,,-0.01,-0.0,-0.0,0.0,-0.01,
STP,2025Q3,2025Q2,2025Q1,2024Q3,2024Q2,,0.37,0.49,0.44,0.4,0.36,
STPI,2025Q3,2025Q2,2025Q1,2024Q3,2024Q2,,0.04,0.05,0.07,-0.14,0.02,
STX,2025Q3,2025Q2,2025Q1,2024Q3,2024Q2,,0.03,0.01,0.13,0.06,0.05,
SUC,2025Q3,2025Q2,2025Q1,2024Q3,2024Q2,,0.48,3.22,0.96,1.19,1.85,
SUN,2025Q3,2025Q2,2025Q1,2024Q3,2024Q2,,0.03,0.11,0.06,0.18,0.08,
SUPER,2025Q3,2025Q2,2025Q1,2024Q3,2024Q2,,-0.02,-0.03,0.01,0.08,-0.01,
SUSCO,2025Q3,2025Q2,2025Q1,2024Q3,2024Q2,,0.01,0.01,0.09,0.06,0.05,
SUTHA,2025Q3,2025Q2,2025Q1,2024Q3,2024Q2,,-0.02,0.05,0.08,0.03,0.05,
SVI,2025Q3,2025Q2,2025Q1,2024Q3,2024Q2,,0.13,0.04,0.07,0.08,0.27,
SVOA,2025Q3,2025Q2,2025Q1,2024Q3,2024Q2,,0.06,0.04,0.05,-0.1,0.02,
SVR,2025Q3,2025Q2,2025Q1,2024Q3,2024Q2,,-0.02,-0.03,-0.01,-0.01,0.04,
SVT,2025Q3,2025Q2,2025Q1,2024Q3,2024Q2,,0.04,0.03,0.03,0.03,0.04,
SWC,2025Q3,2025Q2,2025Q1,2024Q3,2024Q2,,0.11,0.07,0.06,0.07,0.06,
SYMC,2025Q3,2025Q2,2025Q1,2024Q3,2024Q2,,0.08,0.09,0.12,0.07,0.16,
SYNEX,2025Q3,2025Q2,2025Q1,2024Q3,2024Q2,,0.23,0.22,0.22,0.2,0.19,
SYNTEC,2025Q3,2025Q2,2025Q1,2024Q3,2024Q2,,0.07,0.08,0.1,0.08,0.11,
TACC,2025Q3,2025Q2,2025Q1,2024Q3,2024Q2,,0.15,0.13,0.12,0.1,0.11,
TAE,2025Q3,2025Q2,2025Q1,2024Q3,2024Q2,,-0.01,-0.02,-0.0,0.01,0.02,
TAKUNI,2025Q3,2025Q2,2025Q1,2024Q3,2024Q2,,-0.27,-0.03,-0.03,-0.1,0.02,
TAN,2025Q3,2025Q2,2025Q1,2024Q3,2024Q2,,0.04,-0.04,0.13,0.09,0.06,
TASCO,2025Q3,2025Q2,2025Q1,2024Q3,2024Q2,,0.11,0.25,0.28,0.47,0.06,
TATG,2025Q3,2025Q2,2025Q1,2024Q3,2024Q2,,0.05,0.07,0.03,0.02,0.09,
TBN,2025Q3,2025Q2,2025Q1,2024Q3,2024Q2,,0.04,0.01,0.09,0.13,0.14,
TC,2025Q3,2025Q2,2025Q1,2024Q3,2024Q2,,0.16,0.14,0.19,0.17,0.39,
TCAP,2025Q3,2025Q2,2025Q1,2024Q3,2024Q2,,1.98,1.97,1.63,1.57,1.78,
TCC,2025Q3,2025Q2,2025Q1,2024Q3,2024Q2,,0.0,0.0,0.01,0.0,-0.0,
TCJ,2025Q3,2025Q2,2025Q1,2024Q3,2024Q2,,-0.04,-0.05,-0.15,0.09,-0.07,
TCMC,2025Q3,2025Q2,2025Q1,2024Q3,2024Q2,,-0.76,-0.27,-0.09,-0.06,-0.13,
TCOAT,2025Q3,2025Q2,2025Q1,2024Q3,2024Q2,,0.34,0.47,-0.29,0.36,0.3,
TEAM,2025Q3,2025Q2,2025Q1,2024Q3,2024Q2,,0.06,0.05,0.07,0.02,0.08,
TEAMG,2025Q3,2025Q2,2025Q1,2024Q3,2024Q2,,0.06,0.06,0.06,0.03,0.03,
TEGH,2025Q3,2025Q2,2025Q1,2024Q3,2024Q2,,0.05,0.2,0.16,0.2,0.09,
TEKA,2025Q3,2025Q2,2025Q1,2024Q3,2024Q2,,0.1,0.07,0.01,0.06,0.16,
TERA,2025Q3,2025Q2,2025Q1,2024Q3,2024Q2,,0.05,0.0,0.0,0.04,0.03,
TFG,2025Q3,2025Q2,2025Q1,2024Q3,2024Q2,,0.29,0.44,0.35,0.22,0.14,
TFI,2025Q3,2025Q2,2025Q1,2024Q3,2024Q2,,-0.0,-0.0,-0.0,-0.0,-0.0,
TFM,2025Q2,2025Q1,2024Q3,2024Q2,,,0.19,0.06,0.15,0.13,,
TFMAMA,2025Q3,2025Q2,2025Q1,2024Q3,2024Q2,,2.59,2.84,2.98,3.18,3.32,
TGE,2025Q3,2025Q2,2025Q1,2024Q3,2024Q2,,0.02,0.03,0.02,0.03,0.03,
TGH,2025Q3,2025Q2,2025Q1,2024Q3,2024Q2,,0.77,0.56,0.13,0.24,0.24,
TGPRO,2025Q3,2025Q2,2025Q1,2024Q3,2024Q2,,-0.01,-0.0,-0.01,-0.0,-0.01,
TH,2025Q3,2025Q2,2025Q1,2024Q3,2024Q2,,0.03,-0.05,0.0,0.05,0.01,
THAI,2025Q3,2025Q2,2025Q1,2024Q3,2024Q2,,0.16,0.43,0.35,5.72,0.14,
THANA,2025Q3,2025Q2,2025Q1,2024Q3,2024Q2,,-0.01,0.02,-0.05,0.01,0.08,
THANI,2025Q3,2025Q2,2025Q1,2024Q3,2024Q2,,0.05,0.04,0.04,0.01,0.04,
THCOM,2025Q2,2025Q1,2024Q3,2024Q2,,,-0.19,0.11,-0.51,0.06,,
THE,2025Q3,2025Q2,2025Q1,2024Q3,2024Q2,,-0.01,0.01,-0.02,-0.03,0.01,
THG,2025Q3,2025Q2,2025Q1,2024Q3,2024Q2,,0.0,-0.01,0.02,-0.39,0.04,
THIP,2025Q3,2025Q2,2025Q1,2024Q3,2024Q2,,0.2,0.67,0.97,0.69,0.99,
THMUI,2025Q3,2025Q2,2025Q1,2024Q3,2024Q2,,0.01,0.0,-0.01,-0.0,-0.02,
THRE,2025Q3,2025Q2,2025Q1,2024Q3,2024Q2,,0.01,0.02,-0.01,0.0,0.02,
THREL,2025Q3,2025Q2,2025Q1,2024Q3,2024Q2,,0.01,0.02,-0.16,-0.14,-0.1,
TIDLOR,2025Q3,2025Q2,2025Q1,2024Q3,2024Q2,,0.48,0.45,-0.0,0.0,0.0,
TIF1,2025Q3,2025Q2,2024Q4,2024Q3,2024Q2,,0.16,0.15,0.17,0.1,0.11,
TIGER,2025Q3,2025Q2,2025Q1,2024Q3,2024Q2,,-0.08,-0.0,-0.01,0.02,-0.02,
TIPCO,2025Q3,2025Q2,2025Q1,2024Q3,2024Q2,,0.05,0.18,0.23,-0.06,-0.07,
TIPH,2025Q3,2025Q2,2025Q1,2024Q3,2024Q2,,0.25,0.44,0.48,0.44,0.32,
TISCO,2025Q3,2025Q2,2025Q1,2024Q3,2024Q2,,2.16,2.05,2.05,2.14,2.19,
TITLE,2025Q3,2025Q2,2025Q1,2024Q3,2024Q2,,0.39,0.01,-0.04,0.06,0.01,
TK,2025Q3,2025Q2,2025Q1,2024Q3,2024Q2,,0.02,0.08,0.1,-0.01,0.01,
TKC,2025Q3,2025Q2,2025Q1,2024Q3,2024Q2,,0.14,0.05,0.13,0.13,0.21,
TKN,2025Q3,2025Q2,2025Q1,2024Q3,2024Q2,,0.08,0.06,0.07,0.1,0.19,
TKS,2025Q3,2025Q2,2025Q1,2024Q3,2024Q2,,0.17,0.02,0.15,0.15,-0.29,
TKT,2025Q3,2025Q2,2025Q1,2024Q3,2024Q2,,0.01,-0.0,0.02,0.01,0.0,
TL,2025Q3,2025Q2,2025Q1,2024Q3,2024Q2,,0.01,-0.01,-0.02,0.0,-0.0,
TLHPF,2025Q3,2025Q2,2025Q1,2024Q4,2024Q3,,-0.02,0.03,0.26,1.77,-0.02,
TLI,2025Q3,2025Q2,2025Q1,2024Q3,2024Q2,,0.26,0.32,0.23,0.28,0.25,
TM,2025Q3,2025Q2,2025Q1,2024Q3,2024Q2,,0.03,0.02,0.02,-0.02,-0.02,
TMAN,2025Q3,2025Q2,2025Q1,2024Q3,2024Q2,,0.28,0.27,0.3,0.26,0.31,
TMC,2025Q3,2025Q2,2025Q1,2024Q3,2024Q2,,-0.0,-0.04,-0.02,-0.06,0.0,
TMD,2025Q3,2025Q2,2025Q1,2024Q3,2024Q2,,0.59,0.64,0.67,0.59,0.57,
TMI,2025Q3,2025Q2,2025Q1,2024Q3,2024Q2,,0.0,0.01,0.02,0.0,0.0,
TMILL,2025Q3,2025Q2,2025Q1,2024Q3,2024Q2,,0.04,0.01,0.03,0.02,0.01,
TMT,2025Q3,2025Q2,2025Q1,2024Q3,2024Q2,,0.01,0.03,0.07,-0.16,0.05,
TMW,2025Q3,2025Q2,2024Q4,2024Q3,2024Q2,,4.2,3.88,3.29,3.44,3.36,
TNDT,2025Q3,2025Q2,2025Q1,2024Q3,2024Q2,,0.0,-0.01,-0.01,-0.09,-0.01,
TNH,2025Q4,2025Q2,2025Q1,2024Q4,2024Q2,,0.53,0.49,0.58,0.62,0.49,
TNITY,2025Q3,2025Q2,2025Q1,2024Q3,2024Q2,,-0.03,-0.11,0.04,-0.04,0.0,
TNL,2025Q3,2025Q2,2025Q1,2024Q3,2024Q2,,0.52,0.22,0.41,0.25,0.43,
TNP,2025Q3,2025Q2,2025Q1,2024Q3,2024Q2,,0.06,0.06,0.06,0.06,0.05,
TNPC,2025Q3,2025Q2,2025Q1,2024Q3,2024Q2,,-0.27,-0.09,-0.03,-0.12,-0.08,
TNR,2025Q3,2025Q2,2025Q1,2024Q3,2024Q2,,0.16,0.14,0.14,0.06,1.18,
TOA,2025Q3,2025Q2,2025Q1,2024Q3,2024Q2,,0.35,0.34,0.37,0.09,0.24,
TOG,2025Q3,2025Q2,2025Q1,2024Q3,2024Q2,,0.17,0.09,0.21,0.14,0.25,
TOP,2025Q3,2025Q2,2025Q1,2024Q3,2024Q2,,0.96,2.9,1.57,-1.89,2.48,
TOPP,2025Q3,2025Q2,2025Q1,2024Q3,2024Q2,,5.94,2.86,5.61,4.03,4.21,
TPA,2025Q3,2025Q2,2025Q1,2024Q3,2024Q2,,0.0,-0.09,-0.03,-0.14,-0.0,
TPAC,2025Q3,2025Q2,2025Q1,2024Q3,2024Q2,,0.37,0.27,0.37,0.3,0.33,
TPBI,2025Q3,2025Q2,2025Q1,2024Q3,2024Q2,,0.11,0.11,0.14,0.1,0.17,
TPCH,2025Q3,2025Q2,2025Q1,2024Q3,2024Q2,,-0.81,0.08,0.16,0.17,0.21,
TPCS,2025Q3,2025Q2,2025Q1,2024Q3,2024Q2,,0.28,0.34,0.25,0.24,-0.28,
TPIPL,2025Q3,2025Q2,2025Q1,2024Q3,2024Q2,,0.02,0.03,0.04,-0.02,0.03,
TPIPP,2025Q3,2025Q2,2025Q1,2024Q3,2024Q2,,0.06,0.06,0.12,0.1,0.1,
TPL,2025Q3,2025Q2,2025Q1,2024Q3,2024Q2,,-0.04,-0.0,-0.0,-0.0,-0.01,
TPLAS,2025Q3,2025Q2,2025Q1,2024Q3,2024Q2,,0.01,0.0,0.01,0.01,0.0,
TPOLY,2025Q3,2025Q2,2025Q1,2024Q3,2024Q2,,-0.2,-0.25,-0.08,0.05,-0.01,
TPP,2025Q3,2025Q2,2025Q1,2024Q3,2024Q2,,0.51,0.17,0.22,0.36,0.18,
TPRIME,2025Q3,2025Q2,2025Q1,2024Q3,2024Q2,,0.18,0.16,-0.11,0.17,0.16,
TPS,2025Q3,2025Q2,2025Q1,2024Q3,2024Q2,,0.09,0.09,0.05,0.06,0.08,
TQM,2025Q3,2025Q2,2025Q1,2024Q3,2024Q2,,0.27,0.27,0.38,0.36,0.33,
TQR,2025Q3,2025Q2,2025Q1,2024Q3,2024Q2,,0.1,0.09,0.15,0.1,0.1,
TR,2025Q3,2025Q2,2024Q4,2024Q3,2024Q2,,-0.68,-3.49,3.09,-6.83,3.84,
TRC,2025Q3,2025Q2,2025Q1,2024Q3,2024Q2,,-0.08,-0.06,-0.02,-0.05,-0.14,
TRITN,2025Q3,2025Q2,2025Q1,2024Q3,2024Q2,,0.0,0.0,-0.0,-0.01,-0.03,
TRP,2025Q3,2025Q2,2025Q1,2024Q3,2024Q2,,0.05,0.05,0.06,0.11,0.07,
TRT,2025Q3,2025Q2,2025Q1,2024Q3,2024Q2,,0.01,0.11,0.15,0.31,0.17,
TRU,2025Q3,2025Q2,2025Q1,2024Q3,2024Q2,,0.08,0.12,0.11,0.11,0.06,
TRUBB,2025Q3,2025Q2,2025Q1,2024Q3,2024Q2,,-0.04,-0.1,-0.02,-0.09,-0.03,
TRUE,2025Q2,2025Q1,2024Q3,2024Q2,,,0.06,0.05,-0.02,-0.05,,
TRV,2025Q3,2025Q2,2025Q1,2024Q3,2024Q2,,-0.01,0.0,0.02,-0.0,-0.02,
TSC,2025Q2,2025Q1,2024Q4,2024Q2,,,0.36,0.37,0.29,0.32,,
TSE,2025Q3,2025Q2,2025Q1,2024Q3,2024Q2,,0.01,0.01,0.03,0.03,0.04,
TSI,2025Q3,2025Q2,2025Q1,2024Q3,2024Q2,,-0.0,-0.0,0.0,0.01,-0.02,
TSR,2025Q3,2025Q2,2025Q1,2024Q3,2024Q2,,-0.14,-0.14,-0.12,-0.46,-0.47,
TSTE,2025Q3,2025Q2,2025Q1,2024Q3,2024Q2,,0.09,0.1,0.11,0.07,0.09,
TSTH,2025Q2,2024Q4,2024Q3,2024Q2,,,0.04,0.03,-0.02,0.01,,
TTA,2025Q3,2025Q2,2025Q1,2024Q3,2024Q2,,0.28,0.05,0.47,-0.6,0.24,
TTB,2025Q3,2025Q2,2025Q1,2024Q3,2024Q2,,0.06,0.05,0.05,0.05,0.06,
TTCL,2025Q3,2025Q2,2025Q1,2024Q3,2024Q2,,-4.76,-2.76,-0.15,0.06,0.0,
TTI,2025Q3,2025Q2,2025Q1,2024Q3,2024Q2,,-0.47,-0.44,0.46,-0.52,-0.39,
TTT,2025Q3,2025Q2,2024Q4,2024Q3,2024Q2,,0.94,-1.42,0.59,1.9,2.58,
TTW,2025Q3,2025Q2,2025Q1,2024Q3,2024Q2,,0.24,0.2,0.17,0.23,0.16,
TU,2025Q2,2025Q1,2024Q3,2024Q2,,,0.32,0.24,0.3,0.27,,
TU-PF,2025Q3,2025Q2,2025Q1,2024Q3,2024Q2,,0.05,0.08,0.06,0.05,0.07,
TURBO,2025Q3,2024Q3,2024Q2,,,,0.06,0.01,0.0,,,
TURTLE,2024Q4,2024Q3,2024Q2,,,,-0.04,-0.05,-0.04,,,
TVDH,2025Q3,2025Q2,2025Q1,2024Q3,2024Q2,,-0.02,-0.02,-0.01,0.01,0.01,
TVH,2025Q3,2025Q2,2025Q1,2024Q3,2024Q2,,0.61,0.46,0.22,0.27,0.34,
TVO,2025Q3,2025Q2,2025Q1,2024Q3,2024Q2,,0.55,0.73,0.6,0.49,0.62,
TVT,2025Q3,2025Q2,2025Q1,2024Q3,2024Q2,,-0.0,-0.01,-0.01,-0.0,0.0,
TWP,2025Q3,2025Q2,2025Q1,2024Q3,2024Q2,,0.1,-0.0,-0.02,-0.17,-0.16,
TWPC,2025Q3,2025Q2,2025Q1,2024Q3,2024Q2,,0.02,0.08,0.08,-0.08,-0.07,
TWZ,2025Q3,2025Q2,2025Q1,2024Q3,2024Q2,,-0.02,0.0,-0.0,-0.0,0.0,
TYCN,2025Q3,2025Q2,2025Q1,2024Q3,2024Q2,,0.11,0.06,0.04,-0.31,-0.07,
UAC,2025Q3,2025Q2,2025Q1,2024Q3,2024Q2,,-0.02,0.04,0.07,-0.04,0.05,
UBA,2025Q3,2025Q2,2025Q1,2024Q3,2024Q2,,0.03,0.02,0.01,0.04,0.03,
UBE,2025Q3,2025Q2,2025Q1,2024Q3,2024Q2,,0.0,-0.03,0.02,0.02,0.01,
UBIS,2025Q3,2025Q2,2025Q1,2024Q3,2024Q2,,0.02,-0.04,0.01,-0.08,0.02,
UEC,2025Q3,2025Q2,2025Q1,2024Q3,2024Q2,,-0.06,-0.03,0.01,-0.04,-0.0,
UKEM,2025Q3,2025Q2,2025Q1,2024Q3,2024Q2,,0.02,0.01,0.01,-0.01,-0.01,
UMI,2025Q3,2025Q2,2025Q1,2024Q3,2024Q2,,0.02,0.03,0.01,0.02,0.0,
UMS,2025Q3,2025Q2,2025Q1,2024Q3,2024Q2,,-0.01,0.1,-0.01,-0.01,-0.02,
UNIQ,2025Q3,2025Q2,2025Q1,2024Q3,2024Q2,,0.05,0.78,0.03,0.05,0.04,
UOBKH,2025Q3,2025Q2,2025Q1,2024Q3,2024Q2,,0.01,-0.02,0.03,0.04,-0.02,
UP,2025Q3,2025Q2,2025Q1,2024Q3,2024Q2,,-0.24,-0.15,2.72,-0.04,-0.11,
UPF,2025Q3,2025Q2,2025Q1,2024Q3,2024Q2,,-0.01,-1.1,-0.54,-0.02,0.27,
UPOIC,2025Q3,2025Q2,2025Q1,2024Q3,2024Q2,,0.2,0.09,0.11,0.19,0.0,
UREKA,2025Q3,2025Q2,2025Q1,2024Q3,2024Q2,,-0.0,0.0,0.0,-0.0,0.01,
UTP,2025Q3,2025Q2,2025Q1,2024Q3,2024Q2,,0.19,0.21,0.21,0.17,0.31,
UV,2025Q2,2025Q1,2024Q4,2024Q2,,,-0.02,-0.03,0.04,0.03,,
UVAN,2025Q3,2025Q2,2025Q1,2024Q3,2024Q2,,0.54,0.99,0.1,0.44,0.71,
VARO,2025Q3,2025Q2,2025Q1,2024Q3,2024Q2,,-0.18,0.0,0.65,0.3,0.27,
VCOM,2025Q3,2025Q2,2025Q1,2024Q3,2024Q2,,0.07,0.11,0.11,0.05,0.09,
VGI,2025Q3,2025Q2,2024Q4,2024Q3,2024Q2,,0.0,0.0,0.02,0.01,0.01,
VIBHA,2025Q3,2025Q2,2025Q1,2024Q3,2024Q2,,0.02,0.02,0.0,0.03,0.01,
VIH,2025Q3,2025Q2,2025Q1,2024Q3,2024Q2,,0.21,0.16,0.16,0.15,0.13,
VL,2025Q3,2025Q2,2025Q1,2024Q3,2024Q2,,0.01,0.0,0.0,0.06,-0.0,
VNG,2025Q3,2025Q2,2025Q1,2024Q3,2024Q2,,-0.09,-0.02,-0.02,0.1,0.12,
VPO,2025Q3,2025Q2,2025Q1,2024Q3,2024Q2,,-0.0,0.13,-0.05,0.08,0.09,
VRANDA,2025Q3,2025Q2,2025Q1,2024Q3,2024Q2,,0.01,0.04,0.13,0.02,0.0,
VS,2025Q3,2025Q2,2025Q1,2024Q3,2024Q2,,-0.01,-0.02,-0.02,-0.03,-0.03,
WACOAL,2025Q3,2025Q2,2025Q1,2024Q3,2024Q2,,-0.8,-0.54,-0.46,-0.35,0.2,
WARRIX,2025Q3,2025Q2,2025Q1,2024Q3,2024Q2,,0.03,-0.04,0.0,0.09,0.03,
WAVE,2025Q3,2025Q2,2025Q1,2024Q3,2024Q2,,0.01,0.02,-0.0,0.0,0.0,
WELL,2025Q3,2025Q2,2025Q1,2024Q3,2024Q2,,0.0,0.01,0.0,0.01,-0.01,
WFX,2025Q3,2025Q2,2025Q1,2024Q3,2024Q2,,-0.03,-0.11,-0.01,-0.1,-0.06,
WGE,2025Q3,2025Q2,2025Q1,2024Q3,2024Q2,,0.03,0.08,0.08,-0.05,0.04,
WHA,2025Q3,2025Q2,2025Q1,2024Q3,2024Q2,,0.04,0.07,0.14,0.03,0.09,
WHABT,2025Q3,2025Q2,2024Q4,2024Q3,2024Q2,,0.1,0.11,0.15,0.17,0.17,
WHAIR,2025Q3,2025Q2,2025Q1,2024Q3,2024Q2,,0.16,0.16,0.23,0.15,0.15,
WHART,2025Q3,2025Q2,2025Q1,2024Q3,2024Q2,,0.2,0.17,0.19,0.19,0.12,
WHAUP,2025Q3,2025Q2,2025Q1,2024Q3,2024Q2,,0.13,0.04,0.06,0.02,0.09,
WICE,2025Q3,2025Q2,2025Q1,2024Q3,2024Q2,,0.04,0.04,0.09,0.03,0.11,
WIIK,2025Q3,2025Q2,2025Q1,2024Q3,2024Q2,,0.02,0.03,0.02,0.01,0.01,
WIN,2025Q3,2025Q2,2025Q1,2024Q3,2024Q2,,0.0,0.0,0.02,0.0,0.01,
WINDOW,2025Q3,2025Q2,2025Q1,2024Q3,2024Q2,,0.0,0.02,0.02,-0.0,0.03,
WINMED,2025Q3,2025Q2,2025Q1,2024Q3,2024Q2,,0.0,0.0,0.02,0.03,0.01,
WINNER,2025Q3,2025Q2,2025Q1,2024Q3,2024Q2,,0.06,0.05,0.06,0.03,0.04,
WORK,2025Q3,2025Q2,2025Q1,2024Q3,2024Q2,,0.08,0.05,-0.05,-0.04,0.11,
WP,2025Q3,2025Q2,2025Q1,2024Q3,2024Q2,,0.08,0.06,0.08,0.07,0.07,
WPH,2025Q3,2025Q2,2025Q1,2024Q3,2024Q2,,0.05,0.05,0.27,0.1,0.05,
WSOL,2025Q3,2025Q2,2025Q1,2024Q3,2024Q2,,-0.05,-0.11,-0.56,-0.5,-1.75,
XBIO,2025Q3,2025Q2,2025Q1,2024Q3,2024Q2,,-0.19,-0.13,-0.1,-0.24,-0.17,
XO,2025Q3,2025Q2,2025Q1,2024Q3,2024Q2,,0.31,0.4,0.26,0.37,0.58,
XPG,2025Q3,2025Q2,2025Q1,2024Q3,2024Q2,,0.01,0.0,0.01,0.01,0.0,
XYZ,2025Q3,2025Q2,2025Q1,2024Q3,2024Q2,,-0.06,-0.02,-0.04,0.0,0.02,
YGG,2025Q3,2025Q2,2025Q1,2024Q3,2024Q2,,-0.01,-0.02,0.01,-0.06,-0.63,
YONG,2025Q3,2025Q2,2025Q1,2024Q3,2024Q2,,0.01,0.0,0.01,0.01,0.02,
YUASA,2025Q3,2025Q2,2025Q1,2024Q3,2024Q2,,0.49,0.72,0.6,0.26,0.47,
ZAA,2025Q3,2025Q2,2025Q1,2024Q3,2024Q2,,-0.04,-0.02,-0.01,-0.02,-0.03,
ZEN,2025Q3,2025Q2,2025Q1,2024Q3,2024Q2,,0.04,0.04,0.04,0.08,0.0,
ZIGA,2025Q3,2025Q2,2025Q1,2024Q3,2024Q2,,0.01,0.01,0.01,0.0,0.01,
