symbol,period,eps
2S,2025Q3,0.0
2S,2025Q2,0.137
2S,2025Q1,0.118
2S,2024Q3,-0.129
2S,2024Q2,0.065
A,2025Q3,-0.3555
A,2025Q2,-0.2093
A,2025Q1,-0.2072
A,2024Q3,-0.1271
A,2024Q2,-0.0267
A5,2025Q3,0.01
A5,2025Q2,0.06
A5,2025Q1,0.03
A5,2024Q3,0.15
A5,2024Q2,0.14
AAI,2025Q3,0.08
AAI,2025Q2,0.09
AAI,2025Q1,0.12
AAI,2024Q3,0.14
AAI,2024Q2,0.14
AAV,2025Q3,-0.0681
AAV,2025Q2,0.0167
AAV,2025Q1,0.108
AAV,2024Q3,0.2682
AAV,2024Q2,0.0065
ABM,2025Q3,-0.03
ABM,2025Q2,-0.04
ABM,2025Q1,-0.02
ABM,2024Q3,-0.08
ABM,2024Q2,0.01
ACAP,2025Q3,0.284
ACAP,2025Q2,-0.076
ACAP,2025Q1,-0.073
ACAP,2024Q3,0.354
ACAP,2024Q2,0.13
ACC,2025Q3,-0.01
ACC,2025Q2,-0.01
ACC,2025Q1,-0.01
ACC,2024Q3,-0.01
ACC,2024Q2,-0.028581
ACE,2025Q3,0.02
ACE,2025Q2,0.01
ACE,2025Q1,0.02
ACE,2024Q3,0.01
ACE,2024Q2,0.02
ACG,2025Q3,0.0129
ACG,2025Q2,0.01
ACG,2025Q1,0.02
ACG,2024Q3,0.0074
ACG,2024Q2,0.01
ADB,2025Q3,0.012
ADB,2025Q2,0.006
ADB,2025Q1,0.015
ADB,2024Q3,0.009
ADB,2024Q2,-0.005
ADD,2025Q3,0.099
ADD,2025Q2,0.046
ADD,2025Q1,0.05
ADD,2024Q3,0.061
ADD,2024Q2,0.048
ADVANC,2025Q2,3.69
ADVANC,2025Q1,3.56
ADVANC,2024Q3,2.95
ADVANC,2024Q2,2.89
ADVANC,2024Q1,2.84
ADVICE,2025Q3,0.106
ADVICE,2025Q2,0.121
ADVICE,2025Q1,0.102
ADVICE,2024Q3,0.11
ADVICE,2024Q2,0.117
AE,2025Q3,-0.0055
AE,2025Q2,-0.0067
AE,2025Q1,-0.0054
AE,2024Q3,-0.0098
AE,2024Q2,-0.0047
AEONTS,2025Q2,3.09
AEONTS,2024Q4,3.15
AEONTS,2024Q3,3.29
AEONTS,2024Q2,2.1
AF,2025Q3,-0.0013
AF,2025Q2,0.0034
AF,2025Q1,0.0025
AF,2024Q3,0.0
AF,2024Q2,0.0017
AFC,2025Q3,0.04
AFC,2025Q1,-0.09
AFC,2024Q4,-0.3
AFC,2024Q3,-0.2
AFC,2024Q1,0.08
AGE,2025Q3,0.079
AGE,2025Q2,0.089
AGE,2025Q1,0.036
AGE,2024Q3,-0.008
AGE,2024Q2,-0.126
AH,2025Q3,0.63
AH,2025Q2,0.32
AH,2025Q1,0.91
AH,2024Q3,0.59
AH,2024Q2,0.29
AHC,2025Q3,0.21
AHC,2025Q2,0.33
AHC,2025Q1,0.31
AHC,2024Q3,0.42
AHC,2024Q2,0.16
AI,2025Q3,0.053
AI,2025Q2,-0.024
AI,2025Q1,0.076
AI,2024Q3,0.159
AI,2024Q2,0.146
AIE,2025Q3,0.037
AIE,2025Q2,-0.03
AIE,2025Q1,0.008
AIE,2024Q3,0.023
AIE,2024Q2,0.023
AIMCG,2025Q3,-0.01583
AIMCG,2025Q2,-0.031017
AIMCG,2025Q1,-0.018304
AIMCG,2024Q3,0.110522
AIMCG,2024Q2,0.085383
AIMIRT,2025Q3,0.193104
AIMIRT,2025Q2,0.218965
AIMIRT,2025Q1,0.204731
AIMIRT,2024Q3,0.188883
AIMIRT,2024Q2,0.425157
AIRA,2025Q3,-0.0078
AIRA,2025Q2,-0.0058
AIRA,2025Q1,-0.0054
AIRA,2024Q3,-0.0079
AIRA,2024Q2,-0.0085
AIT,2025Q3,0.1
AIT,2025Q2,0.09
AIT,2025Q1,0.093
AIT,2024Q3,0.1
AIT,2024Q2,0.09
AJ,2025Q3,-0.28
AJ,2025Q2,-0.32
AJ,2025Q1,-0.028
AJ,2024Q3,-0.28
AJ,2024Q2,-0.2
AJA,2025Q3,-0.005
AJA,2025Q2,-0.004
AJA,2025Q1,-0.007
AJA,2024Q3,-0.009
AJA,2024Q2,-0.007
AKP,2025Q3,0.096
AKP,2025Q2,0.021
AKP,2025Q1,0.008
AKP,2024Q3,0.029
AKP,2024Q2,0.033
AKR,2025Q3,0.002
AKR,2025Q2,0.013
AKR,2025Q1,0.062
AKR,2024Q3,0.056
AKR,2024Q2,0.027
AKS,2025Q3,-0.0313
AKS,2025Q2,-0.0358
AKS,2025Q1,-0.0092
AKS,2024Q3,-0.1373
AKS,2024Q2,-0.0091
ALLA,2025Q3,0.042
ALLA,2025Q2,0.022
ALLA,2025Q1,0.047
ALLA,2024Q3,0.059
ALLA,2024Q2,0.047
ALLY,2025Q3,0.13265
ALLY,2025Q2,0.166093
ALLY,2025Q1,0.232688
ALLY,2024Q3,0.13586
ALLY,2024Q2,0.167099
ALPHAX,2025Q3,0.0122
ALPHAX,2025Q2,0.0115
ALPHAX,2025Q1,0.0025
ALPHAX,2024Q3,0.0212
ALPHAX,2024Q2,0.0006
ALT,2025Q3,0.004
ALT,2025Q2,0.075
ALT,2025Q1,0.008
ALT,2024Q3,0.004
ALT,2024Q2,0.005
ALUCON,2025Q3,4.78
ALUCON,2025Q2,8.23
ALUCON,2025Q1,6.37
ALUCON,2024Q3,1.07
ALUCON,2024Q2,5.31
AMA,2025Q3,0.08
AMA,2025Q2,0.12
AMA,2025Q1,0.13
AMA,2024Q3,0.12
AMA,2024Q2,0.24
AMANAH,2025Q3,-0.041
AMANAH,2025Q2,-0.039
AMANAH,2025Q1,0.002
AMANAH,2024Q3,0.011
AMANAH,2024Q2,-0.048
AMARC,2025Q3,0.1
AMARC,2025Q2,0.184
AMARC,2025Q1,0.056
AMARC,2024Q3,0.038
AMARC,2024Q2,0.019
AMARIN,2025Q3,-0.017
AMARIN,2025Q2,-0.04
AMARIN,2025Q1,-0.04
AMARIN,2024Q3,0.004
AMARIN,2024Q2,0.01
AMATA,2025Q3,0.99
AMATA,2025Q2,0.12
AMATA,2025Q1,0.72
AMATA,2024Q3,0.67
AMATA,2024Q2,0.2
AMATAR,2025Q3,0.215904
AMATAR,2025Q2,0.224818
AMATAR,2025Q1,0.204462
AMATAR,2024Q3,0.200489
AMATAR,2024Q2,0.20052
AMATAV,2025Q3,0.02
AMATAV,2025Q2,0.07
AMATAV,2025Q1,0.005
AMATAV,2024Q3,-0.13
AMATAV,2024Q2,0.05
AMC,2025Q3,-0.01
AMC,2025Q2,0.02
AMC,2025Q1,0.06
AMC,2024Q3,0.02
AMC,2024Q2,0.13
AMR,2025Q3,-0.06
AMR,2025Q2,-0.081
AMR,2025Q1,-0.058
AMR,2024Q3,-0.012
AMR,2024Q2,-0.017
ANAN,2025Q3,0.014
ANAN,2025Q2,0.044
ANAN,2025Q1,-0.078
ANAN,2024Q3,-0.01
ANAN,2024Q2,0.016
ANI,2025Q3,0.0791
ANI,2025Q2,0.0736
ANI,2025Q1,0.0747
ANI,2024Q3,0.0954
ANI,2024Q2,0.0922
AOT,2025Q2,0.27
AOT,2025Q1,0.35
AOT,2024Q4,0.37
AOT,2024Q2,0.32
AOT,2024Q1,0.4
AP,2025Q3,0.367
AP,2025Q2,0.32
AP,2025Q1,0.27
AP,2024Q3,0.461
AP,2024Q2,0.4
APCO,2025Q3,0.02
APCO,2025Q2,0.02
APCO,2025Q1,0.02
APCO,2024Q3,0.02
APCO,2024Q2,0.02
APCS,2025Q3,-0.11
APCS,2025Q2,-0.0834
APCS,2025Q1,-0.0843
APCS,2024Q3,-0.04
APCS,2024Q2,0.0083
APO,2025Q3,0.1533
APO,2025Q2,0.4136
APO,2025Q1,-0.0354
APO,2024Q3,0.1357
APO,2024Q2,0.2486
APP,2025Q3,0.11
APP,2025Q2,0.07
APP,2025Q1,0.13
APP,2024Q3,0.09
APP,2024Q2,0.02
APURE,2025Q3,-0.2836
APURE,2025Q2,-0.04
APURE,2025Q1,0.06
APURE,2024Q3,0.05
APURE,2024Q2,0.07
AQUA,2025Q3,-0.0258
AQUA,2025Q2,-0.0585
AQUA,2025Q1,-0.0162
AQUA,2024Q3,-0.0612
AQUA,2024Q2,-0.0157
ARIN,2025Q3,-0.01
ARIN,2025Q2,-0.02
ARIN,2025Q1,-0.02
ARIN,2024Q3,-0.02
ARIN,2024Q2,-0.02
ARIP,2025Q3,0.008
ARIP,2025Q2,0.006
ARIP,2025Q1,0.004
ARIP,2024Q3,0.005
ARIP,2024Q2,0.004
ARROW,2025Q3,0.16
ARROW,2025Q2,0.13
ARROW,2025Q1,0.15
ARROW,2024Q3,0.17
ARROW,2024Q2,0.08
AS,2025Q3,0.11
AS,2025Q2,0.04
AS,2025Q1,0.08
AS,2024Q3,0.08
AS,2024Q2,0.1
ASAP,2025Q3,0.1004
ASAP,2025Q2,0.011
ASAP,2025Q1,0.0161
ASAP,2024Q3,-0.0482
ASAP,2024Q2,0.0391
ASEFA,2025Q3,0.16
ASEFA,2025Q2,0.04
ASEFA,2025Q1,0.08
ASEFA,2024Q3,0.04
ASEFA,2024Q2,-0.03
ASIA,2025Q3,-0.02
ASIA,2025Q2,-0.05
ASIA,2025Q1,0.05
ASIA,2024Q3,-0.01
ASIA,2024Q2,-0.01
ASIAN,2025Q3,0.21
ASIAN,2025Q2,0.2
ASIAN,2025Q1,0.25
ASIAN,2024Q3,0.29
ASIAN,2024Q2,0.31
ASIMAR,2025Q3,0.082
ASIMAR,2025Q2,0.046
ASIMAR,2025Q1,0.025
ASIMAR,2024Q3,0.054
ASIMAR,2024Q2,0.045
ASK,2025Q3,0.15
ASK,2025Q2,0.2
ASK,2025Q1,0.28
ASK,2024Q3,0.11
ASK,2024Q2,0.156132
ASN,2025Q3,-0.01
ASN,2025Q2,-0.01
ASN,2025Q1,0.0
ASN,2024Q3,0.0
ASN,2024Q2,-0.01
ASP,2025Q3,0.06
ASP,2025Q2,0.02
ASP,2025Q1,0.002
ASP,2024Q3,0.03
ASP,2024Q2,0.04
ASW,2025Q3,0.32
ASW,2025Q2,0.22
ASW,2025Q1,0.22
ASW,2024Q3,0.5
ASW,2024Q2,0.66
ATP30,2025Q3,0.022
ATP30,2025Q2,0.023
ATP30,2025Q1,0.022
ATP30,2024Q3,0.018
ATP30,2024Q2,0.016
AU,2025Q3,0.06
AU,2025Q2,0.06
AU,2025Q1,0.08
AU,2024Q3,0.1
AU,2024Q2,0.09
AUCT,2025Q3,0.09
AUCT,2025Q2,0.08
AUCT,2025Q1,0.1
AUCT,2024Q3,0.17
AUCT,2024Q2,0.15
AURA,2025Q3,0.2
AURA,2025Q2,0.27
AURA,2025Q1,0.3
AURA,2024Q3,0.15
AURA,2024Q2,0.26
AWC,2025Q3,0.0358
AWC,2025Q2,0.0438
AWC,2025Q1,0.0615
AWC,2024Q3,0.0355
AWC,2024Q2,0.0389
AXTRART,2025Q3,0.236182
AXTRART,2025Q1,0.238154
AXTRART,2024Q4,0.161333
AXTRART,2024Q3,0.239503
AXTRART,2024Q2,0.239353
AYUD,2025Q3,1.84
AYUD,2025Q2,2.02
AYUD,2025Q1,1.82
AYUD,2024Q3,1.26
AYUD,2024Q2,2.11
B,2025Q3,0.0
B,2025Q2,0.0
B,2025Q1,0.0
B,2024Q3,0.0
B,2024Q2,0.0
B-WORK,2025Q3,0.182386
B-WORK,2025Q2,0.11961
B-WORK,2025Q1,0.031499
B-WORK,2024Q3,0.220138
B-WORK,2024Q2,-0.768522
B52,2025Q3,-0.015
B52,2025Q2,-0.0163
B52,2025Q1,-0.017
B52,2024Q3,-0.045254
B52,2024Q2,-0.029244
BA,2025Q3,0.5
BA,2025Q2,0.19
BA,2025Q1,0.8
BA,2024Q3,0.32
BA,2024Q2,0.34
BAFS,2025Q3,0.05
BAFS,2025Q2,0.07
BAFS,2025Q1,0.2
BAFS,2024Q3,0.02
BAFS,2024Q2,0.05
BAM,2025Q3,0.06
BAM,2025Q2,0.4
BAM,2025Q1,0.07
BAM,2024Q3,0.06
BAM,2024Q2,0.14
BANPU,2025Q3,0.003
BANPU,2025Q2,-0.003
BANPU,2025Q1,-0.001
BANPU,2024Q3,-0.002
BANPU,2024Q2,0.003
BAREIT,2025Q2,0.211613
BAREIT,2025Q1,0.215093
BAREIT,2024Q3,0.207573
BAREIT,2024Q2,0.199641
BAREIT,2024Q1,0.199001
BAY,2025Q3,1.19
BAY,2025Q2,1.13
BAY,2025Q1,1.02
BAY,2024Q3,1.04
BAY,2024Q2,1.12
BBGI,2025Q3,0.06
BBGI,2025Q2,-0.03
BBGI,2025Q1,0.09
BBGI,2024Q3,-0.01
BBGI,2024Q2,0.03
BBIK,2025Q3,0.34
BBIK,2025Q2,0.37
BBIK,2025Q1,0.36
BBIK,2024Q3,0.44
BBIK,2024Q2,0.21
BBL,2025Q3,7.22
BBL,2025Q2,6.2
BBL,2025Q1,6.61
BBL,2024Q3,6.54
BBL,2024Q2,6.19
BC,2025Q3,-0.0781
BC,2025Q2,-0.0972
BC,2025Q1,0.075
BC,2024Q3,0.0953
BC,2024Q2,0.0645
BCH,2025Q3,0.14
BCH,2025Q2,0.16
BCH,2025Q1,0.13
BCH,2024Q3,0.18
BCH,2024Q2,0.11
BCP,2025Q3,0.8
BCP,2025Q2,-1.86
BCP,2025Q1,1.54
BCP,2024Q3,-1.61
BCP,2024Q2,1.23
BCPG,2025Q2,-0.22
BCPG,2025Q1,0.05
BCPG,2024Q3,-0.01
BCPG,2024Q2,0.42
BCPG,2024Q1,0.15
BCT,2025Q3,1.9
BCT,2025Q2,0.53
BCT,2024Q4,5.2
BCT,2024Q3,-3.5
BCT,2024Q2,3.94
BDMS,2025Q3,0.27
BDMS,2025Q2,0.22
BDMS,2025Q1,0.27
BDMS,2024Q3,0.27
BDMS,2024Q2,0.21
BE8,2025Q3,0.05
BE8,2025Q2,0.02
BE8,2025Q1,0.08
BE8,2024Q3,0.17
BE8,2024Q2,0.13
BEAUTY,2025Q3,-0.001
BEAUTY,2025Q2,-0.009
BEAUTY,2025Q1,-0.005
BEAUTY,2024Q3,-0.005
BEAUTY,2024Q2,-0.01
BEC,2025Q3,0.018
BEC,2025Q2,0.01
BEC,2025Q1,0.022
BEC,2024Q3,0.023
BEC,2024Q2,0.036
BEM,2025Q3,0.07
BEM,2025Q2,0.07
BEM,2025Q1,0.06
BEM,2024Q3,0.07
BEM,2024Q2,0.07
BEYOND,2025Q3,-0.2816
BEYOND,2025Q2,-0.3048
BEYOND,2025Q1,0.1914
BEYOND,2024Q3,-0.2316
BEYOND,2024Q2,-0.2481
BGC,2025Q3,0.04
BGC,2025Q2,0.08
BGC,2025Q1,0.12
BGC,2024Q3,0.08
BGC,2024Q2,0.11
BGRIM,2025Q3,0.05
BGRIM,2025Q2,-0.08
BGRIM,2025Q1,0.16
BGRIM,2024Q3,0.02
BGRIM,2024Q2,0.01
BGT,2025Q3,-0.03
BGT,2025Q2,-0.02
BGT,2025Q1,-0.01
BGT,2024Q3,-0.01
BGT,2024Q2,0.0
BH,2025Q3,2.35
BH,2025Q2,2.14
BH,2025Q1,2.0
BH,2024Q3,2.25
BH,2024Q2,2.23
BIG,2025Q3,-0.002
BIG,2025Q2,0.005
BIG,2025Q1,0.0105
BIG,2024Q3,0.004
BIG,2024Q2,0.007
BIOTEC,2025Q3,0.0358
BIOTEC,2025Q2,-0.0128
BIOTEC,2025Q1,-0.006
BIOTEC,2024Q3,-0.0396
BIOTEC,2024Q2,-0.0087
BIS,2025Q3,0.031
BIS,2025Q2,0.059
BIS,2025Q1,0.059
BIS,2024Q3,0.055
BIS,2024Q2,0.051
BIZ,2025Q3,0.33
BIZ,2025Q2,0.08
BIZ,2025Q1,0.02
BIZ,2024Q3,0.14
BIZ,2024Q2,0.05
BJC,2025Q3,0.16
BJC,2025Q2,0.25
BJC,2025Q1,0.2722
BJC,2024Q3,0.17
BJC,2024Q2,0.31
BJCHI,2025Q3,-0.01
BJCHI,2025Q2,-0.04
BJCHI,2025Q1,-0.02
BJCHI,2024Q3,-0.09
BJCHI,2024Q2,0.02
BKA,2025Q3,-0.059
BKA,2025Q2,-0.034
BKA,2024Q3,0.104364
BKA,2024Q2,0.026569
BKD,2025Q3,0.04
BKD,2025Q2,0.01
BKD,2025Q1,0.04
BKD,2024Q3,0.03
BKD,2024Q2,0.06
BKGI,2025Q3,0.012
BKGI,2025Q2,0.007
BKGI,2025Q1,0.013
BKGI,2024Q3,0.02
BKGI,2024Q2,0.02
BKIH,2025Q3,10.78
BKIH,2025Q2,9.19
BKIH,2025Q1,5.37
BKIH,2024Q3,11.0
BKIH,2024Q2,9.52
BLA,2025Q3,1.35
BLA,2025Q2,1.25
BLA,2025Q1,0.7
BLA,2024Q3,0.88
BLA,2024Q2,0.58
BLAND,2025Q3,-0.005
BLAND,2025Q2,0.005
BLAND,2024Q4,-0.004
BLAND,2024Q3,0.004
BLAND,2024Q2,0.004
BLC,2025Q3,0.07
BLC,2025Q2,0.07
BLC,2025Q1,0.09
BLC,2024Q3,0.07
BLC,2024Q2,0.06
BLESS,2025Q3,0.0062
BLESS,2025Q2,0.0013
BLESS,2025Q1,0.0063
BLESS,2024Q3,0.014
BLESS,2024Q2,0.0052
BLISS,2025Q3,-0.0013
BLISS,2025Q2,-0.0003
BLISS,2025Q1,-0.0002
BLISS,2024Q3,-0.0005
BLISS,2024Q2,-0.001
BM,2025Q3,0.008
BM,2025Q2,0.033
BM,2025Q1,0.067
BM,2024Q3,0.044
BM,2024Q2,0.009
BOFFICE,2025Q3,0.121493
BOFFICE,2025Q2,0.077044
BOFFICE,2025Q1,0.175807
BOFFICE,2024Q3,0.174138
BOFFICE,2024Q2,0.093515
BOL,2025Q3,0.11
BOL,2025Q2,0.1
BOL,2025Q1,0.08
BOL,2024Q3,0.1
BOL,2024Q2,0.1
BPP,2025Q3,0.381
BPP,2025Q2,0.417
BPP,2025Q1,0.188
BPP,2024Q3,0.372
BPP,2024Q2,0.322
BPS,2025Q3,0.005
BPS,2025Q2,0.0
BPS,2025Q1,0.008
BPS,2024Q3,0.002
BPS,2024Q2,-0.002
BR,2025Q3,0.05
BR,2025Q2,0.03
BR,2025Q1,0.04
BR,2024Q3,0.03
BR,2024Q2,0.03
BRI,2025Q3,0.0533
BRI,2025Q2,0.0926
BRI,2025Q1,-0.0149
BRI,2024Q3,0.1278
BRI,2024Q2,0.242
BROCK,2025Q3,-0.004
BROCK,2025Q2,-0.001
BROCK,2025Q1,-0.004
BROCK,2024Q3,-0.002
BROCK,2024Q2,-0.007
BRR,2025Q3,-0.04
BRR,2025Q2,0.04
BRR,2025Q1,0.5
BRR,2024Q3,0.45
BRR,2024Q2,0.34
BSBM,2025Q3,-0.011
BSBM,2025Q2,-0.01
BSBM,2025Q1,-0.008
BSBM,2024Q3,-0.027
BSBM,2024Q2,0.0
BSM,2025Q2,-0.03
BSM,2025Q1,-0.045
BSM,2024Q3,-0.086
BSM,2024Q2,-0.062
BSM,2024Q1,0.01
BTC,2025Q3,0.003
BTC,2025Q2,-0.017
BTC,2025Q1,-0.034
BTC,2024Q3,-0.018
BTC,2024Q2,-0.049
BTG,2025Q3,0.6
BTG,2025Q2,1.34
BTG,2025Q1,0.98
BTG,2024Q3,0.51
BTG,2024Q2,0.32
BTNC,2025Q3,-0.1
BTNC,2025Q2,-0.25
BTNC,2025Q1,0.36
BTNC,2024Q3,-0.74
BTNC,2024Q2,1.58
BTS,2025Q3,0.006
BTS,2025Q2,-0.014
BTS,2024Q4,0.2
BTS,2024Q3,-0.027
BTS,2024Q2,-0.028
BTW,2025Q3,-0.04
BTW,2025Q2,-0.03
BTW,2025Q1,-0.03
BTW,2024Q3,-0.04
BTW,2024Q2,0.002
BUI,2025Q3,0.39
BUI,2025Q2,0.88
BUI,2025Q1,0.109523
BUI,2024Q3,1.39
BUI,2024Q2,1.69
BVG,2025Q3,0.04
BVG,2025Q2,0.04
BVG,2025Q1,0.03
BVG,2024Q3,0.03
BVG,2024Q2,0.02
BWG,2025Q3,0.059
BWG,2025Q2,0.003
BWG,2025Q1,0.004
BWG,2024Q3,0.003
BWG,2024Q2,0.011
BYD,2025Q3,0.03
BYD,2025Q2,-0.466
BYD,2025Q1,-0.04551
BYD,2024Q3,0.023
BYD,2024Q2,0.006
CAZ,2025Q3,-1.33
CAZ,2025Q2,0.09
CAZ,2025Q1,0.13
CAZ,2024Q3,0.03
CAZ,2024Q2,0.16
CBG,2025Q3,0.62
CBG,2025Q2,0.8
CBG,2025Q1,0.76
CBG,2024Q3,0.74
CBG,2024Q2,0.69
CCET,2025Q3,0.05
CCET,2025Q2,0.05
CCET,2025Q1,0.06
CCET,2024Q3,0.07
CCET,2024Q2,0.07
CCP,2025Q3,0.0122
CCP,2025Q2,0.0066
CCP,2025Q1,0.0122
CCP,2024Q3,0.0107
CCP,2024Q2,0.0028
CEN,2025Q3,0.02
CEN,2025Q2,-0.1
CEN,2025Q1,-0.09
CEN,2024Q3,-0.01
CEN,2024Q2,0.19
CENTEL,2025Q3,0.12
CENTEL,2025Q2,0.08
CENTEL,2025Q1,0.55
CENTEL,2024Q3,0.12
CENTEL,2024Q2,0.12
CEYE,2025Q3,0.01
CEYE,2025Q2,0.03
CEYE,2025Q1,0.03
CEYE,2024Q3,-0.02
CEYE,2024Q2,0.02
CFARM,2025Q3,0.0177
CFARM,2025Q2,-0.0058
CFARM,2025Q1,0.0013
CFARM,2024Q3,-0.0031
CFARM,2024Q2,0.0027
CFRESH,2025Q3,0.008
CFRESH,2025Q2,0.006
CFRESH,2025Q1,-0.021
CFRESH,2024Q3,-0.138
CFRESH,2024Q2,0.033
CGD,2025Q3,-0.0248
CGD,2025Q2,-0.0068
CGD,2025Q1,-0.0124
CGD,2024Q3,-0.0033
CGD,2024Q2,-0.0048
CGH,2025Q3,-0.0076
CGH,2025Q2,-0.0332
CGH,2025Q1,0.0019
CGH,2024Q3,0.0286
CGH,2024Q2,0.0018
CH,2025Q3,-0.0246
CH,2025Q2,0.0151
CH,2025Q1,0.0164
CH,2024Q3,0.0017
CH,2024Q2,0.0893
CHAO,2025Q3,0.03
CHAO,2025Q2,0.01
CHAO,2025Q1,0.04
CHAO,2024Q3,0.18
CHAO,2024Q2,0.110383
CHARAN,2025Q3,0.48
CHARAN,2025Q2,-0.66
CHARAN,2025Q1,1.32
CHARAN,2024Q3,-0.29
CHARAN,2024Q2,0.1
CHASE,2025Q3,0.002
CHASE,2025Q2,0.001
CHASE,2025Q1,0.002
CHASE,2024Q3,0.004
CHASE,2024Q2,0.014
CHAYO,2025Q3,0.0243
CHAYO,2025Q2,0.080195
CHAYO,2025Q1,0.06878
CHAYO,2024Q3,0.0884
CHAYO,2024Q2,0.065854
CHEWA,2025Q3,-0.033
CHEWA,2025Q2,-0.015
CHEWA,2025Q1,-0.035
CHEWA,2024Q3,0.001
CHEWA,2024Q2,0.004
CHG,2025Q3,0.0247
CHG,2025Q2,0.0189
CHG,2025Q1,0.0205
CHG,2024Q3,0.0379
CHG,2024Q2,0.0175
CHIC,2025Q3,0.0009
CHIC,2025Q2,-0.0092
CHIC,2025Q1,-0.0081
CHIC,2024Q3,-0.0164
CHIC,2024Q2,-0.003
CHO,2025Q3,-0.7704
CHO,2025Q2,-0.3608
CHO,2025Q1,-0.1775
CHO,2024Q3,-0.5536
CHO,2024Q2,-0.3743
CHOTI,2025Q3,-5.34
CHOTI,2025Q2,-5.28
CHOTI,2025Q1,-0.53
CHOTI,2024Q3,-9.89
CHOTI,2024Q2,0.74
CHOW,2025Q3,-0.002
CHOW,2025Q2,-0.014
CHOW,2025Q1,0.004
CHOW,2024Q3,0.008
CHOW,2024Q2,0.045
CI,2025Q3,-0.098
CI,2025Q2,-0.074
CI,2025Q1,-0.04
CI,2024Q3,-0.069
CI,2024Q2,-0.123
CIG,2025Q2,-0.0095
CIG,2025Q1,-0.009
CIG,2024Q3,-0.0079
CIG,2024Q2,-0.0262
CIG,2024Q1,-0.0773
CIMBT,2025Q3,0.02
CIMBT,2025Q2,0.01
CIMBT,2025Q1,0.02
CIMBT,2024Q3,0.02
CIMBT,2024Q2,0.02
CITY,2025Q4,-0.00796
CITY,2025Q2,-0.02998
CITY,2025Q1,-0.01706
CITY,2024Q4,-0.01822
CITY,2024Q2,-0.02178
CIVIL,2025Q3,-0.16
CIVIL,2025Q2,0.02
CIVIL,2025Q1,0.01
CIVIL,2024Q3,0.06
CIVIL,2024Q2,0.03
CK,2025Q3,1.03
CK,2025Q2,0.51
CK,2025Q1,0.17
CK,2024Q3,0.59
CK,2024Q2,0.29
CKP,2025Q3,0.156
CKP,2025Q2,0.075
CKP,2025Q1,0.009
CKP,2024Q3,0.146
CKP,2024Q2,0.009
CM,2025Q3,0.04
CM,2025Q2,0.02
CM,2025Q1,0.03
CM,2024Q3,-0.02
CM,2024Q2,0.11
CMAN,2025Q3,0.0423
CMAN,2025Q2,0.1118
CMAN,2025Q1,0.1357
CMAN,2024Q3,-0.1003
CMAN,2024Q2,0.0951
CMC,2025Q3,-0.1067
CMC,2025Q2,-0.0951
CMC,2025Q1,-0.0985
CMC,2024Q3,-0.0438
CMC,2024Q2,-0.0777
CMO,2025Q3,-0.05
CMO,2025Q2,-0.03
CMO,2025Q1,0.08
CMO,2024Q3,0.01
CMO,2024Q2,-0.04
CMR,2025Q3,-0.02
CMR,2025Q2,0.006
CMR,2025Q1,0.012
CMR,2024Q3,0.018
CMR,2024Q2,0.007
CNT,2025Q3,0.022
CNT,2025Q2,0.008
CNT,2025Q1,0.032
CNT,2024Q3,0.017
CNT,2024Q2,0.019
COCOCO,2025Q3,0.05
COCOCO,2025Q2,0.05
COCOCO,2025Q1,0.04
COCOCO,2024Q3,0.12
COCOCO,2024Q2,0.15
COLOR,2025Q3,0.0097
COLOR,2025Q2,0.0103
COLOR,2025Q1,0.0172
COLOR,2024Q3,0.0113
COLOR,2024Q2,0.0111
COM7,2025Q3,0.37
COM7,2025Q2,0.43
COM7,2025Q1,0.42
COM7,2024Q3,0.3
COM7,2024Q2,0.32
COMAN,2025Q3,-0.75
COMAN,2025Q2,0.02
COMAN,2025Q1,-0.05
COMAN,2024Q3,-0.04
COMAN,2024Q2,-0.29
CPALL,2025Q3,0.73
CPALL,2025Q2,0.74
CPALL,2025Q1,0.83
CPALL,2024Q3,0.61
CPALL,2024Q2,0.68
CPANEL,2025Q3,0.024
CPANEL,2025Q2,0.013
CPANEL,2025Q1,-0.094
CPANEL,2024Q3,-0.065
CPANEL,2024Q2,0.052
CPAXT,2025Q3,0.18
CPAXT,2025Q2,0.22
CPAXT,2025Q1,0.25
CPAXT,2024Q3,0.37
CPAXT,2024Q2,0.205
CPF,2025Q3,0.64
CPF,2025Q2,1.31
CPF,2025Q1,1.07
CPF,2024Q3,0.91
CPF,2024Q2,0.86
CPH,2025Q3,0.39
CPH,2025Q2,0.48
CPH,2025Q1,0.07
CPH,2024Q3,-0.54
CPH,2024Q2,1.8
CPI,2025Q3,0.174
CPI,2025Q2,0.4
CPI,2025Q1,0.075
CPI,2024Q3,0.214
CPI,2024Q2,0.205
CPL,2025Q3,-0.13
CPL,2025Q2,-0.116
CPL,2025Q1,-0.006
CPL,2024Q3,-0.056
CPL,2024Q2,0.004
CPN,2025Q3,1.21
CPN,2025Q2,0.96
CPN,2025Q1,0.94
CPN,2024Q3,0.92
CPN,2024Q2,1.01
CPNREIT,2025Q3,0.069187
CPNREIT,2025Q2,0.225908
CPNREIT,2025Q1,0.250638
CPNREIT,2024Q3,0.221282
CPNREIT,2024Q2,-0.096118
CPR,2025Q3,0.02
CPR,2025Q2,0.03
CPR,2025Q1,0.03
CPR,2024Q3,0.03
CPR,2024Q2,0.03
CPT,2025Q3,0.0265
CPT,2025Q2,0.0174
CPT,2025Q1,0.057
CPT,2024Q3,0.0249
CPT,2024Q2,0.0158
CPW,2025Q3,0.04
CPW,2025Q2,0.03
CPW,2025Q1,0.04
CPW,2024Q3,0.04
CPW,2024Q2,0.02
CRANE,2025Q3,-0.078
CRANE,2025Q2,-0.047
CRANE,2025Q1,-0.037
CRANE,2024Q3,0.021
CRANE,2024Q2,-0.012
CRC,2025Q3,0.22
CRC,2025Q2,0.19
CRC,2025Q1,0.39
CRC,2024Q3,0.35
CRC,2024Q2,0.28
CRD,2025Q3,0.019
CRD,2025Q2,0.016
CRD,2025Q1,0.006
CRD,2024Q3,0.007
CRD,2024Q2,0.007
CREDIT,2025Q3,0.82
CREDIT,2025Q2,0.75
CREDIT,2025Q1,0.73
CREDIT,2024Q3,0.94
CREDIT,2024Q2,0.67
CSC,2025Q3,0.61
CSC,2025Q2,1.26
CSC,2025Q1,1.92
CSC,2024Q3,1.53
CSC,2024Q2,1.7
CSP,2025Q3,0.004
CSP,2025Q2,-0.035
CSP,2025Q1,-0.005
CSP,2024Q3,-0.106
CSP,2024Q2,-0.054
CSR,2025Q3,0.9
CSR,2025Q2,0.49
CSR,2025Q1,0.97
CSR,2024Q3,0.55
CSR,2024Q2,0.74
CSS,2025Q3,0.01
CSS,2025Q2,0.01
CSS,2025Q1,0.01
CSS,2024Q3,0.05
CSS,2024Q2,0.03
CTW,2025Q3,0.24
CTW,2025Q2,0.14
CTW,2025Q1,-0.13
CTW,2024Q3,0.19
CTW,2024Q2,-0.3
CV,2024Q3,-0.24
CV,2024Q2,-0.46
CV,2024Q1,-0.134716
CWT,2025Q3,-0.04
CWT,2025Q2,0.146311
CWT,2025Q1,0.03
CWT,2024Q3,0.05
CWT,2024Q2,0.002
D,2025Q3,0.0587
D,2025Q2,0.0578
D,2025Q1,0.0469
D,2024Q3,0.0297
D,2024Q2,0.0457
DCC,2025Q3,0.023
DCC,2025Q2,0.025
DCC,2025Q1,0.031
DCC,2024Q3,0.027
DCC,2024Q2,0.03
DCON,2025Q3,-0.00056
DCON,2025Q2,0.0005
DCON,2025Q1,-0.0013
DCON,2024Q3,-0.00017
DCON,2024Q2,0.0008
DDD,2025Q3,0.06
DDD,2025Q2,0.04
DDD,2025Q1,0.06
DDD,2024Q3,-0.08
DDD,2024Q2,0.08
DELTA,2025Q2,0.37
DELTA,2025Q1,0.44
DELTA,2024Q3,0.47
DELTA,2024Q2,0.53
DELTA,2024Q1,0.35
DEMCO,2025Q3,0.02
DEMCO,2025Q2,0.03
DEMCO,2025Q1,-0.04
DEMCO,2024Q3,0.07
DEMCO,2024Q2,-0.01
DEXON,2025Q3,-0.031
DEXON,2025Q2,-0.055
DEXON,2025Q1,-0.044
DEXON,2024Q3,-0.018
DEXON,2024Q2,0.046
DHOUSE,2025Q3,-0.007
DHOUSE,2025Q2,-0.0099
DHOUSE,2025Q1,-0.0097
DHOUSE,2024Q3,0.0131
DHOUSE,2024Q2,-0.0077
DIMET,2025Q3,-0.0013
DIMET,2025Q2,-0.0042
DIMET,2025Q1,-0.0045
DIMET,2024Q3,-0.0104
DIMET,2024Q2,-0.0055
DITTO,2025Q3,0.2548
DITTO,2025Q2,0.2424
DITTO,2025Q1,0.211
DITTO,2024Q3,0.1991
DITTO,2024Q2,0.1807
DMT,2025Q3,0.24
DMT,2025Q2,0.2
DMT,2025Q1,0.23
DMT,2024Q3,0.22
DMT,2024Q2,0.2
DOD,2025Q3,0.022
DOD,2025Q2,0.021
DOD,2025Q1,0.06
DOD,2024Q3,0.016
DOD,2024Q2,-0.38
DOHOME,2025Q3,0.03
DOHOME,2025Q2,0.05
DOHOME,2025Q1,0.07
DOHOME,2024Q3,0.02
DOHOME,2024Q2,0.06
DPAINT,2025Q3,-0.15
DPAINT,2025Q2,-0.06
DPAINT,2025Q1,-0.07
DPAINT,2024Q3,-0.19
DPAINT,2024Q2,-0.18
DREIT,2025Q3,0.062433
DREIT,2025Q2,-0.04719
DREIT,2025Q1,0.241425
DREIT,2024Q3,-0.254836
DREIT,2024Q2,0.520419
DRT,2025Q3,0.05
DRT,2025Q2,0.12
DRT,2025Q1,0.12
DRT,2024Q3,0.1
DRT,2024Q2,0.18
DTCENT,2025Q3,0.02
DTCENT,2025Q2,0.02
DTCENT,2025Q1,0.02
DTCENT,2024Q3,0.02
DTCENT,2024Q2,0.03
DTCI,2025Q3,-0.2
DTCI,2025Q2,0.02
DTCI,2025Q1,-0.38
DTCI,2024Q3,-0.28
DTCI,2024Q2,0.2
DUSIT,2025Q3,-0.49
DUSIT,2025Q2,-0.38
DUSIT,2025Q1,0.02
DUSIT,2024Q3,-0.67
DUSIT,2024Q2,-0.19
DV8,2025Q3,0.107
DV8,2025Q2,-0.001
DV8,2025Q1,-0.015
DV8,2024Q3,0.008
DV8,2024Q2,0.001
EA,2025Q3,0.04
EA,2025Q2,-0.1
EA,2025Q1,0.04
EA,2024Q3,0.09
EA,2024Q2,0.4
EASON,2025Q3,0.0468
EASON,2025Q2,0.0327
EASON,2025Q1,0.0343
EASON,2024Q3,0.0283
EASON,2024Q2,0.0423
EAST,2025Q3,0.0168
EAST,2025Q2,0.0239
EAST,2025Q1,0.014
EAST,2024Q3,0.0065
EAST,2024Q2,0.0184
EASTW,2025Q3,-0.009
EASTW,2025Q2,0.003
EASTW,2025Q1,0.004
EASTW,2024Q3,-0.014
EASTW,2024Q2,0.042
ECF,2025Q3,-0.056116
ECF,2025Q2,-0.836969
ECF,2025Q1,-0.151397
ECF,2024Q3,-0.186474
ECF,2024Q2,-0.109313
EFORL,2025Q3,0.005
EFORL,2025Q2,0.0041
EFORL,2025Q1,-0.0011
EFORL,2024Q3,0.0092
EFORL,2024Q2,-0.0051
EGCO,2025Q3,-1.25
EGCO,2025Q2,4.1
EGCO,2025Q1,6.79
EGCO,2024Q3,4.68
EGCO,2024Q2,2.65
EKH,2025Q3,0.0911
EKH,2025Q2,0.0574
EKH,2025Q1,0.070049
EKH,2024Q3,0.125
EKH,2024Q2,0.0808
EMC,2025Q3,-0.0094
EMC,2025Q2,-0.0028
EMC,2025Q1,-0.0164
EMC,2024Q3,-0.0033
EMC,2024Q2,0.0017
EMPIRE,2025Q3,-0.03
EMPIRE,2025Q2,0.01
EMPIRE,2025Q1,0.06
EMPIRE,2024Q3,-0.45
EMPIRE,2024Q2,-0.05
EP,2025Q3,-0.17
EP,2025Q2,-0.61
EP,2025Q1,-0.08
EP,2024Q3,-0.56
EP,2024Q2,-0.17
EPG,2025Q3,0.113
EPG,2025Q2,0.095
EPG,2024Q4,0.059
EPG,2024Q3,0.047
EPG,2024Q2,0.091
ERW,2025Q3,0.0116
ERW,2025Q2,0.0129
ERW,2025Q1,0.0707
ERW,2024Q3,0.0255
ERW,2024Q2,0.0791
ESTAR,2025Q3,-0.0039
ESTAR,2025Q2,0.0019
ESTAR,2025Q1,-0.0018
ESTAR,2024Q3,-0.0017
ESTAR,2024Q2,-0.0075
ETC,2025Q3,0.19
ETC,2025Q2,0.005
ETC,2025Q1,0.0119
ETC,2024Q3,0.013
ETC,2024Q2,0.026
ETE,2025Q3,0.002
ETE,2025Q2,0.004
ETE,2025Q1,0.01
ETE,2024Q3,0.007
ETE,2024Q2,0.012
ETL,2025Q3,0.018
ETL,2025Q2,0.035
ETL,2025Q1,0.02
ETL,2024Q3,-0.021
ETL,2024Q2,0.025
EURO,2025Q3,0.13
EURO,2025Q2,0.12
EURO,2025Q1,0.11
EURO,2024Q3,0.11
EURO,2024Q2,0.05
EVER,2025Q3,0.0211
EVER,2025Q2,-0.0188
EVER,2025Q1,-0.0215
EVER,2024Q3,-0.011
EVER,2024Q2,-0.0158
FANCY,2025Q3,0.0001
FANCY,2025Q2,-0.0018
FANCY,2025Q1,-0.0022
FANCY,2024Q3,0.0039
FANCY,2024Q2,0.0049
FE,2025Q3,3.77
FE,2025Q2,2.66
FE,2025Q1,-0.66
FE,2024Q3,4.42
FE,2024Q2,7.07
FLOYD,2025Q3,0.123
FLOYD,2025Q2,0.048
FLOYD,2025Q1,0.01335
FLOYD,2024Q3,0.035
FLOYD,2024Q2,0.022
FM,2025Q3,0.174
FM,2025Q2,0.19
FM,2025Q1,0.19
FM,2024Q3,0.167
FM,2024Q2,0.242996
FMT,2025Q3,-1.04
FMT,2025Q2,-0.3
FMT,2025Q1,0.48
FMT,2024Q3,-1.59
FMT,2024Q2,-0.24
FN,2025Q3,-0.015
FN,2025Q2,-0.021
FN,2025Q1,-0.014
FN,2024Q3,-0.012
FN,2024Q2,-0.02
FNS,2025Q3,-0.38
FNS,2025Q2,-0.23
FNS,2025Q1,-0.35
FNS,2024Q3,-0.48
FNS,2024Q2,-0.9
FORTH,2024Q3,0.02
FORTH,2024Q2,0.11
FORTH,2024Q1,0.09
FPI,2025Q3,0.07
FPI,2025Q2,0.04
FPI,2025Q1,0.05
FPI,2024Q3,0.0
FPI,2024Q2,0.07
FPT,2025Q2,0.27
FPT,2025Q1,0.1
FPT,2024Q4,0.14
FPT,2024Q2,0.14
FPT,2024Q1,0.06
FSMART,2025Q3,0.19
FSMART,2025Q2,0.21
FSMART,2025Q1,0.2
FSMART,2024Q3,0.15
FSMART,2024Q2,0.13
FSX,2025Q3,-0.06
FSX,2025Q2,-0.11
FSX,2025Q1,-0.08
FSX,2024Q3,0.04
FSX,2024Q2,-0.16
FTE,2025Q3,0.05
FTE,2025Q2,0.05
FTE,2025Q1,0.05
FTE,2024Q3,0.08
FTE,2024Q2,0.02
FTI,2025Q3,0.0279
FTI,2025Q2,0.03
FTI,2025Q1,0.02
FTI,2024Q3,-0.0037
FTI,2024Q2,0.03
FTREIT,2025Q2,0.24976
FTREIT,2025Q1,0.272083
FTREIT,2024Q4,0.192717
FTREIT,2024Q2,0.187431
FTREIT,2024Q1,0.167456
FUTURERT,2025Q3,0.201586
FUTURERT,2025Q2,0.279591
FUTURERT,2025Q1,0.244664
FUTURERT,2024Q2,0.153577
FUTURERT,2024Q1,0.150278
FVC,2025Q3,0.0131
FVC,2025Q2,0.0108
FVC,2025Q1,0.0245
FVC,2024Q3,-0.0053
FVC,2024Q2,0.0155
GABLE,2025Q3,0.16
GABLE,2025Q2,0.11
GABLE,2025Q1,-0.01
GABLE,2024Q3,0.07
GABLE,2024Q2,0.09
GAHREIT,2025Q3,0.169949
GAHREIT,2025Q2,0.172074
GAHREIT,2025Q1,-0.3609
GAHREIT,2024Q3,0.173191
GAHREIT,2024Q2,0.171687
GBX,2025Q3,0.0879
GBX,2025Q2,-0.0039
GBX,2025Q1,-0.0132
GBX,2024Q3,0.0209
GBX,2024Q2,-0.0023
GC,2025Q3,0.13
GC,2025Q2,0.11
GC,2025Q1,0.12
GC,2024Q3,0.09
GC,2024Q2,0.1
GCAP,2025Q3,-0.008
GCAP,2025Q2,0.003
GCAP,2025Q1,0.0003
GCAP,2024Q3,-0.015
GCAP,2024Q2,0.01
GEL,2025Q3,-0.0131
GEL,2025Q2,-0.01549
GEL,2025Q1,-0.00961
GEL,2024Q3,-0.0107
GEL,2024Q2,-0.01146
GENCO,2025Q3,0.012
GENCO,2025Q2,0.0
GENCO,2025Q1,0.005
GENCO,2024Q3,0.001
GENCO,2024Q2,0.005
GFC,2025Q3,0.03
GFC,2025Q2,0.03
GFC,2025Q1,0.03
GFC,2024Q3,0.08
GFC,2024Q2,0.08
GFPT,2025Q3,0.57
GFPT,2025Q2,0.51
GFPT,2025Q1,0.51
GFPT,2024Q3,0.43
GFPT,2024Q2,0.47
GGC,2025Q3,-0.38
GGC,2025Q2,-0.16
GGC,2025Q1,-0.2
GGC,2024Q3,-0.18
GGC,2024Q2,-0.17
GJS,2025Q3,-0.01
GJS,2025Q2,-0.012
GJS,2025Q1,-0.012
GJS,2024Q3,-0.015
GJS,2024Q2,-0.008
GLAND,2025Q3,0.019
GLAND,2025Q2,0.019
GLAND,2025Q1,0.016
GLAND,2024Q3,0.021
GLAND,2024Q2,0.013
GLOBAL,2025Q2,0.0963
GLOBAL,2025Q1,0.1196
GLOBAL,2024Q3,0.0673
GLOBAL,2024Q2,0.1415
GLOBAL,2024Q1,0.1394
GLORY,2025Q3,-0.02
GLORY,2025Q2,-0.02
GLORY,2025Q1,-0.0115
GLORY,2024Q3,-0.02
GLORY,2024Q2,-0.02
GPI,2025Q3,-0.1
GPI,2025Q2,0.09
GPI,2025Q1,0.26
GPI,2024Q3,-0.07
GPI,2024Q2,0.1
GPSC,2025Q2,0.72
GPSC,2025Q1,0.4
GPSC,2024Q3,0.27
GPSC,2024Q2,0.51
GPSC,2024Q1,0.31
GRAMMY,2025Q3,-0.14
GRAMMY,2025Q2,-0.003
GRAMMY,2025Q1,0.13
GRAMMY,2024Q3,-0.03
GRAMMY,2024Q2,0.03
GRAND,2025Q3,-0.037
GRAND,2025Q2,-0.03
GRAND,2025Q1,-0.011
GRAND,2024Q3,-0.009
GRAND,2024Q2,-0.028
GREEN,2025Q3,0.009
GREEN,2025Q2,-0.008
GREEN,2025Q1,-0.03
GREEN,2024Q3,0.018
GREEN,2024Q2,0.004
GROREIT,2025Q3,0.217717
GROREIT,2025Q2,0.211298
GROREIT,2025Q1,0.175644
GROREIT,2024Q3,0.205533
GROREIT,2024Q2,0.200886
GSTEEL,2025Q3,-0.016
GSTEEL,2025Q2,-0.014
GSTEEL,2025Q1,-0.016
GSTEEL,2024Q3,-0.009
GSTEEL,2024Q2,-0.019
GTB,2025Q3,0.0198
GTB,2025Q2,0.0195
GTB,2025Q1,0.0234
GTB,2024Q3,0.0284
GTB,2024Q2,0.0255
GTV,2025Q3,-0.0002
GTV,2025Q2,0.0006
GTV,2025Q1,0.0009
GTV,2024Q3,-0.002
GTV,2024Q2,-0.0027
GULF,2025Q3,0.49
GULF,2025Q2,4.28
GULF,2025Q1,0.46
GULF,2024Q3,0.51
GULF,2024Q2,0.4
GUNKUL,2025Q3,0.05
GUNKUL,2025Q2,0.06
GUNKUL,2025Q1,0.04
GUNKUL,2024Q3,0.04
GUNKUL,2024Q2,0.05
GVREIT,2025Q2,0.240517
GVREIT,2025Q1,0.245577
GVREIT,2024Q4,0.250187
GVREIT,2024Q2,0.205934
GVREIT,2024Q1,0.219485
GYT,2025Q3,11.89
GYT,2025Q2,7.14
GYT,2025Q1,13.08
GYT,2024Q3,13.64
GYT,2024Q2,6.46
HANA,2025Q3,0.02
HANA,2025Q2,0.0
HANA,2025Q1,0.54
HANA,2024Q3,0.46
HANA,2024Q2,0.43
HANN,2025Q3,0.007
HANN,2025Q2,0.000841
HANN,2024Q3,0.015638
HANN,2024Q2,0.010293
HARN,2025Q3,0.04
HARN,2025Q2,0.04
HARN,2025Q1,0.03
HARN,2024Q3,0.06
HARN,2024Q2,0.03
HEALTH,2025Q3,-0.017
HEALTH,2025Q2,-0.012
HEALTH,2025Q1,-0.002271
HEALTH,2024Q3,-0.018
HEALTH,2024Q2,-0.644
HENG,2025Q3,0.002
HENG,2025Q2,0.003
HENG,2025Q1,0.01
HENG,2024Q3,0.005
HENG,2024Q2,-0.008
HFT,2025Q3,0.02
HFT,2025Q2,0.04
HFT,2025Q1,0.12
HFT,2024Q3,-0.06
HFT,2024Q2,0.17
HL,2025Q3,0.05
HL,2025Q2,0.06
HL,2025Q1,0.08
HL,2024Q3,0.06
HL,2024Q2,0.04
HMPRO,2025Q2,0.11
HMPRO,2025Q1,0.13
HMPRO,2024Q3,0.11
HMPRO,2024Q2,0.12
HMPRO,2024Q1,0.13
HPT,2025Q3,0.005
HPT,2025Q2,0.005
HPT,2025Q1,0.007
HPT,2024Q3,0.009
HPT,2024Q2,0.011
HTC,2025Q3,0.326
HTC,2025Q2,0.355
HTC,2025Q1,0.453
HTC,2024Q3,0.321
HTC,2024Q2,0.396
HTECH,2025Q3,0.12
HTECH,2025Q2,0.08
HTECH,2025Q1,0.08
HTECH,2024Q3,0.07
HTECH,2024Q2,0.1
HUMAN,2025Q3,0.09
HUMAN,2025Q2,0.1
HUMAN,2025Q1,0.09
HUMAN,2024Q3,0.07
HUMAN,2024Q2,0.09
HYDRO,2025Q3,0.202
HYDRO,2025Q2,0.024
HYDRO,2025Q1,0.0025
HYDRO,2024Q3,-0.678
HYDRO,2024Q2,-0.32
HYDROGEN,2025Q3,0.172978
HYDROGEN,2025Q2,0.173281
HYDROGEN,2025Q1,0.171548
HYDROGEN,2024Q3,0.150814
HYDROGEN,2024Q2,0.160813
I2,2025Q3,0.0006
I2,2025Q2,-0.0064
I2,2025Q1,0.002
I2,2024Q3,0.0186
I2,2024Q2,0.0675
ICC,2025Q3,-0.03
ICC,2025Q2,0.38
ICC,2025Q1,1.2118
ICC,2024Q3,-0.1
ICC,2024Q2,1.94
ICHI,2025Q3,0.28
ICHI,2025Q2,0.31
ICHI,2025Q1,0.19
ICHI,2024Q3,0.27
ICHI,2024Q2,0.29
ICN,2025Q3,0.04
ICN,2025Q2,0.04
ICN,2025Q1,0.04
ICN,2024Q3,0.05
ICN,2024Q2,0.06
IFS,2025Q3,0.09
IFS,2025Q2,0.08
IFS,2025Q1,-0.03
IFS,2024Q3,0.07
IFS,2024Q2,0.07
IHL,2025Q3,0.03
IHL,2025Q2,0.08
IHL,2025Q1,0.08
IHL,2024Q3,-0.03
IHL,2024Q2,0.06
IIG,2025Q3,-0.38
IIG,2025Q2,-0.32
IIG,2025Q1,-0.83
IIG,2024Q3,0.0005
IIG,2024Q2,-0.24
III,2025Q3,0.1317
III,2025Q2,0.0952
III,2025Q1,0.1389
III,2024Q3,0.1282
III,2024Q2,0.1293
ILINK,2025Q3,0.16
ILINK,2025Q2,0.12
ILINK,2025Q1,0.17
ILINK,2024Q3,0.26
ILINK,2024Q2,0.21
ILM,2025Q3,0.36
ILM,2025Q2,0.35
ILM,2025Q1,0.43
ILM,2024Q3,0.38
ILM,2024Q2,0.34
IMH,2025Q3,-0.1707
IMH,2025Q2,-0.35
IMH,2025Q1,0.0411
IMH,2024Q3,-0.0793
IMH,2024Q2,0.01
IMPACT,2025Q3,0.131745
IMPACT,2025Q2,0.242743
IMPACT,2024Q4,0.187219
IMPACT,2024Q3,0.121818
IMPACT,2024Q2,0.255647
IND,2025Q3,0.07
IND,2025Q2,0.09
IND,2025Q1,0.06
IND,2024Q3,0.05
IND,2024Q2,0.02
INET,2025Q3,0.057
INET,2025Q2,0.114
INET,2025Q1,0.079
INET,2024Q3,0.165
INET,2024Q2,0.137
INETREIT,2025Q3,0.262625
INETREIT,2025Q2,0.271547
INETREIT,2025Q1,0.255251
INETREIT,2024Q3,0.228633
INETREIT,2024Q2,0.227424
INGRS,2025Q3,0.0656
INGRS,2025Q2,-0.0443
INGRS,2024Q4,0.018
INGRS,2024Q3,-0.0066
INGRS,2024Q2,0.0212
INOX,2025Q3,0.005
INOX,2025Q2,0.0058
INOX,2025Q1,-0.0153
INOX,2024Q3,0.0078
INOX,2024Q2,0.0203
INSET,2025Q3,0.02
INSET,2025Q2,0.01
INSET,2025Q1,0.01
INSET,2024Q3,0.05
INSET,2024Q2,0.03
INSURE,2025Q3,8.24
INSURE,2025Q2,2.96
INSURE,2025Q1,-12.21
INSURE,2024Q3,5.79
INSURE,2024Q2,-4.72
IP,2025Q3,0.072
IP,2025Q2,0.0466
IP,2025Q1,0.0428
IP,2024Q3,0.0061
IP,2024Q2,0.0056
IRC,2025Q2,0.33
IRC,2025Q1,0.27
IRC,2024Q4,0.17
IRC,2024Q2,0.83
IRC,2024Q1,0.47
IRCP,2025Q3,-0.28
IRCP,2025Q2,-0.02
IRCP,2025Q1,-0.01
IRCP,2024Q3,0.02
IRCP,2024Q2,0.01
IROYAL,2025Q2,0.17
IROYAL,2025Q1,0.04
IROYAL,2024Q2,0.050057
IROYAL,2024Q1,0.144026
IRPC,2025Q2,-0.1
IRPC,2025Q1,-0.06
IRPC,2024Q3,-0.24
IRPC,2024Q2,-0.04
IRPC,2024Q1,0.08
ISSARA,2025Q3,0.16147337
ISSARA,2025Q2,0.15049503
ISSARA,2025Q1,0.15798669
ISSARA,2024Q3,0.1064135
ISSARA,2024Q2,0.15293553
IT,2025Q3,0.108
IT,2025Q2,0.134
IT,2025Q1,0.079
IT,2024Q3,0.092
IT,2024Q2,0.105
ITC,2025Q2,0.23
ITC,2025Q1,0.23
ITC,2024Q3,0.33
ITC,2024Q2,0.34
ITC,2024Q1,0.27
ITD,2025Q3,-0.275
ITD,2025Q2,0.3937
ITD,2025Q1,1.2817
ITD,2024Q3,-0.5342
ITD,2024Q2,-0.3349
ITEL,2025Q3,-0.03
ITEL,2025Q2,0.01
ITEL,2025Q1,0.02
ITEL,2024Q3,0.02
ITEL,2024Q2,0.02
ITNS,2025Q3,0.06
ITNS,2025Q2,0.04
ITNS,2025Q1,0.03
ITNS,2024Q3,0.05
ITNS,2024Q2,0.01
ITTHI,2025Q3,0.02
ITTHI,2025Q2,0.028
ITTHI,2025Q1,0.038
ITTHI,2024Q3,0.015
ITTHI,2024Q2,0.021
IVF,2025Q3,-0.0083
IVF,2025Q2,-0.0138
IVF,2025Q1,-0.0092
IVF,2024Q3,0.010334
IVF,2024Q2,0.018086
IVL,2025Q3,-0.19
IVL,2025Q2,-0.13
IVL,2025Q1,-0.27
IVL,2024Q3,0.2
IVL,2024Q2,-4.13
J,2025Q3,-0.0779
J,2025Q2,-0.0694
J,2025Q1,-0.021
J,2024Q3,0.0119
J,2024Q2,0.092
JAK,2025Q3,0.027
JAK,2025Q2,0.024
JAK,2025Q1,0.007
JAK,2024Q3,0.013
JAK,2024Q2,0.006
JAS,2025Q3,0.224
JAS,2025Q2,-0.018
JAS,2025Q1,0.021
JAS,2024Q3,0.024
JAS,2024Q2,0.009
JCK,2025Q3,-0.046
JCK,2025Q2,-0.039
JCK,2025Q1,-0.035
JCK,2024Q3,-0.025
JCK,2024Q2,0.013
JCT,2025Q3,2.13
JCT,2025Q2,2.29
JCT,2025Q1,2.57
JCT,2024Q3,0.65
JCT,2024Q2,2.06
JDF,2025Q3,0.058
JDF,2025Q2,0.014
JDF,2025Q1,0.028
JDF,2024Q3,0.041
JDF,2024Q2,0.016
JMART,2025Q3,0.056
JMART,2025Q2,0.076
JMART,2025Q1,0.096
JMART,2024Q3,0.174
JMART,2024Q2,0.234
JMT,2025Q3,0.16
JMT,2025Q2,0.17
JMT,2025Q1,0.23
JMT,2024Q3,0.29
JMT,2024Q2,0.25
JPARK,2025Q3,0.03
JPARK,2025Q2,0.05
JPARK,2025Q1,0.06
JPARK,2024Q3,0.23
JPARK,2024Q2,0.06
JR,2025Q3,0.0342
JR,2025Q2,0.029
JR,2025Q1,-0.0013
JR,2024Q3,0.0362
JR,2024Q2,0.0004
JSP,2025Q3,0.03
JSP,2025Q2,0.06
JSP,2025Q1,0.02
JSP,2024Q3,0.07
JSP,2024Q2,0.03
JTS,2025Q3,0.006
JTS,2025Q2,0.003
JTS,2025Q1,0.155
JTS,2024Q3,0.179
JTS,2024Q2,0.271
JUBILE,2025Q3,0.1
JUBILE,2025Q2,0.1
JUBILE,2025Q1,0.15
JUBILE,2024Q3,0.14
JUBILE,2024Q2,0.22
K,2025Q3,0.017
K,2025Q2,-0.087
K,2025Q1,0.02
K,2024Q3,0.004
K,2024Q2,0.013
KAMART,2025Q3,0.142
KAMART,2025Q2,0.114
KAMART,2025Q1,0.155
KAMART,2024Q3,0.136
KAMART,2024Q2,0.041
KASET,2025Q3,-0.0586
KASET,2025Q2,-0.0571
KASET,2025Q1,-0.0602
KASET,2024Q3,-0.0687
KASET,2024Q2,-0.0563
KBANK,2025Q3,5.35
KBANK,2025Q2,5.27
KBANK,2025Q1,5.67
KBANK,2024Q3,5.05
KBANK,2024Q2,5.44
KBS,2025Q3,-0.07
KBS,2025Q2,0.52
KBS,2025Q1,1.06
KBS,2024Q3,-0.09
KBS,2024Q2,0.56
KC,2025Q3,-0.004
KC,2025Q2,-0.0038
KC,2025Q1,-0.00393
KC,2024Q3,-0.007
KC,2024Q2,-0.0054
KCAR,2025Q3,0.2
KCAR,2025Q2,0.18
KCAR,2025Q1,0.2
KCAR,2024Q3,0.12
KCAR,2024Q2,0.1
KCC,2025Q3,0.03
KCC,2025Q2,0.16
KCC,2025Q1,0.02
KCC,2024Q3,0.03
KCC,2024Q2,0.04
KCE,2025Q3,0.25
KCE,2025Q2,0.15
KCE,2025Q1,0.19
KCE,2024Q3,0.18
KCE,2024Q2,0.54
KCG,2025Q3,0.16
KCG,2025Q2,0.18
KCG,2025Q1,0.22
KCG,2024Q3,0.14
KCG,2024Q2,0.17
KCM,2025Q3,-0.0114
KCM,2025Q2,-0.0049
KCM,2025Q1,-0.0038
KCM,2024Q3,-0.0105
KCM,2024Q2,-0.0077
KDH,2025Q3,2.41
KDH,2025Q2,2.03
KDH,2025Q1,2.09
KDH,2024Q3,2.49
KDH,2024Q2,1.63
KGEN,2025Q3,-0.02
KGEN,2025Q2,-0.041
KGEN,2025Q1,-0.022
KGEN,2024Q3,-0.049
KGEN,2024Q2,-0.031
KGI,2025Q3,0.18
KGI,2025Q2,0.07
KGI,2025Q1,0.1
KGI,2024Q3,0.1
KGI,2024Q2,0.06
KIAT,2025Q3,0.0016
KIAT,2025Q2,0.0055
KIAT,2025Q1,0.0061
KIAT,2024Q3,0.0026
KIAT,2024Q2,0.002
KISS,2025Q3,0.1
KISS,2025Q2,0.04
KISS,2025Q1,0.06
KISS,2024Q3,0.09
KISS,2024Q2,0.06
KJL,2025Q3,0.17
KJL,2025Q2,0.21
KJL,2025Q1,0.13
KJL,2024Q3,0.19
KJL,2024Q2,0.22
KK,2025Q3,0.01
KK,2025Q2,0.01
KK,2025Q1,0.01
KK,2024Q3,0.01
KK,2024Q2,0.01
KKC,2024Q3,-0.21
KKC,2024Q2,-0.18
KKC,2024Q1,-0.2
KKP,2025Q3,2.02
KKP,2025Q2,1.7
KKP,2025Q1,1.28
KKP,2024Q3,1.55
KKP,2024Q2,0.91
KLINIQ,2025Q3,0.36
KLINIQ,2025Q2,0.41
KLINIQ,2025Q1,0.39
KLINIQ,2024Q3,0.34
KLINIQ,2024Q2,0.34
KOOL,2025Q3,0.003
KOOL,2025Q2,0.001
KOOL,2025Q1,0.012
KOOL,2024Q3,0.002
KOOL,2024Q2,0.007
KPNREIT,2025Q3,0.004389
KPNREIT,2025Q2,-0.056633
KPNREIT,2025Q1,0.032044
KPNREIT,2024Q3,0.025659
KPNREIT,2024Q2,0.025198
KSL,2025Q3,0.006
KSL,2025Q2,0.033
KSL,2025Q1,0.027
KSL,2024Q3,0.042
KSL,2024Q2,0.074
KTB,2025Q3,1.05
KTB,2025Q2,0.8
KTB,2025Q1,0.84
KTB,2024Q3,0.84
KTB,2024Q2,0.84
KTBSTMR,2025Q3,0.075907
KTBSTMR,2025Q2,0.147791
KTBSTMR,2025Q1,0.147244
KTBSTMR,2024Q3,0.215423
KTBSTMR,2024Q2,0.178869
KTC,2025Q3,0.76
KTC,2025Q2,0.73
KTC,2025Q1,0.72
KTC,2024Q3,0.74
KTC,2024Q2,0.71
KTIS,2025Q2,0.097
KTIS,2025Q1,-0.062
KTIS,2024Q4,-0.26
KTIS,2024Q2,0.035
KTIS,2024Q1,0.076
KTMS,2025Q3,0.0409
KTMS,2025Q2,0.0328
KTMS,2025Q1,0.0377
KTMS,2024Q3,0.0095
KTMS,2024Q2,0.0234
KUMWEL,2025Q3,0.03
KUMWEL,2025Q2,0.02
KUMWEL,2025Q1,0.03
KUMWEL,2024Q3,0.02
KUMWEL,2024Q2,0.03
KUN,2025Q3,-0.004
KUN,2025Q2,0.03
KUN,2025Q1,-0.010481
KUN,2024Q3,0.012
KUN,2024Q2,0.01
KWC,2025Q3,4.23
KWC,2025Q2,3.92
KWC,2025Q1,4.01
KWC,2024Q3,3.49
KWC,2024Q2,4.06
KWI,2024Q3,-0.06
KWI,2024Q2,-0.12
KWI,2024Q1,-0.16
KWM,2025Q3,0.009
KWM,2025Q2,0.027
KWM,2025Q1,0.037
KWM,2024Q3,0.026
KWM,2024Q2,0.033
KYE,2025Q3,18.98
KYE,2025Q2,-0.23
KYE,2024Q4,18.63
KYE,2024Q3,13.1
KYE,2024Q2,3.12
LALIN,2025Q3,0.11
LALIN,2025Q2,0.14
LALIN,2025Q1,0.1
LALIN,2024Q3,0.2
LALIN,2024Q2,0.16
LANNA,2025Q3,0.19
LANNA,2025Q2,0.34
LANNA,2025Q1,0.46
LANNA,2024Q3,0.56
LANNA,2024Q2,0.92
LDC,2025Q3,-0.0076
LDC,2025Q2,-0.0067
LDC,2025Q1,-0.0019
LDC,2024Q3,-0.0022
LDC,2024Q2,0.0049
LEO,2025Q3,0.007
LEO,2025Q2,0.017
LEO,2025Q1,0.028
LEO,2024Q3,0.04
LEO,2024Q2,0.035
LH,2025Q3,0.07
LH,2025Q2,0.12
LH,2025Q1,0.07
LH,2024Q3,0.05
LH,2024Q2,0.09
LHFG,2025Q3,0.044
LHFG,2025Q2,0.026
LHFG,2025Q1,0.027
LHFG,2024Q3,0.027
LHFG,2024Q2,0.023
LHHOTEL,2025Q3,0.386474
LHHOTEL,2025Q2,0.323147
LHHOTEL,2025Q1,0.427201
LHHOTEL,2024Q3,0.515444
LHHOTEL,2024Q2,0.50634
LHK,2025Q3,0.06
LHK,2025Q2,0.07
LHK,2024Q4,0.07
LHK,2024Q3,0.06
LHK,2024Q2,0.08
LHRREIT,2025Q3,0.056118
LHRREIT,2025Q2,0.230561
LHRREIT,2025Q1,0.113918
LHRREIT,2024Q3,0.082115
LHRREIT,2024Q2,-0.445097
LHSC,2025Q3,0.58924
LHSC,2025Q2,0.330278
LHSC,2025Q1,0.533305
LHSC,2024Q3,0.578369
LHSC,2024Q2,0.313156
LIT,2025Q3,0.006
LIT,2025Q2,0.007
LIT,2025Q1,0.007
LIT,2024Q3,-0.879
LIT,2024Q2,-0.079
LOXLEY,2025Q3,0.06
LOXLEY,2025Q2,0.03
LOXLEY,2025Q1,0.03
LOXLEY,2024Q3,0.0
LOXLEY,2024Q2,0.0
LPH,2025Q3,0.08
LPH,2025Q2,0.08
LPH,2025Q1,0.05
LPH,2024Q3,0.06
LPH,2024Q2,0.02
LPN,2025Q3,0.04
LPN,2025Q2,0.01
LPN,2025Q1,0.01
LPN,2024Q3,0.03
LPN,2024Q2,0.07
LRH,2025Q3,-1.96
LRH,2025Q2,-0.75
LRH,2025Q1,4.08
LRH,2024Q3,2.05
LRH,2024Q2,0.09
LST,2025Q3,0.22
LST,2025Q2,0.16
LST,2025Q1,0.12
LST,2024Q3,0.22
LST,2024Q2,0.1
LTMH,2025Q3,0.04
LTMH,2025Q2,0.04
LTMH,2025Q1,0.01093
LTMH,2024Q3,0.04317
LTMH,2024Q2,0.027335
LTS,2025Q3,-0.007
LTS,2025Q2,0.1
LTS,2025Q1,0.09
LTS,2024Q3,0.102
LTS,2024Q2,0.093
M,2025Q3,0.25
M,2025Q2,0.3
M,2025Q1,0.26
M,2024Q3,0.37
M,2024Q2,0.44
M-CHAI,2025Q3,0.63
M-CHAI,2025Q2,0.27
M-CHAI,2025Q1,0.12
M-CHAI,2024Q3,0.4
M-CHAI,2024Q2,-0.02
MADAME,2025Q3,-0.005
MADAME,2025Q2,0.005
MADAME,2025Q1,0.066
MADAME,2024Q3,-0.032
MADAME,2024Q2,0.003
MAGURO,2025Q3,0.3
MAGURO,2025Q2,0.25
MAGURO,2025Q1,0.26
MAGURO,2024Q3,0.23
MAGURO,2024Q2,0.12
MAJOR,2025Q3,0.17
MAJOR,2025Q2,0.16
MAJOR,2025Q1,0.04
MAJOR,2024Q3,0.06
MAJOR,2024Q2,0.28
MALEE,2025Q3,0.04
MALEE,2025Q2,0.15
MALEE,2025Q1,0.13
MALEE,2024Q3,0.11
MALEE,2024Q2,0.19
MANRIN,2025Q3,0.44
MANRIN,2025Q2,0.14
MANRIN,2025Q1,0.52
MANRIN,2024Q3,0.68
MANRIN,2024Q2,0.26
MASTER,2025Q3,0.14
MASTER,2025Q2,0.17
MASTER,2025Q1,0.18
MASTER,2024Q3,0.35
MASTER,2024Q2,0.28
MATCH,2025Q3,-0.0199
MATCH,2025Q2,-0.0252
MATCH,2025Q1,-0.0168
MATCH,2024Q3,-0.0113
MATCH,2024Q2,0.0308
MATI,2025Q3,-0.09
MATI,2025Q2,-0.09
MATI,2025Q1,-0.18
MATI,2024Q3,-0.08
MATI,2024Q2,0.08
MBAX,2025Q3,0.06
MBAX,2025Q2,0.03
MBAX,2025Q1,0.04
MBAX,2024Q3,-0.08
MBAX,2024Q2,0.03
MBK,2025Q3,0.61
MBK,2025Q2,0.75
MBK,2025Q1,0.629
MBK,2024Q3,0.43
MBK,2024Q2,0.5
MC,2025Q3,0.15
MC,2025Q1,0.24
MC,2024Q4,0.38
MC,2024Q3,0.17
MC,2024Q1,0.21
MCA,2025Q3,0.03
MCA,2025Q2,0.02
MCA,2025Q1,0.03
MCA,2024Q3,0.02
MCA,2024Q2,0.03
MCOT,2025Q3,-0.04
MCOT,2025Q2,-0.09
MCOT,2025Q1,-0.12
MCOT,2024Q3,-0.08
MCOT,2024Q2,-0.1
MCS,2025Q3,0.49
MCS,2025Q2,0.5
MCS,2025Q1,0.46
MCS,2024Q3,0.31
MCS,2024Q2,0.24
MDX,2025Q3,0.402
MDX,2025Q2,0.12
MDX,2025Q1,0.181
MDX,2024Q3,0.26
MDX,2024Q2,0.066
MEB,2025Q3,0.34
MEB,2025Q2,0.34
MEB,2025Q1,0.38
MEB,2024Q3,0.35
MEB,2024Q2,0.39
MEDEZE,2025Q3,0.03
MEDEZE,2025Q2,0.05
MEDEZE,2025Q1,0.07
MEDEZE,2024Q3,0.088656
MEDEZE,2024Q2,0.081341
MEGA,2025Q3,0.57
MEGA,2025Q2,0.45
MEGA,2025Q1,0.52
MEGA,2024Q3,0.44
MEGA,2024Q2,0.59
MENA,2025Q3,0.02
MENA,2025Q2,0.02
MENA,2025Q1,0.02
MENA,2024Q3,0.03
MENA,2024Q2,0.02
META,2025Q3,-0.005
META,2025Q2,-0.006
META,2025Q1,-0.006
META,2024Q3,-0.01
META,2024Q2,-0.01
METCO,2025Q2,11.36
METCO,2025Q1,9.9
METCO,2024Q4,15.48
METCO,2024Q2,8.48
METCO,2024Q1,1.63
MFC,2025Q3,0.68
MFC,2025Q2,0.69
MFC,2025Q1,0.49
MFC,2024Q3,0.51
MFC,2024Q2,0.51
MFEC,2025Q3,0.17
MFEC,2025Q2,0.08
MFEC,2025Q1,0.14
MFEC,2024Q3,0.21
MFEC,2024Q2,0.2
MGC,2025Q3,0.227
MGC,2025Q2,0.049
MGC,2025Q1,0.049
MGC,2024Q3,0.009
MGC,2024Q2,0.045
MGI,2025Q3,0.21
MGI,2025Q2,0.01
MGI,2025Q1,0.42
MGI,2024Q3,0.04
MGI,2024Q2,0.28
MGT,2025Q3,0.05
MGT,2025Q2,0.06
MGT,2025Q1,0.07
MGT,2024Q3,0.04
MGT,2024Q2,0.07
MICRO,2025Q3,0.008
MICRO,2025Q1,0.007
MICRO,2024Q3,-0.067
MICRO,2024Q2,-0.0206
MICRO,2024Q1,-0.006
MIDA,2025Q3,-0.123
MIDA,2025Q2,-0.034
MIDA,2025Q1,0.006
MIDA,2024Q3,-0.026
MIDA,2024Q2,-0.028
MII,2025Q3,0.282174
MII,2025Q2,0.16275
MII,2025Q1,0.164872
MII,2024Q3,0.27975
MII,2024Q2,0.180186
MILL,2025Q3,-0.02
MILL,2025Q2,-0.01
MILL,2025Q1,-0.042
MILL,2024Q3,-0.489
MILL,2024Q2,-0.254
MINT,2025Q3,0.38
MINT,2025Q2,0.47
MINT,2025Q1,-0.0018
MINT,2024Q3,-0.06
MINT,2024Q2,0.42
MIPF,2025Q3,-0.000916
MIPF,2025Q2,0.171305
MIPF,2025Q1,0.185889
MIPF,2024Q3,0.040074
MIPF,2024Q2,0.143353
MITSIB,2025Q3,0.018
MITSIB,2025Q2,0.012
MITSIB,2025Q1,0.006
MITSIB,2024Q3,0.002
MITSIB,2024Q2,-0.006
MJD,2025Q3,-0.43
MJD,2025Q2,-0.3
MJD,2025Q1,-0.12
MJD,2024Q3,-0.18
MJD,2024Q2,-0.13
MJLF,2025Q3,0.218136
MJLF,2025Q2,0.211111
MJLF,2025Q1,0.515676
MJLF,2024Q3,0.167329
MJLF,2024Q2,0.190197
MK,2025Q3,-0.1
MK,2025Q2,-0.03
MK,2025Q1,-0.09
MK,2024Q3,-0.1
MK,2024Q2,-0.05
ML,2025Q3,-0.016
ML,2025Q2,-0.014
ML,2025Q1,0.003
ML,2024Q3,-0.011
ML,2024Q2,-0.013
MMM,2025Q3,0.132307
MMM,2024Q3,0.061663
MNIT,2025Q3,0.033681
MNIT,2025Q2,0.0515
MNIT,2025Q1,0.035645
MNIT,2024Q3,0.010261
MNIT,2024Q2,0.078732
MODERN,2025Q3,0.023
MODERN,2025Q2,0.013
MODERN,2025Q1,0.009
MODERN,2024Q3,0.085
MODERN,2024Q2,0.099
MONO,2025Q3,-0.0445
MONO,2025Q2,0.004
MONO,2025Q1,0.003
MONO,2024Q3,-0.0109
MONO,2024Q2,-0.005
MOONG,2025Q3,0.058
MOONG,2025Q2,0.024
MOONG,2025Q1,0.04
MOONG,2024Q3,0.015
MOONG,2024Q2,0.036
MORE,2025Q3,0.002
MORE,2025Q2,-4.9e-05
MORE,2025Q1,-0.001
MORE,2024Q3,0.0
MORE,2024Q2,-0.008
MOSHI,2025Q3,0.42
MOSHI,2025Q2,0.41
MOSHI,2025Q1,0.47
MOSHI,2024Q3,0.33
MOSHI,2024Q2,0.25
MOTHER,2025Q3,0.01
MOTHER,2025Q2,0.01
MOTHER,2025Q1,0.04
MOTHER,2024Q3,0.006491
MOTHER,2024Q2,0.010548
MPJ,2025Q3,0.16
MPJ,2025Q2,0.151
MPJ,2025Q1,0.148
MPJ,2024Q3,0.157789
MPJ,2024Q2,0.129042
MSC,2025Q3,0.05
MSC,2025Q2,0.05
MSC,2025Q1,0.32
MSC,2024Q3,0.07
MSC,2024Q2,0.12
MST,2025Q3,0.11
MST,2025Q2,0.004
MST,2025Q1,0.23
MST,2024Q3,0.26
MST,2024Q2,0.082
MTC,2025Q3,0.81
MTC,2025Q2,0.78
MTC,2025Q1,0.74
MTC,2024Q3,0.7
MTC,2024Q2,0.68
MTI,2025Q3,0.53
MTI,2025Q2,0.66
MTI,2025Q1,0.325
MTI,2024Q3,0.69
MTI,2024Q2,0.8
MTW,2025Q3,-0.0166
MTW,2025Q2,-0.0051
MTW,2025Q1,0.0024
MTW,2024Q3,-0.0167
MTW,2024Q2,-0.008
MUD,2025Q3,-0.236
MUD,2025Q2,-0.06
MUD,2025Q1,-0.032
MUD,2024Q3,-0.093
MUD,2024Q2,-0.052
MVP,2025Q3,-0.19
MVP,2025Q2,-0.028
MVP,2025Q1,-0.12
MVP,2024Q3,-0.064
MVP,2024Q2,0.026
NAM,2025Q3,0.0316
NAM,2025Q2,0.0179
NAM,2025Q1,0.087
NAM,2024Q3,0.1012
NAM,2024Q2,0.0572
NAT,2025Q3,0.01
NAT,2025Q2,-0.001
NAT,2025Q1,0.003
NAT,2024Q3,0.13
NAT,2024Q2,0.166
NATION,2025Q3,-0.001279
NATION,2025Q2,-0.002558
NATION,2025Q1,-0.004477
NATION,2024Q3,-0.002558
NATION,2024Q2,-0.021105
NC,2025Q3,-0.02
NC,2025Q2,0.03
NC,2025Q1,0.0
NC,2024Q3,-0.009804
NC,2024Q2,-0.01
NCAP,2025Q3,0.11
NCAP,2025Q2,0.11
NCAP,2025Q1,0.1
NCAP,2024Q3,0.05
NCAP,2024Q2,0.04
NCH,2025Q3,-0.0177
NCH,2025Q2,-0.021
NCH,2025Q1,-0.022
NCH,2024Q3,-0.0004
NCH,2024Q2,-0.002
NCL,2025Q3,0.001
NCL,2025Q2,0.004
NCL,2025Q1,-0.045
NCL,2024Q3,-0.302
NCL,2024Q2,-0.083
NCP,2025Q3,0.026
NCP,2025Q2,0.029
NCP,2025Q1,0.032
NCP,2024Q3,0.029
NCP,2024Q2,0.03
NDR,2025Q3,0.0115
NDR,2025Q2,0.0014
NDR,2025Q1,0.0096
NDR,2024Q3,0.0092
NDR,2024Q2,0.0136
NEO,2025Q3,0.2
NEO,2025Q2,0.27
NEO,2025Q1,0.85
NEO,2024Q3,0.77
NEO,2024Q2,0.9
NEP,2025Q3,0.004
NEP,2025Q2,-0.001
NEP,2025Q1,0.002
NEP,2024Q3,0.0007
NEP,2024Q2,0.002
NER,2025Q3,0.1767
NER,2025Q2,0.2998
NER,2025Q1,0.3295
NER,2024Q3,0.1953
NER,2024Q2,0.2586
NETBAY,2025Q3,0.32
NETBAY,2025Q2,0.38
NETBAY,2025Q1,0.35
NETBAY,2024Q3,0.26
NETBAY,2024Q2,0.27
NEW,2025Q3,1.88
NEW,2025Q2,1.04
NEW,2025Q1,0.55
NEW,2024Q3,1.66
NEW,2024Q2,0.84
NEWS,2025Q3,-0.00015
NEWS,2025Q2,-0.00026
NEWS,2025Q1,-0.000332
NEWS,2024Q3,-0.00025
NEWS,2024Q2,-0.00063
NEX,2025Q3,-0.01
NEX,2025Q2,0.05
NEX,2025Q1,-0.038995
NEX,2024Q3,-0.09
NEX,2024Q2,-0.26
NFC,2025Q3,0.0208
NFC,2025Q2,0.0199
NFC,2025Q1,0.0121
NFC,2024Q3,0.0191
NFC,2024Q2,0.0097
NKI,2025Q3,0.78
NKI,2025Q2,-1.87
NKI,2025Q1,-9.15
NKI,2024Q3,-0.74
NKI,2024Q2,-0.01
NKT,2025Q3,0.12
NKT,2025Q2,0.08
NKT,2025Q1,0.1
NKT,2024Q3,0.162727
NKT,2024Q2,0.1
NL,2025Q3,-0.02
NL,2025Q2,-0.04
NL,2025Q1,0.01
NL,2024Q3,0.004
NL,2024Q2,0.01
NNCL,2025Q3,0.06
NNCL,2025Q2,0.02
NNCL,2025Q1,0.04
NNCL,2024Q3,0.03
NNCL,2024Q2,0.05
NOBLE,2025Q3,0.5
NOBLE,2025Q2,-0.04
NOBLE,2025Q1,0.06
NOBLE,2024Q3,-0.0024
NOBLE,2024Q2,0.09
NOVA,2025Q3,0.16
NOVA,2025Q2,0.18
NOVA,2025Q1,-0.02
NOVA,2024Q3,-0.02
NOVA,2024Q2,-0.08
NPK,2025Q3,0.94
NPK,2025Q2,1.33
NPK,2025Q1,0.67
NPK,2024Q3,0.3
NPK,2024Q2,-0.48
NRF,2025Q2,-0.059539
NRF,2025Q1,-0.129002
NRF,2024Q3,0.009923
NRF,2024Q2,0.0
NRF,2024Q1,0.039693
NSL,2025Q3,0.42
NSL,2025Q2,0.55
NSL,2025Q1,0.57
NSL,2024Q3,0.45
NSL,2024Q2,0.44
NTSC,2025Q3,0.26
NTSC,2025Q2,0.23
NTSC,2025Q1,0.21
NTSC,2024Q3,0.18
NTSC,2024Q2,0.16
NTV,2025Q3,0.47
NTV,2025Q2,0.35
NTV,2025Q1,0.48
NTV,2024Q3,0.79
NTV,2024Q2,0.47
NUT,2025Q3,0.07
NUT,2025Q2,0.123803
NUT,2025Q1,0.24045
NUT,2024Q3,0.113594
NUT,2024Q2,0.063896
NV,2025Q3,-0.04
NV,2025Q2,-0.02
NV,2025Q1,-0.02
NV,2024Q3,-0.09
NV,2024Q2,-0.05
NVD,2025Q3,0.03
NVD,2025Q2,-0.02
NVD,2025Q1,0.01
NVD,2024Q3,0.001968
NVD,2024Q2,0.002951
NWR,2025Q3,-0.0579
NWR,2025Q2,-0.0041
NWR,2025Q1,0.1
NWR,2024Q3,-0.4341
NWR,2024Q2,-0.3255
NYT,2025Q3,0.08
NYT,2025Q2,0.08
NYT,2025Q1,0.08
NYT,2024Q3,0.08
NYT,2024Q2,0.08
OCC,2025Q3,-0.0229
OCC,2025Q2,-0.0745
OCC,2025Q1,0.2725
OCC,2024Q3,-0.0188
OCC,2024Q2,0.1769
OGC,2025Q3,0.07
OGC,2025Q2,-1.34
OGC,2025Q1,-1.34
OGC,2024Q3,-3.1
OGC,2024Q2,-2.14
OHTL,2025Q3,-1.72
OHTL,2025Q2,-1.44
OHTL,2025Q1,12.84
OHTL,2024Q3,3.78
OHTL,2024Q2,2.37
OKJ,2025Q3,0.03
OKJ,2025Q2,0.04
OKJ,2025Q1,0.1
OKJ,2024Q3,0.098655
OKJ,2024Q2,0.097612
ONEE,2025Q3,0.086
ONEE,2025Q2,0.036
ONEE,2025Q1,-0.01
ONEE,2024Q3,0.069
ONEE,2024Q2,0.05
OR,2025Q3,0.22
OR,2025Q2,0.19
OR,2025Q1,0.36
OR,2024Q3,-0.13
OR,2024Q2,0.21
ORI,2025Q3,0.0749
ORI,2025Q2,0.1301
ORI,2025Q1,0.0455
ORI,2024Q3,0.1638
ORI,2024Q2,0.1841
ORN,2025Q3,0.0474
ORN,2025Q2,0.0167
ORN,2025Q1,0.0257
ORN,2024Q3,0.0378
ORN,2024Q2,-0.0016
OSP,2025Q3,0.23
OSP,2025Q2,0.34
OSP,2025Q1,0.42
OSP,2024Q3,-0.12
OSP,2024Q2,0.2
PACO,2025Q3,0.02
PACO,2025Q2,0.03
PACO,2025Q1,0.04
PACO,2024Q3,0.02
PACO,2024Q2,0.04
PAF,2025Q3,0.01
PAF,2025Q2,0.022
PAF,2025Q1,0.022
PAF,2024Q3,-0.016
PAF,2024Q2,-0.009
PANEL,2025Q3,0.03
PANEL,2025Q2,0.02
PANEL,2025Q1,0.02
PANEL,2024Q3,0.02
PANEL,2024Q2,0.01
PAP,2025Q3,0.03
PAP,2025Q2,0.04
PAP,2025Q1,0.08
PAP,2024Q3,-0.24
PAP,2024Q2,-0.04
PATO,2025Q3,0.11
PATO,2025Q2,0.15
PATO,2025Q1,0.12
PATO,2024Q3,0.2
PATO,2024Q2,0.15
PB,2025Q3,0.69
PB,2025Q2,0.64
PB,2025Q1,0.76
PB,2024Q3,0.92
PB,2024Q2,0.83
PCC,2025Q3,0.08
PCC,2025Q2,0.14
PCC,2025Q1,0.084
PCC,2024Q3,0.08
PCC,2024Q2,0.07
PCE,2025Q3,0.034
PCE,2025Q2,0.049
PCE,2025Q1,0.01
PCE,2024Q3,0.086
PCE,2024Q2,0.036462
PCSGH,2025Q3,0.091
PCSGH,2025Q2,0.077
PCSGH,2025Q1,0.12
PCSGH,2024Q3,0.05
PCSGH,2024Q2,0.095
PDG,2025Q3,0.07
PDG,2025Q2,0.06
PDG,2025Q1,0.081
PDG,2024Q3,0.05
PDG,2024Q2,0.061
PDJ,2025Q2,-0.1404
PDJ,2025Q1,-0.1213
PDJ,2024Q3,-0.1542
PDJ,2024Q2,0.0863
PDJ,2024Q1,-0.0651
PEACE,2025Q3,-0.03
PEACE,2025Q2,-0.003
PEACE,2025Q1,0.01
PEACE,2024Q3,0.02
PEACE,2024Q2,0.043
PEER,2025Q3,-0.1555
PEER,2025Q2,-0.0915
PEER,2025Q1,-0.0591
PEER,2024Q3,0.0975
PEER,2024Q2,-0.0892
PERM,2025Q3,-0.04
PERM,2025Q2,-0.02
PERM,2025Q1,-0.07
PERM,2024Q3,-0.12
PERM,2024Q2,-0.1
PF,2025Q3,-0.05
PF,2025Q2,-0.065
PF,2025Q1,-0.028
PF,2024Q3,-0.04
PF,2024Q2,-0.018
PG,2025Q3,0.07
PG,2025Q2,-0.17
PG,2025Q1,-0.03
PG,2024Q3,0.21
PG,2024Q2,-0.13
PHG,2025Q3,0.27
PHG,2025Q2,0.29
PHG,2025Q1,0.26
PHG,2024Q3,0.3
PHG,2024Q2,0.12
PHOL,2025Q3,0.1
PHOL,2025Q2,0.07
PHOL,2025Q1,0.08
PHOL,2024Q3,0.1
PHOL,2024Q2,0.08
PICO,2025Q3,0.056
PICO,2025Q2,-0.138
PICO,2025Q1,0.037
PICO,2024Q3,0.062
PICO,2024Q2,0.003
PIMO,2025Q3,0.03
PIMO,2025Q2,0.02
PIMO,2025Q1,0.03
PIMO,2024Q3,0.02
PIMO,2024Q2,0.04
PIN,2025Q3,0.05
PIN,2025Q2,0.15
PIN,2025Q1,0.05
PIN,2024Q3,0.41
PIN,2024Q2,0.36
PIS,2025Q3,0.15
PIS,2025Q2,0.15
PIS,2025Q1,0.14
PIS,2024Q3,0.044155
PIS,2024Q2,0.036876
PJW,2025Q3,0.069
PJW,2025Q2,0.058
PJW,2025Q1,0.088
PJW,2024Q3,0.044
PJW,2024Q2,0.025
PK,2025Q3,-0.06
PK,2025Q2,-0.03
PK,2025Q1,0.07
PK,2024Q3,-0.11
PK,2024Q2,0.03
PL,2025Q3,0.02
PL,2025Q2,0.05
PL,2025Q1,0.02
PL,2024Q3,0.01
PL,2024Q2,0.02
PLANB,2025Q3,0.06
PLANB,2025Q2,0.06
PLANB,2025Q1,0.04
PLANB,2024Q3,0.07
PLANB,2024Q2,0.06
PLANET,2025Q3,-0.01
PLANET,2025Q2,-0.04
PLANET,2025Q1,-0.04
PLANET,2024Q3,-0.05
PLANET,2024Q2,-0.07
PLAT,2025Q3,0.03
PLAT,2025Q2,0.03
PLAT,2025Q1,0.05
PLAT,2024Q3,0.04
PLAT,2024Q2,0.03
PLE,2025Q3,-0.039
PLE,2025Q2,0.053
PLE,2025Q1,0.004
PLE,2024Q3,-0.166
PLE,2024Q2,-0.171
PLT,2025Q3,0.02
PLT,2025Q2,0.02
PLT,2025Q1,0.01
PLT,2024Q3,0.02
PLT,2024Q2,0.02
PLUS,2025Q3,-0.02
PLUS,2025Q2,0.03
PLUS,2025Q1,-0.07
PLUS,2024Q3,0.03
PLUS,2024Q2,0.05
PM,2025Q3,0.27
PM,2025Q2,0.29
PM,2025Q1,0.29
PM,2024Q3,0.38
PM,2024Q2,0.19
PMC,2025Q3,0.051
PMC,2025Q2,0.028
PMC,2025Q1,0.039949
PMC,2024Q3,0.034
PMC,2024Q2,0.030505
PMTA,2025Q3,0.28
PMTA,2025Q2,0.61
PMTA,2025Q1,0.24
PMTA,2024Q3,0.44
PMTA,2024Q2,0.5
POLY,2025Q3,0.17
POLY,2025Q2,0.11
POLY,2025Q1,0.17
POLY,2024Q3,0.13
POLY,2024Q2,0.11
PORT,2025Q3,-0.011
PORT,2025Q2,0.012
PORT,2025Q1,-0.006
PORT,2024Q3,-0.004
PORT,2024Q2,0.013
PPM,2025Q3,0.0895
PPM,2025Q2,-0.0203
PPM,2025Q1,0.0988
PPM,2024Q3,0.024
PPM,2024Q2,0.0594
PPP,2025Q3,-0.01
PPP,2025Q2,-0.11
PPP,2025Q1,-0.03
PPP,2024Q3,-0.037
PPP,2024Q2,-0.05
PPPM,2025Q3,-0.069
PPPM,2025Q2,-0.057
PPPM,2025Q1,0.072
PPPM,2024Q3,-0.113
PPPM,2024Q2,-0.077
PPS,2025Q3,-0.006
PPS,2025Q2,-0.009
PPS,2025Q1,-0.002
PPS,2024Q3,-0.001
PPS,2024Q2,-0.011
PQS,2025Q3,-0.12
PQS,2025Q2,-0.035
PQS,2025Q1,0.08
PQS,2024Q3,0.12
PQS,2024Q2,-0.003
PR9,2025Q3,0.28
PR9,2025Q2,0.23
PR9,2025Q1,0.25
PR9,2024Q3,0.26
PR9,2024Q2,0.18
PRAKIT,2025Q3,-0.1
PRAKIT,2025Q2,-0.16
PRAKIT,2025Q1,-0.2198
PRAKIT,2024Q3,-0.23
PRAKIT,2024Q2,-0.27
PRAPAT,2025Q3,0.02
PRAPAT,2025Q2,0.01
PRAPAT,2025Q1,0.018182
PRAPAT,2024Q3,0.04
PRAPAT,2024Q2,0.02
PREB,2025Q3,0.11
PREB,2025Q2,0.102
PREB,2025Q1,0.065
PREB,2024Q3,0.062
PREB,2024Q2,0.284
PRECHA,2025Q3,-0.02
PRECHA,2025Q2,-0.03
PRECHA,2025Q1,-0.03
PRECHA,2024Q3,-0.03
PRECHA,2024Q2,-0.03
PRG,2025Q3,0.39
PRG,2025Q2,0.39
PRG,2025Q1,0.002
PRG,2024Q3,0.33
PRG,2024Q2,0.31
PRI,2025Q3,0.206
PRI,2025Q2,0.16
PRI,2025Q1,0.117
PRI,2024Q3,0.221
PRI,2024Q2,0.216
PRIME,2025Q3,-0.015
PRIME,2025Q2,-0.011
PRIME,2025Q1,-0.005
PRIME,2024Q3,-0.02
PRIME,2024Q2,-0.014
PRIN,2025Q3,0.01
PRIN,2025Q2,0.02
PRIN,2025Q1,-0.02
PRIN,2024Q3,0.02
PRIN,2024Q2,0.01
PRINC,2025Q3,-0.02
PRINC,2025Q2,-0.039
PRINC,2025Q1,-0.026
PRINC,2024Q3,0.195
PRINC,2024Q2,-0.037
PRM,2025Q3,0.25
PRM,2025Q2,0.2
PRM,2025Q1,0.31
PRM,2024Q3,0.19
PRM,2024Q2,0.27
PROEN,2025Q3,0.0
PROEN,2025Q2,0.09
PROEN,2025Q1,-0.04
PROEN,2024Q3,-0.05
PROEN,2024Q2,-0.05
PROS,2025Q3,-0.009
PROS,2025Q2,0.008
PROS,2025Q1,0.008
PROS,2024Q3,0.007
PROS,2024Q2,0.018
PROSPECT,2025Q3,0.243512
PROSPECT,2025Q2,0.154398
PROSPECT,2025Q1,0.197605
PROSPECT,2024Q3,0.225735
PROSPECT,2024Q2,0.215924
PROUD,2025Q3,0.056
PROUD,2025Q2,0.026
PROUD,2025Q1,0.066
PROUD,2024Q3,0.003
PROUD,2024Q2,0.012
PRTR,2025Q3,0.1
PRTR,2025Q2,0.1
PRTR,2025Q1,0.09
PRTR,2024Q3,0.1
PRTR,2024Q2,0.09
PSGC,2025Q3,0.041975
PSGC,2025Q2,0.0012
PSGC,2025Q1,0.006
PSGC,2024Q3,0.0008
PSGC,2024Q2,0.00876
PSH,2025Q3,0.05
PSH,2025Q2,0.03
PSH,2025Q1,0.01
PSH,2024Q3,0.17
PSH,2024Q2,0.14
PSL,2025Q2,-0.0287
PSL,2025Q1,-0.0901
PSL,2024Q3,0.1795
PSL,2024Q2,0.3396
PSL,2024Q1,0.26
PSP,2025Q3,0.15
PSP,2025Q2,0.19
PSP,2025Q1,0.19
PSP,2024Q3,0.08
PSP,2024Q2,0.14
PSTC,2025Q3,-0.0252
PSTC,2025Q2,-0.0272
PSTC,2025Q1,-0.0408
PSTC,2024Q3,-0.0745
PSTC,2024Q2,-0.0074
PT,2025Q3,0.3521
PT,2025Q2,0.12
PT,2025Q1,0.2049
PT,2024Q3,0.2327
PT,2024Q2,0.3167
PTC,2025Q3,0.0
PTC,2025Q2,0.0
PTC,2025Q1,0.01
PTC,2024Q3,0.03
PTC,2024Q2,0.04
PTECH,2025Q3,-2.41
PTECH,2025Q2,-0.58
PTECH,2025Q1,-0.5239
PTECH,2024Q3,-0.54
PTECH,2024Q2,-0.47
PTG,2025Q3,0.12
PTG,2025Q2,0.19
PTG,2025Q1,0.11
PTG,2024Q3,0.04
PTG,2024Q2,0.28
PTL,2025Q3,0.047
PTL,2025Q2,-0.4
PTL,2024Q4,0.382
PTL,2024Q3,0.681
PTL,2024Q2,0.388
PTT,2025Q3,0.69
PTT,2025Q2,0.76
PTT,2025Q1,0.81
PTT,2024Q3,0.57
PTT,2024Q2,1.25
PTTEP,2025Q2,3.41
PTTEP,2025Q1,4.17
PTTEP,2024Q3,4.5
PTTEP,2024Q2,6.04
PTTEP,2024Q1,4.71
PTTGC,2025Q3,-0.73
PTTGC,2025Q2,-0.85
PTTGC,2025Q1,-0.61
PTTGC,2024Q3,-4.28
PTTGC,2024Q2,0.41
PYLON,2025Q3,0.0829
PYLON,2025Q2,0.078
PYLON,2025Q1,0.024
PYLON,2024Q3,0.018
PYLON,2024Q2,-0.009
Q-CON,2025Q3,0.12
Q-CON,2025Q2,0.13
Q-CON,2025Q1,0.22
Q-CON,2024Q3,0.24
Q-CON,2024Q2,0.27
QDC,2025Q3,-0.117962
QDC,2025Q2,-0.194638
QDC,2025Q1,-0.122091
QDC,2024Q3,-0.078641
QDC,2024Q2,-0.147453
QH,2025Q3,0.04
QH,2025Q2,0.03
QH,2025Q1,0.04
QH,2024Q3,0.05
QH,2024Q2,0.05
QHBREIT,2025Q3,0.053414
QHBREIT,2025Q2,0.069817
QHBREIT,2025Q1,0.035205
QHBREIT,2024Q4,-0.07
QHBREIT,2024Q3,0.068227
QHHRREIT,2025Q3,-0.102545
QHHRREIT,2025Q2,0.980783
QHHRREIT,2025Q1,0.139676
QHHRREIT,2024Q3,0.997491
QHHRREIT,2024Q1,0.136539
QHOP,2025Q3,0.124558
QHOP,2025Q2,0.039922
QHOP,2025Q1,0.055646
QHOP,2024Q3,0.073513
QHOP,2024Q2,0.010073
QLT,2025Q3,-0.009
QLT,2025Q2,-0.003
QLT,2025Q1,-0.02
QLT,2024Q3,-0.092
QLT,2024Q2,0.041
QTC,2025Q3,-0.007
QTC,2025Q2,-0.034
QTC,2025Q1,0.013
QTC,2024Q3,0.027
QTC,2024Q2,0.026
QTCG,2025Q3,-0.0206
QTCG,2025Q2,0.0076
QTCG,2025Q1,-0.0146
QTCG,2024Q3,-0.418
QTCG,2024Q2,-0.0568
RABBIT,2025Q3,-0.0027
RABBIT,2025Q2,-0.01
RABBIT,2025Q1,0.0129
RABBIT,2024Q3,-0.0553
RABBIT,2024Q2,-0.0027
RAM,2025Q3,0.23
RAM,2025Q2,0.22
RAM,2025Q1,0.29
RAM,2024Q3,0.28
RAM,2024Q2,0.24
RATCH,2025Q3,1.0
RATCH,2025Q2,0.95
RATCH,2025Q1,0.56
RATCH,2024Q3,0.76
RATCH,2024Q2,1.05
RBF,2025Q3,0.05
RBF,2025Q2,0.05
RBF,2025Q1,0.05
RBF,2024Q3,0.05
RBF,2024Q2,0.05
RCL,2025Q3,2.78
RCL,2025Q2,2.42
RCL,2025Q1,2.48
RCL,2024Q3,4.94
RCL,2024Q2,1.39
READY,2025Q3,0.07
READY,2025Q2,0.07
READY,2025Q1,0.09
READY,2024Q3,0.08
READY,2024Q2,0.09
RICHY,2025Q3,-0.03
RICHY,2025Q2,-0.039
RICHY,2025Q1,-0.013
RICHY,2024Q3,-0.047
RICHY,2024Q2,-0.019
RJH,2025Q3,0.28
RJH,2025Q2,0.21
RJH,2025Q1,0.21
RJH,2024Q3,0.71
RJH,2024Q2,0.4
RML,2025Q3,-0.0433
RML,2025Q2,-0.0445
RML,2025Q1,-0.0246
RML,2024Q3,-0.0276
RML,2024Q2,-0.075
ROCK,2025Q3,0.42
ROCK,2025Q2,0.65
ROCK,2025Q1,-0.38
ROCK,2024Q3,0.41
ROCK,2024Q2,0.07
ROCTEC,2025Q3,0.015
ROCTEC,2025Q2,0.015
ROCTEC,2024Q4,0.01
ROCTEC,2024Q3,0.01
ROCTEC,2024Q2,0.009
ROH,2025Q3,-0.02
ROH,2025Q2,-0.02
ROH,2025Q1,0.05
ROH,2024Q3,-0.02
ROH,2024Q2,-0.05
ROJNA,2025Q3,0.337
ROJNA,2025Q2,-0.19
ROJNA,2025Q1,-0.211
ROJNA,2024Q3,1.12
ROJNA,2024Q2,0.311
RP,2025Q3,-0.04
RP,2025Q2,-0.01
RP,2025Q1,-0.03
RP,2024Q3,-0.02
RP,2024Q2,-0.07
RPC,2025Q3,0.0011
RPC,2025Q2,0.0006
RPC,2025Q1,-0.0155
RPC,2024Q3,-0.0147
RPC,2024Q2,-0.0207
RPH,2025Q3,0.11
RPH,2025Q2,0.07
RPH,2025Q1,0.08
RPH,2024Q3,0.12
RPH,2024Q2,0.06
RS,2025Q3,-0.0642
RS,2025Q2,-0.105
RS,2025Q1,-0.1258
RS,2024Q3,0.0839
RS,2024Q2,-0.0435
RSP,2025Q3,0.019
RSP,2025Q2,-0.021
RSP,2025Q1,0.002
RSP,2024Q3,0.058
RSP,2024Q2,0.021
RT,2025Q3,0.032
RT,2025Q2,0.01
RT,2025Q1,-0.07
RT,2024Q3,0.004
RT,2024Q2,0.01
RWI,2025Q3,0.0
RWI,2025Q2,-0.05
RWI,2025Q1,-0.04
RWI,2024Q3,0.003
RWI,2024Q2,0.1
S,2025Q3,0.008
S,2025Q2,-0.007
S,2025Q1,0.001
S,2024Q3,0.003
S,2024Q2,-0.008
S11,2025Q3,0.15
S11,2025Q2,0.14
S11,2025Q1,0.15
S11,2024Q3,0.1
S11,2024Q2,-0.05
SA,2025Q3,0.009125
SA,2025Q2,0.01
SA,2025Q1,0.06
SA,2024Q3,0.092024
SA,2024Q2,0.05
SAAM,2025Q3,0.0058
SAAM,2025Q2,-0.0648
SAAM,2025Q1,0.0249
SAAM,2024Q3,0.0052
SAAM,2024Q2,0.0164
SABINA,2025Q3,0.28
SABINA,2025Q2,0.29
SABINA,2025Q1,0.3
SABINA,2024Q3,0.32
SABINA,2024Q2,0.34
SAF,2025Q3,-0.005
SAF,2025Q2,-0.002
SAF,2025Q1,-0.001
SAF,2024Q3,-0.003
SAF,2024Q2,-0.005
SAFE,2025Q3,0.11
SAFE,2025Q2,0.11
SAFE,2025Q1,0.11
SAFE,2024Q3,0.1
SAFE,2024Q2,0.15
SAK,2025Q3,0.11
SAK,2025Q2,0.1
SAK,2025Q1,0.11
SAK,2024Q3,0.1
SAK,2024Q2,0.1
SALEE,2025Q3,0.0009
SALEE,2025Q2,0.0054
SALEE,2025Q1,0.0068
SALEE,2024Q3,0.0026
SALEE,2024Q2,0.0014
SAM,2025Q3,-0.0231
SAM,2025Q2,0.0012
SAM,2025Q1,-0.078
SAM,2024Q3,-0.062
SAM,2024Q2,0.0202
SAMART,2025Q3,0.086
SAMART,2025Q2,0.159
SAMART,2025Q1,0.055
SAMART,2024Q3,0.09
SAMART,2024Q2,-0.182
SAMCO,2025Q3,-0.032
SAMCO,2025Q2,-0.006
SAMCO,2025Q1,-0.011
SAMCO,2024Q3,-0.024
SAMCO,2024Q2,-0.045
SAMTEL,2025Q3,-0.07
SAMTEL,2025Q2,0.05
SAMTEL,2025Q1,0.09
SAMTEL,2024Q3,0.03
SAMTEL,2024Q2,0.02
SANKO,2025Q3,0.06
SANKO,2025Q2,0.04
SANKO,2025Q1,0.04
SANKO,2024Q3,0.07
SANKO,2024Q2,0.05
SAPPE,2025Q3,0.59
SAPPE,2025Q2,0.81
SAPPE,2025Q1,0.73
SAPPE,2024Q3,0.97
SAPPE,2024Q2,1.33
SAT,2025Q3,0.46
SAT,2025Q2,0.35
SAT,2025Q1,0.44
SAT,2024Q3,0.37
SAT,2024Q2,0.33
SAUCE,2025Q3,0.53
SAUCE,2025Q2,0.47
SAUCE,2025Q1,0.58
SAUCE,2024Q3,0.47
SAUCE,2024Q2,0.5
SAV,2025Q3,0.201
SAV,2025Q2,0.203
SAV,2025Q1,0.221
SAV,2024Q3,0.197
SAV,2024Q2,0.182
SAWAD,2025Q3,0.8
SAWAD,2025Q2,0.76
SAWAD,2025Q1,0.663636
SAWAD,2024Q3,0.78
SAWAD,2024Q2,0.76
SAWANG,2025Q3,-0.23
SAWANG,2025Q2,-0.33
SAWANG,2025Q1,-0.34
SAWANG,2024Q3,-0.25
SAWANG,2024Q2,-0.11
SC,2025Q3,0.0911
SC,2025Q2,0.0979
SC,2025Q1,0.0262
SC,2024Q3,0.1182
SC,2024Q2,0.1242
SCAP,2025Q3,0.04
SCAP,2025Q2,0.03
SCAP,2025Q1,0.029412
SCAP,2024Q3,0.03
SCAP,2024Q2,0.03
SCB,2025Q3,3.58
SCB,2025Q2,3.8
SCB,2025Q1,3.71
SCB,2024Q3,3.25
SCB,2024Q2,2.97
SCC,2025Q3,-0.56
SCC,2025Q2,14.45
SCC,2025Q1,0.92
SCC,2024Q3,0.6
SCC,2024Q2,3.09
SCCC,2025Q3,3.04
SCCC,2025Q2,3.22
SCCC,2025Q1,3.44
SCCC,2024Q3,2.65
SCCC,2024Q2,2.93
SCG,2025Q3,-0.008
SCG,2025Q2,-0.059
SCG,2025Q1,-0.017
SCG,2024Q3,-0.019
SCG,2024Q2,0.004
SCGD,2025Q3,0.18
SCGD,2025Q2,0.13
SCGD,2025Q1,0.13
SCGD,2024Q3,0.11
SCGD,2024Q2,0.17
SCGP,2025Q2,0.24
SCGP,2025Q1,0.21
SCGP,2024Q3,0.13
SCGP,2024Q2,0.34
SCGP,2024Q1,0.4
SCI,2025Q3,0.003
SCI,2025Q2,0.002
SCI,2025Q1,0.001
SCI,2024Q3,-0.064
SCI,2024Q2,-0.025
SCL,2025Q3,0.07
SCL,2025Q2,0.04
SCL,2025Q1,0.05
SCL,2024Q3,0.06
SCL,2024Q2,0.04
SCM,2025Q3,-0.042817
SCM,2025Q2,-0.05
SCM,2025Q1,-0.07
SCM,2024Q3,0.02
SCM,2024Q2,0.02
SCN,2025Q3,-0.105
SCN,2025Q2,0.006
SCN,2025Q1,0.000827
SCN,2024Q3,-0.203
SCN,2024Q2,0.006
SCP,2025Q3,0.34
SCP,2025Q2,0.36
SCP,2025Q1,0.29
SCP,2024Q3,0.34
SCP,2024Q2,0.2
SDC,2025Q3,0.0005
SDC,2025Q2,0.0004
SDC,2025Q1,0.001
SDC,2024Q3,0.0008
SDC,2024Q2,-0.001
SE,2025Q3,0.0159
SE,2025Q2,0.0112
SE,2025Q1,0.0099
SE,2024Q3,0.0125
SE,2024Q2,0.012
SE-ED,2025Q3,-0.09
SE-ED,2025Q2,0.096
SE-ED,2025Q1,-0.023
SE-ED,2024Q3,-0.063
SE-ED,2024Q2,0.07
SEAFCO,2025Q3,0.11
SEAFCO,2025Q2,0.05
SEAFCO,2025Q1,-0.08
SEAFCO,2024Q3,-0.01
SEAFCO,2024Q2,0.01
SEAOIL,2025Q3,0.0838
SEAOIL,2025Q2,0.0815
SEAOIL,2025Q1,0.1234
SEAOIL,2024Q3,0.1407
SEAOIL,2024Q2,0.141
SECURE,2025Q3,0.26
SECURE,2025Q2,0.31
SECURE,2025Q1,0.28
SECURE,2024Q3,0.1
SECURE,2024Q2,0.17
SEI,2025Q3,0.06
SEI,2025Q2,0.05
SEI,2025Q1,0.13
SEI,2024Q3,0.15
SEI,2024Q2,0.091654
SELIC,2025Q3,0.063
SELIC,2025Q2,0.048
SELIC,2025Q1,0.057
SELIC,2024Q3,0.034
SELIC,2024Q2,0.05
SENA,2025Q3,0.0538
SENA,2025Q2,0.0685
SENA,2025Q1,0.0772
SENA,2024Q3,0.0806
SENA,2024Q2,0.0517
SENX,2025Q3,0.0088
SENX,2025Q2,0.0084
SENX,2025Q1,0.0015
SENX,2024Q3,0.0048
SENX,2024Q2,0.013
SFLEX,2025Q3,0.08
SFLEX,2025Q2,0.069
SFLEX,2025Q1,0.083
SFLEX,2024Q3,0.1
SFLEX,2024Q2,0.083
SFT,2025Q3,0.05
SFT,2025Q2,0.03
SFT,2025Q1,0.04
SFT,2024Q3,-0.002
SFT,2024Q2,0.03
SGC,2025Q3,0.02
SGC,2025Q2,0.017
SGC,2025Q1,0.011
SGC,2024Q3,0.007
SGC,2024Q2,0.012
SGF,2025Q3,-0.0108
SGF,2025Q2,-0.0631
SGF,2025Q1,-0.0167
SGF,2024Q3,-0.0403
SGF,2024Q2,-0.0264
SGP,2025Q3,-0.12
SGP,2025Q2,-0.3
SGP,2025Q1,0.07
SGP,2024Q3,0.23
SGP,2024Q2,-0.01
SHANG,2025Q3,0.67
SHANG,2025Q2,-0.31
SHANG,2025Q1,1.23
SHANG,2024Q3,0.27
SHANG,2024Q2,0.69
SHR,2025Q3,0.036
SHR,2025Q2,0.007
SHR,2025Q1,0.049
SHR,2024Q3,-0.015
SHR,2024Q2,-0.02
SIAM,2025Q3,0.013
SIAM,2025Q2,0.021
SIAM,2025Q1,-0.003
SIAM,2024Q3,0.016
SIAM,2024Q2,-0.102
SICT,2025Q3,0.026
SICT,2025Q2,0.07
SICT,2025Q1,0.07
SICT,2024Q3,0.001
SICT,2024Q2,0.09
SIMAT,2025Q3,0.03
SIMAT,2025Q2,0.03
SIMAT,2025Q1,0.04
SIMAT,2024Q3,0.02
SIMAT,2024Q2,0.02
SINGER,2025Q3,0.07
SINGER,2025Q2,0.02
SINGER,2025Q1,0.02
SINGER,2024Q3,0.01
SINGER,2024Q2,0.03
SINO,2025Q3,0.02
SINO,2025Q2,0.01
SINO,2025Q1,0.025
SINO,2024Q3,0.04
SINO,2024Q2,0.01
SIRI,2025Q3,0.052
SIRI,2025Q2,0.065
SIRI,2025Q1,0.042
SIRI,2024Q3,0.071
SIRI,2024Q2,0.075
SIRIPRT,2025Q3,0.114941
SIRIPRT,2025Q2,0.113841
SIRIPRT,2025Q1,0.110641
SIRIPRT,2024Q4,0.20396
SIS,2025Q3,0.62
SIS,2025Q2,0.55
SIS,2025Q1,0.58
SIS,2024Q3,0.34
SIS,2024Q2,0.48
SISB,2025Q3,0.3
SISB,2025Q2,0.24
SISB,2025Q1,0.25
SISB,2024Q3,0.23
SISB,2024Q2,0.22
SITHAI,2025Q3,0.02
SITHAI,2025Q2,0.01
SITHAI,2025Q1,0.02
SITHAI,2024Q3,0.02
SITHAI,2024Q2,0.04
SJWD,2025Q3,0.14
SJWD,2025Q2,0.16
SJWD,2025Q1,0.2
SJWD,2024Q3,0.14
SJWD,2024Q2,0.28
SK,2025Q3,0.0304
SK,2025Q2,0.0067
SK,2025Q1,0.0065
SK,2024Q3,0.0534
SK,2024Q2,0.0097
SKE,2025Q3,-0.039
SKE,2025Q2,-0.039
SKE,2025Q1,-0.032
SKE,2024Q3,0.015
SKE,2024Q2,-0.012
SKIN,2025Q3,0.0022
SKIN,2024Q3,-0.009384
SKN,2025Q3,0.15
SKN,2025Q2,0.14
SKN,2025Q1,0.17
SKN,2024Q3,0.16
SKN,2024Q2,0.18
SKR,2025Q3,0.09
SKR,2025Q2,0.1
SKR,2025Q1,0.1
SKR,2024Q3,0.12
SKR,2024Q2,0.08
SKY,2025Q3,0.25
SKY,2025Q2,0.24
SKY,2025Q1,0.25
SKY,2024Q3,0.16
SKY,2024Q2,0.16
SLP,2025Q3,0.0045
SLP,2025Q2,0.0059
SLP,2025Q1,0.0107
SLP,2024Q3,0.0077
SLP,2024Q2,0.0063
SMART,2025Q3,0.0086
SMART,2025Q2,0.0019
SMART,2025Q1,0.0117
SMART,2024Q3,0.0207
SMART,2024Q2,0.0256
SMD100,2025Q3,0.14
SMD100,2025Q2,-0.07
SMD100,2025Q1,-0.13
SMD100,2024Q3,0.14
SMD100,2024Q2,0.03
SMIT,2025Q3,0.09
SMIT,2025Q2,0.07
SMIT,2025Q1,0.08
SMIT,2024Q3,0.08
SMIT,2024Q2,0.06
SMO,2025Q3,0.14518
SMO,2025Q2,0.691617
SMO,2024Q3,0.193227
SMO,2024Q2,0.207345
SMPC,2025Q3,0.24
SMPC,2025Q2,0.39
SMPC,2025Q1,0.27
SMPC,2024Q3,0.19
SMPC,2024Q2,0.37
SMT,2025Q3,-0.06
SMT,2025Q2,-0.055
SMT,2025Q1,0.05
SMT,2024Q3,-0.09
SMT,2024Q2,-0.076
SNC,2025Q3,0.43
SNC,2025Q2,0.14
SNC,2025Q1,1.06
SNC,2024Q3,-0.3
SNC,2024Q2,0.02
SNNP,2025Q3,0.14
SNNP,2025Q2,0.14
SNNP,2025Q1,0.18
SNNP,2024Q3,0.17
SNNP,2024Q2,0.17
SNP,2025Q3,0.16
SNP,2025Q2,0.07
SNP,2025Q1,0.09
SNP,2024Q3,0.23
SNP,2024Q2,0.17
SNPS,2025Q3,0.07
SNPS,2025Q2,0.07
SNPS,2025Q1,0.05
SNPS,2024Q3,0.05823
SNPS,2024Q2,0.050849
SO,2025Q3,0.09
SO,2025Q2,0.18
SO,2025Q1,0.11
SO,2024Q3,0.09
SO,2024Q2,0.05
SOLAR,2025Q3,-0.0354
SOLAR,2025Q2,-0.04
SOLAR,2025Q1,-0.0625
SOLAR,2024Q3,0.0929
SOLAR,2024Q2,-0.05
SONIC,2025Q3,0.044
SONIC,2025Q2,0.034
SONIC,2025Q1,0.042
SONIC,2024Q3,0.045
SONIC,2024Q2,0.055
SORKON,2025Q3,-0.0472
SORKON,2025Q2,0.1168
SORKON,2025Q1,0.178
SORKON,2024Q3,0.1056
SORKON,2024Q2,0.1623
SPA,2025Q3,0.036
SPA,2025Q2,0.028
SPA,2025Q1,0.04
SPA,2024Q3,0.064
SPA,2024Q2,0.048
SPACK,2025Q3,0.047
SPACK,2025Q2,0.003
SPACK,2025Q1,0.03
SPACK,2024Q3,0.088
SPACK,2024Q2,0.043
SPALI,2025Q3,0.62
SPALI,2025Q2,0.57
SPALI,2025Q1,0.21
SPALI,2024Q3,1.02
SPALI,2024Q2,0.82
SPC,2025Q3,-0.33
SPC,2025Q2,2.51
SPC,2025Q1,2.04
SPC,2024Q3,1.3
SPC,2024Q2,3.2
SPCG,2025Q3,0.07
SPCG,2025Q2,0.09
SPCG,2025Q1,0.13
SPCG,2024Q3,0.06
SPCG,2024Q2,0.16
SPG,2025Q3,0.14
SPG,2025Q2,0.28
SPG,2025Q1,0.28
SPG,2024Q3,0.15
SPG,2024Q2,0.19
SPI,2025Q3,0.4
SPI,2025Q2,0.45
SPI,2025Q1,1.56
SPI,2024Q3,0.58
SPI,2024Q2,1.79
SPRC,2025Q3,0.36
SPRC,2025Q2,-0.19
SPRC,2025Q1,0.16
SPRC,2024Q3,-0.51
SPRC,2024Q2,0.08
SPREME,2025Q3,0.03
SPREME,2025Q2,0.04
SPREME,2025Q1,0.03
SPREME,2024Q3,0.09
SPREME,2024Q2,0.04
SPRIME,2025Q3,0.135675
SPRIME,2025Q2,0.127409
SPRIME,2025Q1,0.130854
SPRIME,2024Q3,0.146849
SPRIME,2024Q2,0.13711
SPVI,2025Q3,0.08
SPVI,2025Q2,0.05
SPVI,2025Q1,0.05
SPVI,2024Q3,0.01
SPVI,2024Q2,0.04
SQ,2025Q3,-0.09
SQ,2025Q2,-0.05
SQ,2025Q1,0.01
SQ,2024Q3,-0.11
SQ,2024Q2,-0.02
SR,2025Q3,-0.0204
SR,2025Q2,-0.0222
SR,2025Q1,-0.0201
SR,2024Q3,-0.0054
SR,2024Q2,0.0307
SRICHA,2025Q3,1.29
SRICHA,2025Q2,-0.01
SRICHA,2025Q1,-0.26
SRICHA,2024Q3,-2.4
SRICHA,2024Q2,-0.4
SRIPANWA,2025Q3,0.22181
SRIPANWA,2025Q2,0.206225
SRIPANWA,2025Q1,0.208325
SRIPANWA,2024Q3,0.312505
SRIPANWA,2024Q2,-0.427225
SRS,2025Q3,0.02
SRS,2025Q2,0.01
SRS,2025Q1,-0.14
SRS,2024Q3,0.08
SRS,2024Q2,0.11
SSF,2025Q3,0.13
SSF,2025Q2,0.22
SSF,2025Q1,0.12
SSF,2024Q3,0.17
SSF,2024Q2,0.18
SSP,2025Q3,0.0895
SSP,2025Q2,-0.011
SSP,2025Q1,0.1866
SSP,2024Q3,0.0885
SSP,2024Q2,0.0951
SSSC,2025Q3,0.08
SSSC,2025Q2,0.05
SSSC,2025Q1,0.09
SSSC,2024Q3,0.11
SSSC,2024Q2,0.06
SST,2025Q3,-0.3
SST,2025Q2,-0.149
SST,2025Q1,-0.06
SST,2024Q3,-0.18
SST,2024Q2,-0.095
SSTRT,2025Q3,0.15525
SSTRT,2025Q2,0.05209
SSTRT,2025Q1,0.151201
SSTRT,2024Q3,0.152556
SSTRT,2024Q2,0.034559
STA,2025Q3,-0.55
STA,2025Q2,-0.51
STA,2025Q1,0.45
STA,2024Q3,0.34
STA,2024Q2,0.41
STANLY,2025Q2,4.82
STANLY,2024Q4,4.05
STANLY,2024Q3,4.27
STANLY,2024Q2,4.02
STARM,2025Q3,0.02
STARM,2025Q2,0.03
STARM,2025Q1,0.02
STARM,2024Q3,0.02
STARM,2024Q2,0.02
STC,2025Q3,-0.0029
STC,2025Q2,-0.0089
STC,2025Q1,0.002
STC,2024Q3,0.0114
STC,2024Q2,0.0029
STECH,2025Q3,0.03
STECH,2025Q2,0.04
STECH,2025Q1,0.1
STECH,2024Q3,0.05
STECH,2024Q2,0.04
STECON,2025Q3,0.11
STECON,2025Q2,0.34
STECON,2025Q1,0.22
STECON,2024Q3,-0.101519
STECON,2024Q2,0.015983
STELLA,2025Q3,-0.013
STELLA,2025Q2,-0.007
STELLA,2025Q1,-0.015
STELLA,2024Q3,-0.007
STELLA,2024Q2,-0.02
STGT,2025Q3,-0.04
STGT,2025Q2,0.03
STGT,2025Q1,0.15
STGT,2024Q3,-0.03
STGT,2024Q2,0.13
STI,2025Q2,0.01
STI,2025Q1,0.01
STI,2024Q4,0.01
STI,2024Q2,0.02
STI,2024Q1,0.020274
STOWER,2025Q3,-0.006819
STOWER,2025Q2,-0.0035
STOWER,2025Q1,-0.0039
STOWER,2024Q3,0.0003
STOWER,2024Q2,-0.0079
STP,2025Q3,0.37
STP,2025Q2,0.49
STP,2025Q1,0.44
STP,2024Q3,0.4
STP,2024Q2,0.36
STPI,2025Q3,0.042
STPI,2025Q2,0.046
STPI,2025Q1,0.07
STPI,2024Q3,-0.142
STPI,2024Q2,0.019
STX,2025Q3,0.03
STX,2025Q2,0.01
STX,2025Q1,0.13
STX,2024Q3,0.06
STX,2024Q2,0.05
SUC,2025Q3,0.48
SUC,2025Q2,3.22
SUC,2025Q1,0.96
SUC,2024Q3,1.19
SUC,2024Q2,1.85
SUN,2025Q3,0.03
SUN,2025Q2,0.11
SUN,2025Q1,0.06
SUN,2024Q3,0.18
SUN,2024Q2,0.08
SUPER,2025Q3,-0.0166
SUPER,2025Q2,-0.0262
SUPER,2025Q1,0.0059
SUPER,2024Q3,0.0781
SUPER,2024Q2,-0.0112
SUSCO,2025Q3,0.01
SUSCO,2025Q2,0.01
SUSCO,2025Q1,0.09
SUSCO,2024Q3,0.06
SUSCO,2024Q2,0.05
SUTHA,2025Q3,-0.02
SUTHA,2025Q2,0.05
SUTHA,2025Q1,0.08
SUTHA,2024Q3,0.03
SUTHA,2024Q2,0.05
SVI,2025Q3,0.13
SVI,2025Q2,0.04
SVI,2025Q1,0.07
SVI,2024Q3,0.08
SVI,2024Q2,0.27
SVOA,2025Q3,0.064
SVOA,2025Q2,0.038
SVOA,2025Q1,0.051
SVOA,2024Q3,-0.103
SVOA,2024Q2,0.018
SVR,2025Q3,-0.02
SVR,2025Q2,-0.03
SVR,2025Q1,-0.01
SVR,2024Q3,-0.01
SVR,2024Q2,0.04
SVT,2025Q3,0.04
SVT,2025Q2,0.03
SVT,2025Q1,0.03
SVT,2024Q3,0.03
SVT,2024Q2,0.04
SWC,2025Q3,0.11
SWC,2025Q2,0.07
SWC,2025Q1,0.055473
SWC,2024Q3,0.07
SWC,2024Q2,0.06
SYMC,2025Q3,0.08
SYMC,2025Q2,0.09
SYMC,2025Q1,0.12
SYMC,2024Q3,0.07
SYMC,2024Q2,0.16
SYNEX,2025Q3,0.23
SYNEX,2025Q2,0.22
SYNEX,2025Q1,0.22
SYNEX,2024Q3,0.2
SYNEX,2024Q2,0.19
SYNTEC,2025Q3,0.07
SYNTEC,2025Q2,0.08
SYNTEC,2025Q1,0.1
SYNTEC,2024Q3,0.08
SYNTEC,2024Q2,0.11
TACC,2025Q3,0.15
TACC,2025Q2,0.13
TACC,2025Q1,0.12
TACC,2024Q3,0.1
TACC,2024Q2,0.11
TAE,2025Q3,-0.007
TAE,2025Q2,-0.023
TAE,2025Q1,-0.001
TAE,2024Q3,0.009
TAE,2024Q2,0.025
TAKUNI,2025Q3,-0.274
TAKUNI,2025Q2,-0.028
TAKUNI,2025Q1,-0.034
TAKUNI,2024Q3,-0.104
TAKUNI,2024Q2,0.018
TAN,2025Q3,0.04
TAN,2025Q2,-0.04
TAN,2025Q1,0.13
TAN,2024Q3,0.09
TAN,2024Q2,0.063653
TASCO,2025Q3,0.11
TASCO,2025Q2,0.25
TASCO,2025Q1,0.282
TASCO,2024Q3,0.47
TASCO,2024Q2,0.06
TATG,2025Q3,0.05
TATG,2025Q2,0.07
TATG,2025Q1,0.033215
TATG,2024Q3,0.01657
TATG,2024Q2,0.08758
TBN,2025Q3,0.04
TBN,2025Q2,0.01
TBN,2025Q1,0.09
TBN,2024Q3,0.13
TBN,2024Q2,0.14
TC,2025Q3,0.16
TC,2025Q2,0.14
TC,2025Q1,0.19
TC,2024Q3,0.17
TC,2024Q2,0.39
TCAP,2025Q3,1.98
TCAP,2025Q2,1.97
TCAP,2025Q1,1.63
TCAP,2024Q3,1.57
TCAP,2024Q2,1.78
TCC,2025Q3,0.0035
TCC,2025Q2,0.0023
TCC,2025Q1,0.0073
TCC,2024Q3,0.0022
TCC,2024Q2,-0.0013
TCJ,2025Q3,-0.04
TCJ,2025Q2,-0.05
TCJ,2025Q1,-0.15
TCJ,2024Q3,0.09
TCJ,2024Q2,-0.07
TCMC,2025Q3,-0.76
TCMC,2025Q2,-0.27
TCMC,2025Q1,-0.09
TCMC,2024Q3,-0.06
TCMC,2024Q2,-0.13
TCOAT,2025Q3,0.34
TCOAT,2025Q2,0.47
TCOAT,2025Q1,-0.29
TCOAT,2024Q3,0.36
TCOAT,2024Q2,0.3
TEAM,2025Q3,0.061
TEAM,2025Q2,0.046
TEAM,2025Q1,0.073
TEAM,2024Q3,0.024
TEAM,2024Q2,0.082
TEAMG,2025Q3,0.06
TEAMG,2025Q2,0.06
TEAMG,2025Q1,0.06
TEAMG,2024Q3,0.03
TEAMG,2024Q2,0.03
TEGH,2025Q3,0.047
TEGH,2025Q2,0.196
TEGH,2025Q1,0.163
TEGH,2024Q3,0.203
TEGH,2024Q2,0.093
TEKA,2025Q3,0.1
TEKA,2025Q2,0.07
TEKA,2025Q1,0.01
TEKA,2024Q3,0.06
TEKA,2024Q2,0.16
TERA,2025Q3,0.05
TERA,2025Q2,0.0
TERA,2025Q1,0.0
TERA,2024Q3,0.04
TERA,2024Q2,0.03
TFG,2025Q3,0.29
TFG,2025Q2,0.44
TFG,2025Q1,0.35
TFG,2024Q3,0.22
TFG,2024Q2,0.14
TFI,2025Q3,-0.003
TFI,2025Q2,-0.003
TFI,2025Q1,-0.004
TFI,2024Q3,-0.004
TFI,2024Q2,-0.005
TFM,2025Q2,0.19
TFM,2025Q1,0.065
TFM,2024Q3,0.15
TFM,2024Q2,0.13
TFM,2024Q1,0.05
TFMAMA,2025Q3,2.59
TFMAMA,2025Q2,2.84
TFMAMA,2025Q1,2.98
TFMAMA,2024Q3,3.18
TFMAMA,2024Q2,3.32
TGE,2025Q3,0.02
TGE,2025Q2,0.03
TGE,2025Q1,0.02
TGE,2024Q3,0.03
TGE,2024Q2,0.03
TGH,2025Q3,0.77
TGH,2025Q2,0.56
TGH,2025Q1,0.13
TGH,2024Q3,0.24
TGH,2024Q2,0.24
TGPRO,2025Q3,-0.0075
TGPRO,2025Q2,-0.004
TGPRO,2025Q1,-0.0063
TGPRO,2024Q3,-0.0031
TGPRO,2024Q2,-0.0095
TH,2025Q3,0.03
TH,2025Q2,-0.0518
TH,2025Q1,0.0
TH,2024Q3,0.047
TH,2024Q2,0.0125
THAI,2025Q3,0.16
THAI,2025Q2,0.43
THAI,2025Q1,0.35
THAI,2024Q3,5.72
THAI,2024Q2,0.14
THANA,2025Q3,-0.01
THANA,2025Q2,0.02
THANA,2025Q1,-0.05
THANA,2024Q3,0.01
THANA,2024Q2,0.08
THANI,2025Q3,0.05
THANI,2025Q2,0.04
THANI,2025Q1,0.04
THANI,2024Q3,0.01
THANI,2024Q2,0.04
THCOM,2025Q2,-0.19
THCOM,2025Q1,0.11
THCOM,2024Q3,-0.513
THCOM,2024Q2,0.06
THCOM,2024Q1,0.26
THE,2025Q3,-0.01
THE,2025Q2,0.01
THE,2025Q1,-0.02
THE,2024Q3,-0.03
THE,2024Q2,0.01
THG,2025Q3,0.0
THG,2025Q2,-0.008829
THG,2025Q1,0.017659
THG,2024Q3,-0.39
THG,2024Q2,0.044147
THIP,2025Q3,0.2
THIP,2025Q2,0.67
THIP,2025Q1,0.97
THIP,2024Q3,0.69
THIP,2024Q2,0.99
THMUI,2025Q3,0.0082
THMUI,2025Q2,1e-05
THMUI,2025Q1,-0.006
THMUI,2024Q3,-0.0042
THMUI,2024Q2,-0.02014
THRE,2025Q3,0.011
THRE,2025Q2,0.018
THRE,2025Q1,-0.009
THRE,2024Q3,0.005
THRE,2024Q2,0.024
THREL,2025Q3,0.01
THREL,2025Q2,0.02
THREL,2025Q1,-0.16
THREL,2024Q3,-0.14
THREL,2024Q2,-0.1
TIDLOR,2025Q3,0.48
TIDLOR,2025Q2,0.45
TIDLOR,2025Q1,-0.004448
TIDLOR,2024Q3,0.00034
TIDLOR,2024Q2,0.000375
TIF1,2025Q3,0.155811
TIF1,2025Q2,0.147389
TIF1,2024Q4,0.166044
TIF1,2024Q3,0.1035
TIF1,2024Q2,0.112078
TIGER,2025Q3,-0.079
TIGER,2025Q2,-0.001
TIGER,2025Q1,-0.006
TIGER,2024Q3,0.017
TIGER,2024Q2,-0.02
TIPCO,2025Q3,0.05
TIPCO,2025Q2,0.179
TIPCO,2025Q1,0.23
TIPCO,2024Q3,-0.06
TIPCO,2024Q2,-0.071
TIPH,2025Q3,0.25
TIPH,2025Q2,0.44
TIPH,2025Q1,0.48
TIPH,2024Q3,0.44
TIPH,2024Q2,0.32
TISCO,2025Q3,2.16
TISCO,2025Q2,2.05
TISCO,2025Q1,2.05
TISCO,2024Q3,2.14
TISCO,2024Q2,2.19
TITLE,2025Q3,0.39
TITLE,2025Q2,0.01
TITLE,2025Q1,-0.04
TITLE,2024Q3,0.06
TITLE,2024Q2,0.01
TK,2025Q3,0.016
TK,2025Q2,0.077
TK,2025Q1,0.105
TK,2024Q3,-0.011
TK,2024Q2,0.013
TKC,2025Q3,0.14
TKC,2025Q2,0.05
TKC,2025Q1,0.13
TKC,2024Q3,0.13
TKC,2024Q2,0.21
TKN,2025Q3,0.08
TKN,2025Q2,0.06
TKN,2025Q1,0.07
TKN,2024Q3,0.1
TKN,2024Q2,0.19
TKS,2025Q3,0.17
TKS,2025Q2,0.02
TKS,2025Q1,0.15
TKS,2024Q3,0.15
TKS,2024Q2,-0.29
TKT,2025Q3,0.0068
TKT,2025Q2,-0.0018
TKT,2025Q1,0.015
TKT,2024Q3,0.0135
TKT,2024Q2,0.0001
TL,2025Q3,0.0137
TL,2025Q2,-0.0071
TL,2025Q1,-0.0196
TL,2024Q3,0.0045
TL,2024Q2,-0.0044
TLHPF,2025Q3,-0.0249709302325581
TLHPF,2025Q2,0.0253255813953488
TLHPF,2025Q1,0.2584476744186046
TLHPF,2024Q4,1.7704846531395346
TLHPF,2024Q3,-0.017313953488372
TLI,2025Q3,0.26
TLI,2025Q2,0.32
TLI,2025Q1,0.23
TLI,2024Q3,0.28
TLI,2024Q2,0.25
TM,2025Q3,0.027
TM,2025Q2,0.022
TM,2025Q1,0.021
TM,2024Q3,-0.022
TM,2024Q2,-0.0231
TMAN,2025Q3,0.28
TMAN,2025Q2,0.27
TMAN,2025Q1,0.3
TMAN,2024Q3,0.260503
TMAN,2024Q2,0.31
TMC,2025Q3,-0.001
TMC,2025Q2,-0.039
TMC,2025Q1,-0.017
TMC,2024Q3,-0.059
TMC,2024Q2,0.002
TMD,2025Q3,0.59
TMD,2025Q2,0.64
TMD,2025Q1,0.67
TMD,2024Q3,0.59
TMD,2024Q2,0.57
TMI,2025Q3,0.005
TMI,2025Q2,0.009
TMI,2025Q1,0.017
TMI,2024Q3,0.002
TMI,2024Q2,0.001
TMILL,2025Q3,0.04
TMILL,2025Q2,0.01
TMILL,2025Q1,0.03
TMILL,2024Q3,0.02
TMILL,2024Q2,0.01
TMT,2025Q3,0.01
TMT,2025Q2,0.03
TMT,2025Q1,0.07
TMT,2024Q3,-0.16
TMT,2024Q2,0.05
TMW,2025Q3,4.2
TMW,2025Q2,3.88
TMW,2024Q4,3.29
TMW,2024Q3,3.44
TMW,2024Q2,3.36
TNDT,2025Q3,0.0008
TNDT,2025Q2,-0.0105
TNDT,2025Q1,-0.0074
TNDT,2024Q3,-0.0892
TNDT,2024Q2,-0.0081
TNH,2025Q4,0.53
TNH,2025Q2,0.49
TNH,2025Q1,0.58
TNH,2024Q4,0.62
TNH,2024Q2,0.49
TNITY,2025Q3,-0.03
TNITY,2025Q2,-0.108
TNITY,2025Q1,0.04
TNITY,2024Q3,-0.04
TNITY,2024Q2,0.003
TNL,2025Q3,0.52
TNL,2025Q2,0.22
TNL,2025Q1,0.41
TNL,2024Q3,0.25
TNL,2024Q2,0.43
TNP,2025Q3,0.06
TNP,2025Q2,0.063
TNP,2025Q1,0.063
TNP,2024Q3,0.059
TNP,2024Q2,0.053
TNPC,2025Q3,-0.27
TNPC,2025Q2,-0.09
TNPC,2025Q1,-0.03
TNPC,2024Q3,-0.12
TNPC,2024Q2,-0.08
TNR,2025Q3,0.16
TNR,2025Q2,0.14
TNR,2025Q1,0.14
TNR,2024Q3,0.06
TNR,2024Q2,1.18
TOA,2025Q3,0.35
TOA,2025Q2,0.34
TOA,2025Q1,0.37
TOA,2024Q3,0.09
TOA,2024Q2,0.24
TOG,2025Q3,0.17
TOG,2025Q2,0.09
TOG,2025Q1,0.21
TOG,2024Q3,0.14
TOG,2024Q2,0.25
TOP,2025Q3,0.96
TOP,2025Q2,2.9
TOP,2025Q1,1.57
TOP,2024Q3,-1.89
TOP,2024Q2,2.48
TOPP,2025Q3,5.94
TOPP,2025Q2,2.86
TOPP,2025Q1,5.61
TOPP,2024Q3,4.03
TOPP,2024Q2,4.21
TPA,2025Q3,0.004
TPA,2025Q2,-0.094
TPA,2025Q1,-0.031
TPA,2024Q3,-0.139
TPA,2024Q2,-0.002
TPAC,2025Q3,0.37
TPAC,2025Q2,0.27
TPAC,2025Q1,0.37
TPAC,2024Q3,0.3
TPAC,2024Q2,0.33
TPBI,2025Q3,0.112
TPBI,2025Q2,0.109
TPBI,2025Q1,0.139
TPBI,2024Q3,0.099
TPBI,2024Q2,0.17
TPCH,2025Q3,-0.81
TPCH,2025Q2,0.08
TPCH,2025Q1,0.16
TPCH,2024Q3,0.17
TPCH,2024Q2,0.21
TPCS,2025Q3,0.28
TPCS,2025Q2,0.34
TPCS,2025Q1,0.25
TPCS,2024Q3,0.24
TPCS,2024Q2,-0.28
TPIPL,2025Q3,0.015
TPIPL,2025Q2,0.03
TPIPL,2025Q1,0.038
TPIPL,2024Q3,-0.021
TPIPL,2024Q2,0.032
TPIPP,2025Q3,0.059
TPIPP,2025Q2,0.056
TPIPP,2025Q1,0.115
TPIPP,2024Q3,0.099
TPIPP,2024Q2,0.102
TPL,2025Q3,-0.043
TPL,2025Q2,-0.0003
TPL,2025Q1,-0.004
TPL,2024Q3,-0.004
TPL,2024Q2,-0.008
TPLAS,2025Q3,0.008
TPLAS,2025Q2,0.002
TPLAS,2025Q1,0.01
TPLAS,2024Q3,0.007
TPLAS,2024Q2,0.005
TPOLY,2025Q3,-0.2
TPOLY,2025Q2,-0.25
TPOLY,2025Q1,-0.08
TPOLY,2024Q3,0.05
TPOLY,2024Q2,-0.01
TPP,2025Q3,0.512
TPP,2025Q2,0.166
TPP,2025Q1,0.216
TPP,2024Q3,0.355
TPP,2024Q2,0.178
TPRIME,2025Q3,0.183012
TPRIME,2025Q2,0.160674
TPRIME,2025Q1,-0.107293
TPRIME,2024Q3,0.170174
TPRIME,2024Q2,0.163786
TPS,2025Q3,0.0941
TPS,2025Q2,0.0898
TPS,2025Q1,0.0526
TPS,2024Q3,0.06
TPS,2024Q2,0.0788
TQM,2025Q3,0.27
TQM,2025Q2,0.27
TQM,2025Q1,0.38
TQM,2024Q3,0.36
TQM,2024Q2,0.33
TQR,2025Q3,0.1
TQR,2025Q2,0.09
TQR,2025Q1,0.15
TQR,2024Q3,0.1
TQR,2024Q2,0.1
TR,2025Q3,-0.68
TR,2025Q2,-3.49
TR,2024Q4,3.09
TR,2024Q3,-6.83
TR,2024Q2,3.84
TRC,2025Q3,-0.0817
TRC,2025Q2,-0.0562
TRC,2025Q1,-0.0246
TRC,2024Q3,-0.0481
TRC,2024Q2,-0.1358
TRITN,2025Q3,0.0002
TRITN,2025Q2,0.0028
TRITN,2025Q1,-0.0018
TRITN,2024Q3,-0.0111
TRITN,2024Q2,-0.034003
TRP,2025Q3,0.05
TRP,2025Q2,0.05
TRP,2025Q1,0.06
TRP,2024Q3,0.11
TRP,2024Q2,0.07
TRT,2025Q3,0.0138
TRT,2025Q2,0.11
TRT,2025Q1,0.15
TRT,2024Q3,0.3109
TRT,2024Q2,0.17
TRU,2025Q3,0.08
TRU,2025Q2,0.12
TRU,2025Q1,0.11
TRU,2024Q3,0.11
TRU,2024Q2,0.06
TRUBB,2025Q3,-0.04
TRUBB,2025Q2,-0.1
TRUBB,2025Q1,-0.02
TRUBB,2024Q3,-0.09
TRUBB,2024Q2,-0.03
TRUE,2025Q2,0.059
TRUE,2025Q1,0.05
TRUE,2024Q3,-0.02
TRUE,2024Q2,-0.054
TRUE,2024Q1,-0.02
TRV,2025Q3,-0.0064
TRV,2025Q2,0.0017
TRV,2025Q1,0.0156
TRV,2024Q3,-0.0028
TRV,2024Q2,-0.0173
TSC,2025Q2,0.36
TSC,2025Q1,0.37
TSC,2024Q4,0.29
TSC,2024Q2,0.32
TSC,2024Q1,0.34
TSE,2025Q3,0.01
TSE,2025Q2,0.006
TSE,2025Q1,0.03
TSE,2024Q3,0.03
TSE,2024Q2,0.041
TSI,2025Q3,-0.0009
TSI,2025Q2,-0.0039
TSI,2025Q1,0.0008
TSI,2024Q3,0.0054
TSI,2024Q2,-0.0164
TSR,2025Q3,-0.14
TSR,2025Q2,-0.14
TSR,2025Q1,-0.12
TSR,2024Q3,-0.46
TSR,2024Q2,-0.47
TSTE,2025Q3,0.09
TSTE,2025Q2,0.1
TSTE,2025Q1,0.11
TSTE,2024Q3,0.07
TSTE,2024Q2,0.09
TSTH,2025Q2,0.04
TSTH,2024Q4,0.03
TSTH,2024Q3,-0.02
TSTH,2024Q2,0.01
TTA,2025Q3,0.28
TTA,2025Q2,0.05
TTA,2025Q1,0.47
TTA,2024Q3,-0.6
TTA,2024Q2,0.24
TTB,2025Q3,0.06
TTB,2025Q2,0.05
TTB,2025Q1,0.05
TTB,2024Q3,0.05
TTB,2024Q2,0.06
TTCL,2025Q3,-4.76
TTCL,2025Q2,-2.76
TTCL,2025Q1,-0.15
TTCL,2024Q3,0.06
TTCL,2024Q2,0.0
TTI,2025Q3,-0.47
TTI,2025Q2,-0.44
TTI,2025Q1,0.46
TTI,2024Q3,-0.52
TTI,2024Q2,-0.39
TTT,2025Q3,0.94
TTT,2025Q2,-1.42
TTT,2024Q4,0.59
TTT,2024Q3,1.9
TTT,2024Q2,2.58
TTW,2025Q3,0.24
TTW,2025Q2,0.2
TTW,2025Q1,0.17
TTW,2024Q3,0.23
TTW,2024Q2,0.16
TU,2025Q2,0.32
TU,2025Q1,0.24
TU,2024Q3,0.3
TU,2024Q2,0.27
TU,2024Q1,0.24
TU-PF,2025Q3,0.045572
TU-PF,2025Q2,0.080145
TU-PF,2025Q1,0.06333
TU-PF,2024Q3,0.046115
TU-PF,2024Q2,0.065675
TURBO,2025Q3,0.056
TURBO,2024Q3,0.011819
TURBO,2024Q2,0.002889
TURTLE,2024Q4,-0.04
TURTLE,2024Q3,-0.05
TURTLE,2024Q2,-0.04
TURTLE,2024Q1,-0.06
TVDH,2025Q3,-0.0236
TVDH,2025Q2,-0.0164
TVDH,2025Q1,-0.009335
TVDH,2024Q3,0.0055
TVDH,2024Q2,0.0073
TVH,2025Q3,0.613
TVH,2025Q2,0.46
TVH,2025Q1,0.222
TVH,2024Q3,0.27
TVH,2024Q2,0.336
TVO,2025Q3,0.55
TVO,2025Q2,0.73
TVO,2025Q1,0.6
TVO,2024Q3,0.49
TVO,2024Q2,0.62
TVT,2025Q3,-0.0033
TVT,2025Q2,-0.0063
TVT,2025Q1,-0.0112
TVT,2024Q3,-0.0048
TVT,2024Q2,0.0038
TWP,2025Q3,0.1003
TWP,2025Q2,-0.0001
TWP,2025Q1,-0.018889
TWP,2024Q3,-0.1744
TWP,2024Q2,-0.1571
TWPC,2025Q3,0.02
TWPC,2025Q2,0.08
TWPC,2025Q1,0.08
TWPC,2024Q3,-0.08
TWPC,2024Q2,-0.07
TWZ,2025Q3,-0.01664
TWZ,2025Q2,0.00037
TWZ,2025Q1,-5e-05
TWZ,2024Q3,-0.0017
TWZ,2024Q2,0.00047
TYCN,2025Q3,0.11
TYCN,2025Q2,0.06
TYCN,2025Q1,0.04
TYCN,2024Q3,-0.31
TYCN,2024Q2,-0.07
UAC,2025Q3,-0.02
UAC,2025Q2,0.04
UAC,2025Q1,0.07
UAC,2024Q3,-0.04
UAC,2024Q2,0.05
UBA,2025Q3,0.03
UBA,2025Q2,0.02
UBA,2025Q1,0.01
UBA,2024Q3,0.04
UBA,2024Q2,0.03
UBE,2025Q3,0.003
UBE,2025Q2,-0.033
UBE,2025Q1,0.015
UBE,2024Q3,0.025
UBE,2024Q2,0.011
UBIS,2025Q3,0.02
UBIS,2025Q2,-0.04
UBIS,2025Q1,0.01
UBIS,2024Q3,-0.08
UBIS,2024Q2,0.02
UEC,2025Q3,-0.064
UEC,2025Q2,-0.031
UEC,2025Q1,0.01
UEC,2024Q3,-0.039
UEC,2024Q2,-0.005
UKEM,2025Q3,0.024
UKEM,2025Q2,0.014
UKEM,2025Q1,0.014
UKEM,2024Q3,-0.007
UKEM,2024Q2,-0.007
UMI,2025Q3,0.025
UMI,2025Q2,0.032
UMI,2025Q1,0.014
UMI,2024Q3,0.017
UMI,2024Q2,0.004
UMS,2025Q3,-0.011
UMS,2025Q2,0.098
UMS,2025Q1,-0.0116
UMS,2024Q3,-0.01
UMS,2024Q2,-0.015
UNIQ,2025Q3,0.049633
UNIQ,2025Q2,0.782
UNIQ,2025Q1,0.031629
UNIQ,2024Q3,0.05
UNIQ,2024Q2,0.037
UOBKH,2025Q3,0.01
UOBKH,2025Q2,-0.02
UOBKH,2025Q1,0.03
UOBKH,2024Q3,0.04
UOBKH,2024Q2,-0.02
UP,2025Q3,-0.241
UP,2025Q2,-0.1537
UP,2025Q1,2.7181
UP,2024Q3,-0.0385
UP,2024Q2,-0.1105
UPF,2025Q3,-0.01
UPF,2025Q2,-1.1
UPF,2025Q1,-0.54
UPF,2024Q3,-0.02
UPF,2024Q2,0.27
UPOIC,2025Q3,0.2
UPOIC,2025Q2,0.09
UPOIC,2025Q1,0.11
UPOIC,2024Q3,0.19
UPOIC,2024Q2,0.0
UREKA,2025Q3,-0.001
UREKA,2025Q2,0.002
UREKA,2025Q1,5e-05
UREKA,2024Q3,-0.002
UREKA,2024Q2,0.011
UTP,2025Q3,0.19
UTP,2025Q2,0.21
UTP,2025Q1,0.21
UTP,2024Q3,0.17
UTP,2024Q2,0.31
UV,2025Q2,-0.02
UV,2025Q1,-0.027
UV,2024Q4,0.041
UV,2024Q2,0.031
UV,2024Q1,-0.021
UVAN,2025Q3,0.54
UVAN,2025Q2,0.99
UVAN,2025Q1,0.1
UVAN,2024Q3,0.44
UVAN,2024Q2,0.71
VARO,2025Q3,-0.18
VARO,2025Q2,0.0
VARO,2025Q1,0.65
VARO,2024Q3,0.3
VARO,2024Q2,0.27
VCOM,2025Q3,0.07
VCOM,2025Q2,0.11
VCOM,2025Q1,0.11
VCOM,2024Q3,0.05
VCOM,2024Q2,0.09
VGI,2025Q3,0.004
VGI,2025Q2,0.002
VGI,2024Q4,0.02
VGI,2024Q3,0.007
VGI,2024Q2,0.006
VIBHA,2025Q3,0.0168
VIBHA,2025Q2,0.016
VIBHA,2025Q1,0.0019
VIBHA,2024Q3,0.0268
VIBHA,2024Q2,0.0104
VIH,2025Q3,0.2093
VIH,2025Q2,0.1591
VIH,2025Q1,0.1619
VIH,2024Q3,0.1518
VIH,2024Q2,0.1341
VL,2025Q3,0.014
VL,2025Q2,0.0037
VL,2025Q1,0.0042
VL,2024Q3,0.055
VL,2024Q2,-0.0011
VNG,2025Q3,-0.09
VNG,2025Q2,-0.02
VNG,2025Q1,-0.02
VNG,2024Q3,0.1
VNG,2024Q2,0.12
VPO,2025Q3,-0.002
VPO,2025Q2,0.13
VPO,2025Q1,-0.05
VPO,2024Q3,0.076
VPO,2024Q2,0.09
VRANDA,2025Q3,0.01
VRANDA,2025Q2,0.037
VRANDA,2025Q1,0.134
VRANDA,2024Q3,0.02
VRANDA,2024Q2,0.002
VS,2025Q3,-0.012
VS,2025Q2,-0.023
VS,2025Q1,-0.022716
VS,2024Q3,-0.02796
VS,2024Q2,-0.031695
WACOAL,2025Q3,-0.8
WACOAL,2025Q2,-0.54
WACOAL,2025Q1,-0.46
WACOAL,2024Q3,-0.35
WACOAL,2024Q2,0.2
WARRIX,2025Q3,0.03
WARRIX,2025Q2,-0.04
WARRIX,2025Q1,0.003
WARRIX,2024Q3,0.09
WARRIX,2024Q2,0.03
WAVE,2025Q3,0.007
WAVE,2025Q2,0.0166
WAVE,2025Q1,-0.0001
WAVE,2024Q3,0.002
WAVE,2024Q2,0.0004
WELL,2025Q3,0.004423
WELL,2025Q2,0.013268
WELL,2025Q1,0.003538
WELL,2024Q3,0.007961
WELL,2024Q2,-0.005307
WFX,2025Q3,-0.03
WFX,2025Q2,-0.11
WFX,2025Q1,-0.01
WFX,2024Q3,-0.1
WFX,2024Q2,-0.06
WGE,2025Q3,0.0301
WGE,2025Q2,0.0759
WGE,2025Q1,0.0764
WGE,2024Q3,-0.0473
WGE,2024Q2,0.0431
WHA,2025Q3,0.0424
WHA,2025Q2,0.0656
WHA,2025Q1,0.1389
WHA,2024Q3,0.0307
WHA,2024Q2,0.0862
WHABT,2025Q3,0.101338
WHABT,2025Q2,0.110676
WHABT,2024Q4,0.152231
WHABT,2024Q3,0.173861
WHABT,2024Q2,0.1731
WHAIR,2025Q3,0.163318
WHAIR,2025Q2,0.16226
WHAIR,2025Q1,0.232071
WHAIR,2024Q3,0.152782
WHAIR,2024Q2,0.15027
WHART,2025Q3,0.201636
WHART,2025Q2,0.171268
WHART,2025Q1,0.191969
WHART,2024Q3,0.18791
WHART,2024Q2,0.115548
WHAUP,2025Q3,0.13
WHAUP,2025Q2,0.04
WHAUP,2025Q1,0.06
WHAUP,2024Q3,0.02
WHAUP,2024Q2,0.09
WICE,2025Q3,0.04
WICE,2025Q2,0.04
WICE,2025Q1,0.086418
WICE,2024Q3,0.03
WICE,2024Q2,0.11
WIIK,2025Q3,0.0168
WIIK,2025Q2,0.02818
WIIK,2025Q1,0.02063
WIIK,2024Q3,0.00748
WIIK,2024Q2,0.00935
WIN,2025Q3,0.0017
WIN,2025Q2,0.0001
WIN,2025Q1,0.0245
WIN,2024Q3,0.0016
WIN,2024Q2,0.0074
WINDOW,2025Q3,0.0006
WINDOW,2025Q2,0.02
WINDOW,2025Q1,0.02
WINDOW,2024Q3,-0.0047
WINDOW,2024Q2,0.03
WINMED,2025Q3,0.003
WINMED,2025Q2,0.005
WINMED,2025Q1,0.015
WINMED,2024Q3,0.026
WINMED,2024Q2,0.006
WINNER,2025Q3,0.06
WINNER,2025Q2,0.05
WINNER,2025Q1,0.06
WINNER,2024Q3,0.03
WINNER,2024Q2,0.04
WORK,2025Q3,0.08
WORK,2025Q2,0.05
WORK,2025Q1,-0.05
WORK,2024Q3,-0.04
WORK,2024Q2,0.11
WP,2025Q3,0.08
WP,2025Q2,0.06
WP,2025Q1,0.08
WP,2024Q3,0.07
WP,2024Q2,0.07
WPH,2025Q3,0.05
WPH,2025Q2,0.05
WPH,2025Q1,0.27
WPH,2024Q3,0.096154
WPH,2024Q2,0.048077
WSOL,2025Q3,-0.0464
WSOL,2025Q2,-0.112
WSOL,2025Q1,-0.5615
WSOL,2024Q3,-0.497
WSOL,2024Q2,-1.7531
XBIO,2025Q3,-0.18506
XBIO,2025Q2,-0.131138
XBIO,2025Q1,-0.098772
XBIO,2024Q3,-0.237136
XBIO,2024Q2,-0.166602
XO,2025Q3,0.31
XO,2025Q2,0.4
XO,2025Q1,0.26
XO,2024Q3,0.37
XO,2024Q2,0.58
XPG,2025Q3,0.0063
XPG,2025Q2,0.00248
XPG,2025Q1,0.0059
XPG,2024Q3,0.006
XPG,2024Q2,2e-05
XYZ,2025Q3,-0.06
XYZ,2025Q2,-0.021
XYZ,2025Q1,-0.04
XYZ,2024Q3,0.001
XYZ,2024Q2,0.018
YGG,2025Q3,-0.01
YGG,2025Q2,-0.02
YGG,2025Q1,0.01
YGG,2024Q3,-0.06
YGG,2024Q2,-0.63
YONG,2025Q3,0.01
YONG,2025Q2,0.0
YONG,2025Q1,0.01
YONG,2024Q3,0.01
YONG,2024Q2,0.02
YUASA,2025Q3,0.49
YUASA,2025Q2,0.72
YUASA,2025Q1,0.6
YUASA,2024Q3,0.26
YUASA,2024Q2,0.47
ZAA,2025Q3,-0.0394
ZAA,2025Q2,-0.0192
ZAA,2025Q1,-0.0134
ZAA,2024Q3,-0.0249
ZAA,2024Q2,-0.0253
ZEN,2025Q3,0.04
ZEN,2025Q2,0.04
ZEN,2025Q1,0.04
ZEN,2024Q3,0.08
ZEN,2024Q2,0.0
ZIGA,2025Q3,0.01
ZIGA,2025Q2,0.01
ZIGA,2025Q1,0.01
ZIGA,2024Q3,0.003
ZIGA,2024Q2,0.01
